ID_Pesanan,Waktu_Transaksi,Kategori_Menu,Harga_Pesanan,Jarak_Kirim_KM,Waktu_Tunggu_Menit,Rating_Pelanggan,Ulasan_Teks,Status_Promo,Tingkat_Keluhan,Status_Pesanan
ORD-2024-000001,3/22/2024 13:15,Kopi,9000,,27,4,Sesuai pesanan,FALSE,Tidak Ada,Selesai
ORD-2024-000002,1/14/2024 17:05,Mie,21000,3.74223844,37,,,FALSE,Tidak Ada,Selesai
ORD-2024-000003,1/4/2024 12:32,Martabak,33500,12.67714943,49,,,TRUE,Rendah,Selesai
ORD-2024-000004,1/26/2024 22:34,Kopi,13500,2.338085241,20,5,Mantap gan!,FALSE,Tidak Ada,Selesai
ORD-2024-000005,3/16/2024 11:48,Ayam,47500,0.949763606,27,4,Top bgt kualitasnya,TRUE,Rendah,Selesai
ORD-2024-000006,2/24/2024 12:13,Ayam,59500,3.452931835,13,5,Rekomendasi deh,TRUE,Tidak Ada,Selesai
ORD-2024-000007,1/12/2024 19:54,Ayam,60000,11.64387327,43,,,TRUE,Tidak Ada,Selesai
ORD-2024-000008,1/6/2024 17:07,Mie,18500,0.585177075,12,3,Lumayan,TRUE,Rendah,Selesai
ORD-2024-000009,3/11/2024 13:36,Martabak,37500,1.18356624,17,4,Top bgt kualitasnya,FALSE,Tidak Ada,Dibatalkan
ORD-2024-000010,1/6/2024 9:05,Martabak,38500,2.341878607,12,5,Top bgt kualitasnya,FALSE,Tidak Ada,Dibatalkan
ORD-2024-000011,1/13/2024 20:40,Ayam,32500,0.559764624,33,4,Akan order lg nih,FALSE,Tidak Ada,Selesai
ORD-2024-000012,2/17/2024 19:44,Mie,20000,0.5,19,5,Top bgt kualitasnya,TRUE,Rendah,Selesai
ORD-2024-000013,1/10/2024 18:34,Mie,34500,1.232864498,9,,,TRUE,Tidak Ada,Selesai
ORD-2024-000014,2/29/2024 21:14,Ayam,49000,6.015692872,21,3,Standar lah,FALSE,Rendah,Selesai
ORD-2024-000015,1/8/2024 11:51,Ayam,14500,0.5,13,4,Wow enak bgt,TRUE,Tidak Ada,Selesai
ORD-2024-000016,1/9/2024 13:13,Ayam,28000,1.680725511,22,4,Makasih ya,FALSE,Rendah,Selesai
ORD-2024-000017,3/23/2024 19:08,Ayam,47500,4.308985635,45,4,Akan order lg nih,FALSE,Tidak Ada,Selesai
ORD-2024-000018,3/9/2024 14:57,Kopi,11500,9.184500853,46,3,Gapapa,FALSE,Rendah,Selesai
ORD-2024-000019,1/29/2024 4:32,Kopi,14500,12.69573434,46,1,Kecewa bgt,FALSE,Tinggi,Refund
ORD-2024-000020,1/7/2024 4:40,Ayam,52000,1.644385311,7,5,Puas bgt,FALSE,Tidak Ada,Selesai
ORD-2024-000021,24/02/2024 20:24,Martabak,41000,9.010343549,48,3,Standar lah,TRUE,Tinggi,Selesai
ORD-2024-000022,3/8/2024 11:43,Ayam,46500,0.5,24,,,FALSE,Tidak Ada,Selesai
ORD-2024-000023,3/9/2024 20:21,Ayam,69500,4.110282149,10,5,Makasih ya,FALSE,Tidak Ada,Dibatalkan
ORD-2024-000024,1/21/2024 19:32,Kopi,22500,3.087925088,24,4,Mantap gan!,FALSE,Tidak Ada,Selesai
ORD-2024-000025,1/14/2024 9:53,Kopi,22500,0.861134257,5,5,Sesuai pesanan,TRUE,Rendah,Selesai
ORD-2024-000026,26/01/2024 12:34,Martabak,32000,2.123677079,7,4,Top bgt kualitasnya,FALSE,Tidak Ada,Selesai
ORD-2024-000027,1/1/2024 20:01,Ayam,18500,,30,4,Enak bgttt,FALSE,Tidak Ada,Selesai
ORD-2024-000028,9/2/2024 12:56,Kopi,18500,6.157748097,43,,,TRUE,Rendah,Selesai
ORD-2024-000029,1/11/2024 2:48,Kopi,21000,1.329024728,9,5,Enak bgt!!!!!!,FALSE,Tidak Ada,Selesai
ORD-2024-000030,1/17/2024 17:10,Ayam,50000,2.950855181,21,3,Lumayan,FALSE,Rendah,Dibatalkan
ORD-2024-000031,3/18/2024 18:59,Martabak,43000,0.518692936,11,5,Puas bgt,FALSE,Tidak Ada,Selesai
ORD-2024-000032,3/29/2024 13:25,Ayam,66000,0.692638357,5,4,Cepat sampai,FALSE,Tidak Ada,Selesai
ORD-2024-000033,2/26/2024 14:07,Ayam,6869500,14.46862471,59,3,Standar lah,FALSE,Rendah,Selesai
ORD-2024-000034,2/13/2024 12:37,Mie,18500,4.196150336,35,5,Wow enak bgt,FALSE,Rendah,Selesai
ORD-2024-000035,21/03/2024 11:57,Mie,37500,9.808287372,42,,,FALSE,Rendah,Selesai
ORD-2024-000036,1/10/2024 19:42,Mie,36000,1.052296596,20,3,Standar lah,TRUE,Tidak Ada,Selesai
ORD-2024-000037,1/17/2024 18:36,Ayam,52500,0.53940057,9,5,Akan order lg nih,FALSE,Tidak Ada,Selesai
ORD-2024-000038,3/1/2024 6:06,Ayam,28500,2.097909048,7,2,Lama bgt nunggunya,FALSE,Tinggi,Selesai
ORD-2024-000039,2/15/2024 20:55,Martabak,18500,2.047620595,31,,,FALSE,Tidak Ada,Selesai
ORD-2024-000040,3/24/2024 3:03,Kopi,17500,,5,,,TRUE,Tidak Ada,Selesai
ORD-2024-000041,1/14/2024 12:34,Ayam,39500,3.963987951,43,4,Sesuai pesanan,TRUE,Tinggi,Selesai
ORD-2024-000042,1/24/2024 12:55,Kopi,9000,1.347205093,26,5,Makanan hangat sampai,FALSE,Rendah,Selesai
ORD-2024-000043,3/11/2024 11:05,Ayam,25000,,16,4,Akan order lg nih,FALSE,Tidak Ada,Selesai
ORD-2024-000044,31/01/2024 14:30,Mie,22500,1.210326742,12,,,TRUE,Tidak Ada,Selesai
ORD-2024-000045,8/1/2024 11:24,Ayam,55000,2.487991629,17,5,Rekomendasi deh,TRUE,Tidak Ada,Selesai
ORD-2024-000046,2/28/2024 14:09,Martabak,40500,3.889042146,28,4,Makanan hangat sampai,FALSE,Tidak Ada,Selesai
ORD-2024-000047,1/8/2024 21:03,Ayam,59500,1.972708243,21,5,Buruan order!11,FALSE,Tidak Ada,Selesai
ORD-2024-000048,1/7/2024 21:58,Kopi,15000,2.237081611,11,,,FALSE,Tidak Ada,Selesai
ORD-2024-000049,1/8/2024 2:54,Kopi,18000,0.5,12,,,FALSE,Tidak Ada,Selesai
ORD-2024-000050,9/1/2024 7:25,Ayam,56500,7.384423313,34,5,Puas bgt,TRUE,Tidak Ada,Selesai
ORD-2024-000051,3/13/2024 11:39,Mie,31000,7.923595176,38,5,Wow enak bgt,FALSE,Rendah,Selesai
ORD-2024-000052,3/15/2024 19:59,Martabak,29500,3.450600367,46,2,"Narik duit banyak😡",FALSE,Tinggi,Dibatalkan
ORD-2024-000053,2/10/2024 14:08,Mie,33500,0.5,13,4,Makanan hangat sampai,FALSE,Tidak Ada,Selesai
ORD-2024-000054,2/28/2024 11:00,Mie,32000,2.310565594,5,,,TRUE,Tidak Ada,Selesai
ORD-2024-000055,3/13/2024 2:34,Kopi,17000,2.976430836,11,4,Nggg enak 😋,TRUE,Rendah,Dibatalkan
ORD-2024-000056,1/17/2024 2:56,Mie,25000,15.6943451,63,4,Buruan order!11,FALSE,Tidak Ada,Selesai
ORD-2024-000057,1/21/2024 21:45,Ayam,67000,16.61502418,65,1,Lama org kerjanyaa,FALSE,Tinggi,Refund
ORD-2024-000058,3/24/2024 21:19,Ayam,39500,5.847582549,24,,,FALSE,Rendah,Selesai
ORD-2024-000059,1/18/2024 11:47,Ayam,26500,,27,5,Enak bgt,FALSE,Tidak Ada,Selesai
ORD-2024-000060,2/6/2024 19:13,Ayam,3400000,9.190517074,47,,,FALSE,Tidak Ada,Selesai
ORD-2024-000061,3/2/2024 19:57,Kopi,12000,2.845366915,16,4,Wow enak bgt,FALSE,Tidak Ada,Selesai
ORD-2024-000062,1/12/2024 19:02,Ayam,36000,,5,5,Top bgt kualitasnya,FALSE,Tidak Ada,Selesai
ORD-2024-000063,1/17/2024 19:10,Mie,19500,1.568658429,24,4,Cepat sampai,FALSE,Tidak Ada,Selesai
ORD-2024-000064,2/24/2024 17:04,Kopi,18500,1.155529582,16,5,Makasih ya,FALSE,Tinggi,Selesai
ORD-2024-000065,1/20/2024 19:37,Ayam,43000,1.866635805,31,4,Rekomendasi deh,TRUE,Tidak Ada,Selesai
ORD-2024-000066,1/17/2024 13:57,Kopi,15500,0.5,5,5,Enak bgttt,FALSE,Tidak Ada,Selesai
ORD-2024-000067,1/6/2024 6:43,Ayam,66500,,11,2,Kecewa bgt,FALSE,Tinggi,Dibatalkan
ORD-2024-000068,2/15/2024 13:39,Mie,20500,5.847714538,36,5,Mantap gan!!,FALSE,Tidak Ada,Selesai
ORD-2024-000069,1/31/2024 5:56,Ayam,47000,0.5,22,5,Cepat sampai,FALSE,Tidak Ada,Selesai
ORD-2024-000070,12/2/2024 13:51,Mie,28500,0.5,16,5,Puas bgt,FALSE,Tidak Ada,Selesai
ORD-2024-000071,2/1/2024 11:24,Martabak,2134000,0.5,7,4,Nggg enak 😋,FALSE,Tidak Ada,Selesai
ORD-2024-000072,1/3/2024 14:22,Ayam,69500,1.547894132,30,,,TRUE,Rendah,Dibatalkan
ORD-2024-000073,1/30/2024 12:25,Ayam,50000,17.41435838,72,2,😠😠😠,TRUE,Tinggi,Selesai
ORD-2024-000074,1/9/2024 8:22,Mie,1000,0.57115045,13,4,Wow enak bgt,FALSE,Tidak Ada,Selesai
ORD-2024-000075,3/27/2024 17:21,Martabak,45500,0.5,21,1,"Narik duit banyak😡",TRUE,Tinggi,Selesai
ORD-2024-000076,2/3/2024 13:02,Martabak,31000,7.397279646,54,1,Paket berantakan,TRUE,Tinggi,Selesai
ORD-2024-000077,14/02/2024 10:27,Martabak,36000,6.412496568,32,5,Akan order lg nih,FALSE,Tidak Ada,Selesai
ORD-2024-000078,1/15/2024 21:12,Ayam,48000,0.5,39,3,OK,FALSE,Rendah,Dibatalkan
ORD-2024-000079,2/25/2024 12:23,Kopi,18000,4.179424772,26,5,Sesuai pesanan,TRUE,Tidak Ada,Selesai
ORD-2024-000080,26/03/2024 19:20,Ayam,79500,3.1966849,26,,,TRUE,Rendah,Selesai
ORD-2024-000081,2/8/2024 20:20,Mie,11000,4.379703996,22,5,Driver ramah,TRUE,Tidak Ada,Selesai
ORD-2024-000082,3/11/2024 14:42,Martabak,33000,2.04663629,22,3,Gapapa,FALSE,Tinggi,Dibatalkan
ORD-2024-000083,23/01/2024 19:25,Ayam,87500,14.26073859,66,4,Enak bgt!!,TRUE,Tidak Ada,Selesai
ORD-2024-000084,2/8/2024 14:50,Ayam,56000,0.5,24,2,Lama bgt nunggunya,FALSE,Tinggi,Selesai
ORD-2024-000085,2/11/2024 20:43,Ayam,79000,0.80117498,19,2,😠😠😠,FALSE,Tinggi,Selesai
ORD-2024-000086,1/22/2024 9:32,Ayam,41000,1.515256325,10,3,Standar lah,TRUE,Rendah,Selesai
ORD-2024-000087,2/12/2024 12:43,Martabak,30000,1.792300019,21,3,Gapapa,TRUE,Rendah,Selesai
ORD-2024-000088,1/26/2024 11:15,Martabak,30500,7.628906825,33,4,Puas bgt,FALSE,Tidak Ada,Selesai
ORD-2024-000089,1/10/2024 21:12,Mie,10500,2.462971411,26,,,TRUE,Tidak Ada,Selesai
ORD-2024-000090,3/4/2024 18:41,Kopi,1734500,0.5,8,4,Sesuai pesanan,FALSE,Tidak Ada,Selesai
ORD-2024-000091,14/01/2024 07:11,Ayam,32000,1.572051571,5,,,FALSE,Tidak Ada,Selesai
ORD-2024-000092,7/3/2024 21:15,Martabak,35500,1.616083188,7,5,Nggg enak 😋,FALSE,Tidak Ada,Selesai
ORD-2024-000093,28/02/2024 14:42,Martabak,20000,10.09960001,37,5,Puas bgt,TRUE,Tidak Ada,Selesai
ORD-2024-000094,3/17/2024 14:39,Kopi,15500,2.742856414,17,3,Standar lah,FALSE,Tidak Ada,Selesai
ORD-2024-000095,3/5/2024 21:28,Martabak,37500,3.028929824,15,,,TRUE,Tinggi,Selesai
ORD-2024-000096,3/1/2024 18:53,Kopi,15500,3.747465282,25,3,OK,TRUE,Rendah,Selesai
ORD-2024-000097,3/7/2024 18:17,Kopi,15000,4.409540767,24,4,Akan order lg nih,TRUE,Tidak Ada,Selesai
ORD-2024-000098,2/6/2024 13:20,Kopi,16500,3.023993561,28,4,Makasih ya,FALSE,Tidak Ada,Selesai
ORD-2024-000099,1/18/2024 14:44,Ayam,29000,0.812256,19,4,Enak bgt!!,FALSE,Tidak Ada,Selesai
ORD-2024-000100,1/9/2024 19:34,Ayam,26000,6.215513514,31,4,Buruan order!11,TRUE,Tidak Ada,Dibatalkan
ORD-2024-000101,1/27/2024 12:57,Ayam,63500,3.951646245,38,5,Puas bgt,FALSE,Tidak Ada,Selesai
ORD-2024-000102,30/03/2024 14:30,Martabak,27000,4.062881473,18,4,Top bgt kualitasnya,TRUE,Tidak Ada,Selesai
ORD-2024-000103,2/8/2024 13:34,Ayam,63500,17.01400908,83,1,Paket berantakan,FALSE,Tinggi,Selesai
ORD-2024-000104,3/18/2024 15:14,Kopi,21500,4.866453172,26,,,TRUE,Rendah,Selesai
ORD-2024-000105,4/1/2024 20:46,Mie,34500,5.30093254,27,,,TRUE,Tidak Ada,Selesai
ORD-2024-000106,1/17/2024 17:01,Ayam,24500,9.072735739,56,4,Puas bgt,FALSE,Tidak Ada,Selesai
ORD-2024-000107,3/13/2024 2:41,Kopi,13500,0.5,16,5,Mantap gan!,TRUE,Tidak Ada,Selesai
ORD-2024-000108,2/29/2024 13:24,Martabak,34000,2.065836696,9,5,Puas bgt,TRUE,Tidak Ada,Selesai
ORD-2024-000109,11/2/2024 14:17,Ayam,61000,2.606554608,25,5,Driver ramah,FALSE,Tidak Ada,Selesai
ORD-2024-000110,2/23/2024 11:30,Ayam,89000,1.198191448,20,4,Wow enak bgt,FALSE,Tidak Ada,Selesai
ORD-2024-000111,1/7/2024 11:14,Ayam,36500,5.486577897,41,2,Makanannya dingin,FALSE,Rendah,Selesai
ORD-2024-000112,24/03/2024 11:15,Ayam,71000,4.311747833,33,5,Nggg enak 😋,FALSE,Tidak Ada,Selesai
ORD-2024-000113,3/20/2024 12:30,Mie,28500,3.828373492,32,5,Rekomendasi deh,FALSE,Tidak Ada,Selesai
ORD-2024-000114,1/28/2024 19:49,Mie,14500,17.58071918,71,3,Yaudah minum teh,TRUE,Rendah,Selesai
ORD-2024-000115,18/03/2024 22:07,Martabak,26000,0.90080838,11,5,Buruan order!!!11,TRUE,Tinggi,Dibatalkan
ORD-2024-000116,2/9/2024 11:59,Mie,28000,3.989257264,24,4,Makasih ya,TRUE,Tidak Ada,Selesai
ORD-2024-000117,2/18/2024 18:04,Mie,14000,2.404900897,5,5,Enak bgt!!!,TRUE,Tidak Ada,Selesai
ORD-2024-000118,3/21/2024 13:54,Ayam,17000,1.126215723,28,,,FALSE,Rendah,Selesai
ORD-2024-000119,1/16/2024 18:50,Mie,13500,0.525156861,5,4,Wow enak bgt,TRUE,Tidak Ada,Selesai
ORD-2024-000120,2/24/2024 2:32,Kopi,17500,6.786744156,33,4,Sesuai pesanan,FALSE,Tidak Ada,Selesai
ORD-2024-000121,2/23/2024 3:27,Mie,22500,,15,5,Cepat sampai,TRUE,Rendah,Selesai
ORD-2024-000122,2/28/2024 13:11,Mie,21500,5.227773918,29,4,Cepat sampai,FALSE,Tidak Ada,Selesai
ORD-2024-000123,24/03/2024 14:29,Ayam,41500,2.364649063,27,4,Buruan order!11,FALSE,Tidak Ada,Selesai
ORD-2024-000124,3/16/2024 12:53,Ayam,27500,0.745295928,7,,,FALSE,Tidak Ada,Selesai
ORD-2024-000125,2/27/2024 14:36,Ayam,44000,1.235425212,21,,,TRUE,Tidak Ada,Selesai
ORD-2024-000126,2/13/2024 13:11,Kopi,9000,1.441562671,22,4,Akan order lg nih,FALSE,Tidak Ada,Selesai
ORD-2024-000127,2/3/2024 13:35,Mie,34500,10.82852091,44,4,Sesuai pesanan,FALSE,Tidak Ada,Selesai
ORD-2024-000128,1/25/2024 14:31,Mie,38000,0.5,23,,,FALSE,Tinggi,Selesai
ORD-2024-000129,3/29/2024 20:28,Ayam,12500,12.73536764,71,2,Driver gak ramah,FALSE,Tinggi,Selesai
ORD-2024-000130,2/7/2024 12:19,Kopi,14500,11.80612595,74,2,Lama bgt nunggunya,FALSE,Tinggi,Selesai
ORD-2024-000131,3/1/2024 19:27,Kopi,15000,16.67966245,70,2,😠😠😠,TRUE,Tinggi,Refund
ORD-2024-000132,2/15/2024 8:19,Ayam,48500,1.942160112,17,,,TRUE,Tinggi,Selesai
ORD-2024-000133,1/25/2024 12:12,Ayam,68500,9.956831911,50,3,Biasa saja,FALSE,Rendah,Selesai
ORD-2024-000134,5/2/2024 16:38,Ayam,3602500,1.510553085,20,1,Lama bgt nunggunya,FALSE,Tinggi,Selesai
ORD-2024-000135,1/25/2024 13:11,Mie,26000,0.5,31,,,TRUE,Tidak Ada,Selesai
ORD-2024-000136,3/9/2024 11:03,Ayam,42500,0.762150792,19,5,Makanan hangat sampai,TRUE,Tidak Ada,Selesai
ORD-2024-000137,1/17/2024 20:06,Kopi,25000,8.717468771,48,2,Paket berantakan,TRUE,Tinggi,Selesai
ORD-2024-000138,6/2/2024 20:21,Martabak,44000,0.5,5,,,FALSE,Tinggi,Selesai
ORD-2024-000139,2/2/2024 15:07,Kopi,13000,2.36893549,33,5,Akan order lg nih,TRUE,Tidak Ada,Selesai
ORD-2024-000140,3/3/2024 11:09,Mie,500,0.5,9,4,Makasih ya,TRUE,Tidak Ada,Selesai
ORD-2024-000141,2/8/2024 12:07,Mie,30000,1.012283709,5,5,Wow enak bgt,FALSE,Tidak Ada,Selesai
ORD-2024-000142,3/18/2024 21:14,Ayam,1500,0.5,5,5,Akan order lg nih,FALSE,Tidak Ada,Selesai
ORD-2024-000143,27/02/2024 09:55,Kopi,10000,5.88825456,30,5,Nggg enak 😋,FALSE,Rendah,Selesai
ORD-2024-000144,2/9/2024 17:39,Ayam,51500,2.682639066,9,,,FALSE,Tidak Ada,Selesai
ORD-2024-000145,1/27/2024 19:42,Ayam,48500,6.971624327,38,,,FALSE,Tidak Ada,Selesai
ORD-2024-000146,1/23/2024 18:00,Ayam,44000,3.497654347,10,4,Top bgt kualitasnya,FALSE,Tidak Ada,Selesai
ORD-2024-000147,3/17/2024 17:14,Martabak,33500,10.62439344,53,5,Mantap gan!,TRUE,Rendah,Dibatalkan
ORD-2024-000148,30/03/2024 02:43,Kopi,13500,2.139300705,21,4,Puas bgt,FALSE,Tidak Ada,Selesai
ORD-2024-000149,3/21/2024 18:27,Ayam,32000,3.054227788,25,3,Standar lah,FALSE,Tinggi,Refund
ORD-2024-000150,3/23/2024 13:52,Ayam,53500,2.576251314,15,4,Top bgt kualitasnya,TRUE,Tidak Ada,Selesai
ORD-2024-000151,1/22/2024 19:47,Mie,28500,1.986460047,28,,,TRUE,Tidak Ada,Selesai
ORD-2024-000152,2/6/2024 20:44,Ayam,32000,5.611616551,28,4,Nggg enak 😋,TRUE,Tidak Ada,Selesai
ORD-2024-000153,2/4/2024 20:28,Ayam,67000,3.102902212,21,4,Makanan hangat sampai,TRUE,Tidak Ada,Selesai
ORD-2024-000154,2/25/2024 19:16,Kopi,9000,4.84806257,25,5,Rekomendasi deh,TRUE,Tidak Ada,Selesai
ORD-2024-000155,27/03/2024 18:37,Mie,22000,4.63044405,26,4,Wow enak bgt,TRUE,Tidak Ada,Selesai
ORD-2024-000156,3/27/2024 18:02,Ayam,47000,0.636036559,32,5,Makasih ya,TRUE,Tinggi,Dibatalkan
ORD-2024-000157,3/1/2024 20:58,Martabak,25000,3.150868408,23,4,Rekomendasi deh,FALSE,Tidak Ada,Selesai
ORD-2024-000158,3/15/2024 20:05,Martabak,500,0.668111016,5,4,Puas bgt,TRUE,Tidak Ada,Selesai
ORD-2024-000159,2/12/2024 11:54,Ayam,42000,2.626313657,12,3,Biasa saja,FALSE,Tinggi,Dibatalkan
ORD-2024-000160,3/29/2024 20:52,Martabak,20500,3.394348903,22,5,Buruan order!11,FALSE,Tidak Ada,Selesai
ORD-2024-000161,28/02/2024 13:20,Kopi,20000,17.6722216,68,,,FALSE,Rendah,Selesai
ORD-2024-000162,2/21/2024 0:42,Martabak,30000,0.5,19,5,Puas bgt,FALSE,Tidak Ada,Selesai
ORD-2024-000163,2/22/2024 13:39,Martabak,27500,,5,4,Driver ramah,FALSE,Tidak Ada,Selesai
ORD-2024-000164,2/26/2024 6:17,Kopi,18500,0.5,11,5,Rekomendasi deh,FALSE,Tinggi,Selesai
ORD-2024-000165,6/2/2024 20:07,Ayam,53000,1.524294471,27,3,Lumayan,TRUE,Tinggi,Selesai
ORD-2024-000166,3/18/2024 22:10,Mie,20500,5.170985468,20,3,OK,FALSE,Tinggi,Dibatalkan
ORD-2024-000167,3/11/2024 18:53,Ayam,92500,5.574781334,36,5,Wow enak bgt,FALSE,Rendah,Selesai
ORD-2024-000168,1/16/2024 18:31,Ayam,64000,4.006571001,26,4,Driver ramah,TRUE,Tidak Ada,Selesai
ORD-2024-000169,6/3/2024 13:53,Ayam,53500,6.815534612,36,,,FALSE,Tidak Ada,Selesai
ORD-2024-000170,1/2/2024 18:24,Kopi,14500,1.169631451,21,1,Bau gak tauu,FALSE,Tinggi,Dibatalkan
ORD-2024-000171,3/6/2024 4:55,Martabak,37000,0.5,5,3,Gapapa,TRUE,Tinggi,Selesai
ORD-2024-000172,2/23/2024 13:52,Ayam,38500,0.5,25,,,FALSE,Tidak Ada,Selesai
ORD-2024-000173,8/2/2024 18:42,Kopi,13000,5.734320485,14,4,Makanan hangat sampai,TRUE,Tidak Ada,Selesai
ORD-2024-000174,2/27/2024 19:21,Ayam,80000,3.932851596,37,2,Paket berantakan,TRUE,Tinggi,Selesai
ORD-2024-000175,18/02/2024 19:55,Martabak,30000,3.598103331,29,4,Top bgt kualitasnya,TRUE,Tidak Ada,Selesai
ORD-2024-000176,1/31/2024 18:54,Ayam,38500,1.245075504,21,4,Top bgt kualitasnya,FALSE,Tidak Ada,Selesai
ORD-2024-000177,2/10/2024 22:58,Martabak,30000,1.433648673,27,,,FALSE,Tidak Ada,Selesai
ORD-2024-000178,25/03/2024 20:09,Kopi,20000,9.518377169,58,4,Enak bgt!!!,FALSE,Tidak Ada,Selesai
ORD-2024-000179,1/17/2024 21:21,Mie,30500,0.5,22,5,Mantap gan!,FALSE,Tidak Ada,Dibatalkan
ORD-2024-000180,2/26/2024 14:00,Ayam,68000,4.458101937,25,4,Mantap gan!!!,TRUE,Tidak Ada,Selesai
ORD-2024-000181,24/03/2024 02:30,Ayam,30500,1.111597223,10,4,Buruan order!11,TRUE,Tidak Ada,Selesai
ORD-2024-000182,13/02/2024 20:41,Ayam,67500,0.5,22,5,Enak bgttt,FALSE,Tinggi,Dibatalkan
ORD-2024-000183,3/27/2024 12:20,Mie,24500,4.071023612,31,3,Biasa saja,FALSE,Rendah,Selesai
ORD-2024-000184,3/3/2024 1:39,Mie,26500,1.205518551,16,4,Nggg enak 😋,FALSE,Tidak Ada,Selesai
ORD-2024-000185,3/28/2024 7:47,Ayam,72000,3.841994847,21,5,Mantap gan!!!,TRUE,Rendah,Selesai
ORD-2024-000186,1/13/2024 22:55,Martabak,35500,3.689455672,18,4,Buruan order!11,FALSE,Tidak Ada,Selesai
ORD-2024-000187,3/29/2024 11:02,Mie,28500,2.295778938,7,5,Sesuai pesanan,TRUE,Tidak Ada,Selesai
ORD-2024-000188,2/7/2024 20:09,Kopi,8000,4.506774402,34,3,Biasa saja,TRUE,Tidak Ada,Selesai
ORD-2024-000189,3/13/2024 5:10,Kopi,16500,2.609927487,16,,,FALSE,Tidak Ada,Selesai
ORD-2024-000190,2/18/2024 18:31,Ayam,38500,1.013293996,13,3,Biasa saja,FALSE,Rendah,Selesai
ORD-2024-000191,1/30/2024 19:29,Ayam,63500,3.97407758,9,,,TRUE,Tidak Ada,Selesai
ORD-2024-000192,2/29/2024 21:34,Mie,1603000,2.668506921,22,3,Biasa saja,FALSE,Tidak Ada,Selesai
ORD-2024-000193,2/14/2024 9:40,Mie,29000,0.5,5,5,Akan order lg nih,FALSE,Rendah,Selesai
ORD-2024-000194,2/28/2024 6:24,Martabak,35000,6.95749061,27,,,TRUE,Tidak Ada,Selesai
ORD-2024-000195,31/01/2024 19:36,Ayam,3533500,2.366620222,28,5,Rekomendasi deh,FALSE,Tinggi,Refund
ORD-2024-000196,2/7/2024 14:17,Ayam,41500,6.089150083,35,5,Sesuai pesanan,TRUE,Tidak Ada,Selesai
ORD-2024-000197,3/28/2024 1:58,Martabak,21000,6.430003891,28,1,Gak sesuai foto,FALSE,Tinggi,Dibatalkan
ORD-2024-000198,2/6/2024 7:38,Mie,20000,1.766181267,9,4,Makasih ya,FALSE,Rendah,Selesai
ORD-2024-000199,3/22/2024 13:43,Mie,2994000,2.125757211,14,,,TRUE,Rendah,Selesai
ORD-2024-000200,25/03/2024 04:40,Martabak,26000,1.612301447,28,4,Puas bgt,FALSE,Tidak Ada,Selesai
ORD-2024-000201,3/23/2024 14:02,Martabak,27500,1.79044044,26,5,Akan order lg nih,TRUE,Tidak Ada,Selesai
ORD-2024-000202,1/17/2024 13:20,Ayam,24000,,32,3,Gapapa,FALSE,Tidak Ada,Selesai
ORD-2024-000203,26/01/2024 13:33,Ayam,54500,4.655545639,28,5,Akan order lg nih,FALSE,Tidak Ada,Selesai
ORD-2024-000204,1/22/2024 14:51,Mie,25500,,16,3,Yaudah minum teh,TRUE,Rendah,Selesai
ORD-2024-000205,2/13/2024 14:04,Martabak,500,2.827194105,26,,,TRUE,Tidak Ada,Selesai
ORD-2024-000206,29/01/2024 23:43,Ayam,80000,16.49516767,59,3,OK,FALSE,Tidak Ada,Selesai
ORD-2024-000207,3/12/2024 20:00,Ayam,77500,2.71568668,5,4,Makanan hangat sampai,FALSE,Tidak Ada,Selesai
ORD-2024-000208,28/02/2024 19:37,Martabak,18000,4.62353869,28,4,Akan order lg nih,FALSE,Tidak Ada,Selesai
ORD-2024-000209,2/17/2024 12:30,Ayam,19500,4.396811167,27,5,Nggg enak 😋,FALSE,Rendah,Selesai
ORD-2024-000210,3/12/2024 12:41,Ayam,52000,1.29381461,36,4,Mantap gan!,FALSE,Tidak Ada,Selesai
ORD-2024-000211,2/29/2024 9:41,Kopi,13500,1.394925532,36,,,FALSE,Tidak Ada,Selesai
ORD-2024-000212,1/6/2024 9:31,Martabak,21000,3.862894026,27,5,Sesuai pesanan,TRUE,Tidak Ada,Selesai
ORD-2024-000213,9/3/2024 14:23,Martabak,30000,2.079342733,13,4,Makanan hangat sampai,FALSE,Tidak Ada,Selesai
ORD-2024-000214,3/30/2024 13:37,Ayam,55500,2.535894547,28,,,FALSE,Tidak Ada,Refund
ORD-2024-000215,23/02/2024 15:39,Martabak,23500,3.743834582,8,5,Enak bgt,FALSE,Tidak Ada,Selesai
ORD-2024-000216,2/5/2024 13:13,Ayam,41000,4.509496303,23,5,Top bgt kualitasnya,FALSE,Tidak Ada,Selesai
ORD-2024-000217,1/31/2024 3:43,Ayam,38500,0.950371229,5,3,Yaudah minum teh,FALSE,Rendah,Selesai
ORD-2024-000218,23/03/2024 20:17,Martabak,27000,,19,,,FALSE,Tidak Ada,Selesai
ORD-2024-000219,2/28/2024 12:41,Martabak,34000,1.035063541,5,,,FALSE,Tinggi,Selesai
ORD-2024-000220,1/3/2024 13:15,Mie,18500,2.125015917,17,5,Akan order lg nih,FALSE,Tidak Ada,Selesai
ORD-2024-000221,27/01/2024 12:37,Martabak,25000,1.256295416,16,4,Nggg enak 😋,FALSE,Tidak Ada,Selesai
ORD-2024-000222,1/30/2024 12:50,Kopi,1255000,2.520509289,21,3,OK,FALSE,Tinggi,Selesai
ORD-2024-000223,2/5/2024 4:08,Ayam,67500,0.5,8,4,Nggg enak 😋,TRUE,Tidak Ada,Selesai
ORD-2024-000224,1/23/2024 11:08,Kopi,16500,2.138521961,23,5,Buruan order!11,FALSE,Tidak Ada,Selesai
ORD-2024-000225,1/31/2024 17:11,Ayam,58500,1.376526011,5,5,Makasih ya,FALSE,Tidak Ada,Selesai
ORD-2024-000226,2/23/2024 17:30,Ayam,43500,2.295004422,37,4,Rekomendasi deh,FALSE,Tidak Ada,Selesai
ORD-2024-000227,6/3/2024 20:32,Mie,23500,1.647313787,8,5,Makasih ya,FALSE,Tidak Ada,Selesai
ORD-2024-000228,1/6/2024 21:33,Kopi,17500,1.003171787,16,3,Lumayan,TRUE,Tidak Ada,Selesai
ORD-2024-000229,1/4/2024 14:54,Mie,18000,7.033595205,43,4,Puas bgt,FALSE,Tidak Ada,Selesai
ORD-2024-000230,1/14/2024 20:04,Martabak,27500,0.612836549,21,5,Cepat sampai,FALSE,Tidak Ada,Selesai
ORD-2024-000231,3/18/2024 12:17,Martabak,23500,3.431132515,32,,,FALSE,Rendah,Selesai
ORD-2024-000232,3/11/2024 12:38,Kopi,12500,7.756623555,25,4,Akan order lg nih,FALSE,Tidak Ada,Selesai
ORD-2024-000233,3/5/2024 17:50,Kopi,7500,2.320924709,12,4,Nggg enak 😋,TRUE,Tidak Ada,Selesai
ORD-2024-000234,3/24/2024 17:46,Kopi,22000,6.272320242,36,,,FALSE,Rendah,Dibatalkan
ORD-2024-000235,2/27/2024 13:21,Ayam,40000,0.5,18,,,FALSE,Tidak Ada,Selesai
ORD-2024-000236,2/23/2024 10:27,Martabak,38500,2.04240374,26,,,FALSE,Tinggi,Selesai
ORD-2024-000237,2/17/2024 21:59,Ayam,69500,,14,,,FALSE,Tidak Ada,Selesai
ORD-2024-000238,1/11/2024 11:47,Ayam,30000,0.5,5,5,Top bgt kualitasnya,TRUE,Tidak Ada,Dibatalkan
ORD-2024-000239,1/17/2024 21:35,Martabak,22000,1.756956477,13,4,Puas bgt,TRUE,Tidak Ada,Selesai
ORD-2024-000240,1/16/2024 20:55,Ayam,94500,1.381489725,39,4,Puas bgt,FALSE,Tidak Ada,Selesai
ORD-2024-000241,2/6/2024 19:06,Mie,38500,3.324158684,38,,,TRUE,Tidak Ada,Refund
ORD-2024-000242,1/20/2024 7:54,Mie,26000,8.357862299,34,,,FALSE,Tidak Ada,Selesai
ORD-2024-000243,12/3/2024 19:36,Mie,28000,0.5,26,,,FALSE,Tidak Ada,Selesai
ORD-2024-000244,3/12/2024 19:39,Kopi,14000,1.190154166,11,5,Sesuai pesanan,FALSE,Rendah,Selesai
ORD-2024-000245,1/4/2024 19:01,Ayam,58500,1.761310277,28,,,FALSE,Tidak Ada,Selesai
ORD-2024-000246,9/2/2024 11:00,Mie,21000,1.821929056,5,5,Cepat sampai,FALSE,Tidak Ada,Refund
ORD-2024-000247,3/13/2024 2:09,Kopi,8000,4.472428647,26,4,Makasih ya,FALSE,Tinggi,Selesai
ORD-2024-000248,1/4/2024 12:24,Mie,16500,1.757701929,28,,,FALSE,Tidak Ada,Selesai
ORD-2024-000249,1/21/2024 19:49,Mie,26000,0.5,11,5,Enak bgt!!!!!!!!!,TRUE,Tidak Ada,Selesai
ORD-2024-000250,1/7/2024 11:43,Mie,18000,,31,3,Biasa saja,TRUE,Tinggi,Selesai
ORD-2024-000251,3/25/2024 21:28,Ayam,50500,6.484030003,30,5,Sesuai pesanan,FALSE,Tidak Ada,Dibatalkan
ORD-2024-000252,3/6/2024 14:07,Kopi,12000,2.164051829,23,5,Makanan hangat sampai,FALSE,Rendah,Selesai
ORD-2024-000253,3/16/2024 19:02,Mie,3073500,,17,5,Mantap gan!,TRUE,Tidak Ada,Selesai
ORD-2024-000254,3/17/2024 12:19,Ayam,49000,0.533565817,22,,,FALSE,Tidak Ada,Dibatalkan
ORD-2024-000255,2/2/2024 11:00,Ayam,23000,0.74786951,5,5,Enak bgttt,FALSE,Rendah,Selesai
ORD-2024-000256,23/01/2024 12:32,Kopi,15500,0.804306014,5,5,Enak bgt!!,FALSE,Tidak Ada,Selesai
ORD-2024-000257,2/15/2024 11:27,Mie,34000,1.690264429,31,5,Enak bgt,TRUE,Tidak Ada,Selesai
ORD-2024-000258,1/10/2024 18:27,Martabak,28000,7.899324461,17,3,Lumayan,TRUE,Rendah,Dibatalkan
ORD-2024-000259,22/03/2024 17:25,Kopi,15000,2.213083107,14,5,Top bgt kualitasnya,FALSE,Tidak Ada,Selesai
ORD-2024-000260,1/22/2024 19:29,Ayam,70000,0.639942227,13,,,TRUE,Tidak Ada,Dibatalkan
ORD-2024-000261,2/16/2024 11:15,Martabak,27500,0.928097366,19,,,FALSE,Rendah,Selesai
ORD-2024-000262,3/8/2024 13:47,Mie,35000,1.453598144,13,4,Top bgt kualitasnya,FALSE,Tidak Ada,Selesai
ORD-2024-000263,1/22/2024 11:33,Ayam,30000,2.928591797,12,5,Sesuai pesanan,FALSE,Tidak Ada,Selesai
ORD-2024-000264,2/14/2024 18:15,Kopi,19500,1.739633096,30,4,Buruan order!11,FALSE,Tidak Ada,Selesai
ORD-2024-000265,1/26/2024 12:48,Mie,500,1.494936949,27,4,Top bgt kualitasnya,FALSE,Tidak Ada,Selesai
ORD-2024-000266,1/23/2024 20:31,Martabak,42500,2.495356606,17,1,Makanannya dingin,TRUE,Tinggi,Refund
ORD-2024-000267,15/03/2024 21:41,Martabak,16000,0.830562697,5,5,Nggg enak 😋,TRUE,Tidak Ada,Selesai
ORD-2024-000268,2/11/2024 20:20,Martabak,36500,0.5,17,,,FALSE,Tidak Ada,Selesai
ORD-2024-000269,3/1/2024 19:50,Kopi,15000,0.5,16,4,Puas bgt,FALSE,Tidak Ada,Selesai
ORD-2024-000270,2/15/2024 19:29,Ayam,63500,0.868087104,9,,,FALSE,Tidak Ada,Selesai
ORD-2024-000271,17/02/2024 02:41,Mie,16500,0.5,5,5,Akan order lg nih,FALSE,Rendah,Selesai
ORD-2024-000272,1/12/2024 21:24,Mie,34000,1.229958813,14,,,FALSE,Tidak Ada,Selesai
ORD-2024-000273,1/6/2024 21:41,Mie,15500,4.447537592,35,5,Sesuai pesanan,TRUE,Rendah,Selesai
ORD-2024-000274,1/3/2024 17:28,Mie,21500,3.77945386,34,,,TRUE,Tidak Ada,Selesai
ORD-2024-000275,2/13/2024 2:32,Kopi,12500,2.831969679,18,5,Top bgt kualitasnya,TRUE,Tidak Ada,Selesai
ORD-2024-000276,2/1/2024 14:33,Kopi,9000,5.74178627,27,,,FALSE,Tidak Ada,Selesai
ORD-2024-000277,2/16/2024 19:24,Martabak,30500,0.994139697,23,5,Top bgt kualitasnya,FALSE,Tidak Ada,Selesai
ORD-2024-000278,3/27/2024 19:04,Martabak,43500,6.489872033,24,3,Standar lah,FALSE,Rendah,Selesai
ORD-2024-000279,3/27/2024 19:46,Martabak,50000,1.52867513,5,5,Cepat sampai,FALSE,Tidak Ada,Selesai
ORD-2024-000280,3/18/2024 10:05,Martabak,30500,1.536946791,14,3,Standar lah,FALSE,Rendah,Selesai
ORD-2024-000281,2/14/2024 14:08,Mie,34000,1.559354986,32,5,Puas bgt,TRUE,Tidak Ada,Selesai
ORD-2024-000282,1/11/2024 14:41,Ayam,500,0.5,29,5,Top bgt kualitasnya,FALSE,Rendah,Selesai
ORD-2024-000283,1/17/2024 23:43,Kopi,17500,11.12608324,33,5,Wow enak bgt,FALSE,Tidak Ada,Selesai
ORD-2024-000284,3/23/2024 16:23,Ayam,55500,,8,,,FALSE,Tidak Ada,Dibatalkan
ORD-2024-000285,1/24/2024 10:49,Kopi,17000,1.250575056,33,5,Akan order lg nih,FALSE,Tinggi,Selesai
ORD-2024-000286,1/18/2024 13:54,Ayam,39000,,10,,,TRUE,Tidak Ada,Dibatalkan
ORD-2024-000287,3/10/2024 16:02,Kopi,25000,0.5,24,4,Cepat sampai,TRUE,Tidak Ada,Selesai
ORD-2024-000288,3/20/2024 14:09,Kopi,14500,,23,4,Enak bgt,FALSE,Rendah,Selesai
ORD-2024-000289,3/29/2024 5:46,Ayam,51000,0.5,21,3,OK,FALSE,Rendah,Selesai
ORD-2024-000290,2/16/2024 7:28,Kopi,15500,1.037648001,10,,,TRUE,Tidak Ada,Selesai
ORD-2024-000291,2/27/2024 12:19,Ayam,84000,6.04448986,30,1,Driver gak ramah,TRUE,Tinggi,Dibatalkan
ORD-2024-000292,1/25/2024 21:28,Ayam,46500,1.244011974,8,5,Akan order lg nih,FALSE,Tidak Ada,Selesai
ORD-2024-000293,2/18/2024 20:10,Mie,23500,0.5,21,5,Sesuai pesanan,FALSE,Tidak Ada,Selesai
ORD-2024-000294,3/18/2024 13:03,Kopi,17000,3.112781883,7,,,TRUE,Tidak Ada,Selesai
ORD-2024-000295,2/17/2024 17:45,Ayam,40000,17.0527444,72,1,😠😠😠,FALSE,Tinggi,Selesai
ORD-2024-000296,16/01/2024 12:17,Kopi,17000,0.793161707,31,4,Driver ramah,FALSE,Tidak Ada,Selesai
ORD-2024-000297,19/01/2024 02:58,Martabak,48000,0.983725256,18,4,Nggg enak 😋,FALSE,Tidak Ada,Refund
ORD-2024-000298,2/14/2024 13:03,Ayam,56500,10.71030986,60,4,Rekomendasi deh,FALSE,Tidak Ada,Selesai
ORD-2024-000299,1/31/2024 17:23,Martabak,32000,0.590879157,5,4,Enak bgttt,FALSE,Tidak Ada,Selesai
ORD-2024-000300,1/13/2024 20:21,Ayam,39500,2.147491953,10,5,Sesuai pesanan,TRUE,Tinggi,Selesai
ORD-2024-000301,1/5/2024 14:44,Ayam,80000,0.821937692,26,3,Standar lah,FALSE,Tidak Ada,Selesai
ORD-2024-000302,3/1/2024 17:57,Kopi,24500,,42,3,OK,FALSE,Rendah,Selesai
ORD-2024-000303,1/28/2024 17:46,Kopi,20000,11.97336335,45,5,Mantap gan!!!,FALSE,Tidak Ada,Selesai
ORD-2024-000304,1/15/2024 7:19,Martabak,35000,5.057302566,30,1,Lama org kerjanyaa,FALSE,Tinggi,Selesai
ORD-2024-000305,2/23/2024 21:29,Martabak,28000,1.134062679,11,4,Makasih ya,TRUE,Tidak Ada,Selesai
ORD-2024-000306,3/4/2024 17:40,Mie,28500,1.549965122,42,3,Yaudah minum teh,TRUE,Tinggi,Selesai
ORD-2024-000307,1/19/2024 11:39,Kopi,13000,0.832425754,21,5,Enak bgttt,FALSE,Tidak Ada,Selesai
ORD-2024-000308,2/23/2024 11:33,Ayam,32500,6.642568117,27,4,Sesuai pesanan,TRUE,Tidak Ada,Selesai
ORD-2024-000309,3/8/2024 21:35,Martabak,19000,7.379762237,47,5,Akan order lg nih,FALSE,Tidak Ada,Selesai
ORD-2024-000310,3/1/2024 14:23,Ayam,58500,1.628345804,33,5,Makanan hangat sampai,FALSE,Tidak Ada,Selesai
ORD-2024-000311,2/15/2024 11:15,Kopi,10500,3.205993336,23,5,Sesuai pesanan,FALSE,Tidak Ada,Selesai
ORD-2024-000312,1/14/2024 23:48,Ayam,3859500,0.542958793,5,4,Driver ramah,FALSE,Tidak Ada,Selesai
ORD-2024-000313,2/15/2024 18:53,Ayam,454500,1.712448311,19,,,FALSE,Tidak Ada,Selesai
ORD-2024-000314,3/30/2024 18:51,Mie,33000,2.994936429,17,5,Top bgt kualitasnya,FALSE,Tidak Ada,Selesai
ORD-2024-000315,2/28/2024 12:02,Mie,22000,1.46036611,15,4,Top bgt kualitasnya,FALSE,Tidak Ada,Selesai
ORD-2024-000316,6/1/2024 13:32,Martabak,38500,1.327630134,5,3,Yaudah minum teh,FALSE,Rendah,Selesai
ORD-2024-000317,3/10/2024 17:48,Kopi,20500,0.5,22,5,Puas bgt,TRUE,Tidak Ada,Selesai
ORD-2024-000318,2/15/2024 1:55,Ayam,33500,4.893417018,15,5,Enak bgttt,FALSE,Tidak Ada,Selesai
ORD-2024-000319,1/16/2024 13:56,Ayam,0,6.603813787,42,2,"Narik duit banyak😡",FALSE,Tinggi,Dibatalkan
ORD-2024-000320,2/19/2024 12:31,Ayam,70500,10.46650067,47,3,OK,FALSE,Rendah,Selesai
ORD-2024-000321,3/7/2024 11:46,Kopi,20000,3.811100578,28,,,FALSE,Tidak Ada,Selesai
ORD-2024-000322,3/18/2024 5:34,Martabak,26000,2.387482622,13,4,Nggg enak 😋,FALSE,Tidak Ada,Selesai
ORD-2024-000323,1/11/2024 13:19,Martabak,30000,,17,4,Akan order lg nih,FALSE,Tidak Ada,Selesai
ORD-2024-000324,2/24/2024 14:22,Ayam,58000,21.79104564,95,4,Cepat sampai,FALSE,Tidak Ada,Selesai
ORD-2024-000325,15/02/2024 20:17,Mie,118000,2.672986521,18,3,Standar lah,TRUE,Rendah,Selesai
ORD-2024-000326,8/1/2024 14:23,Martabak,27000,3.429141835,8,5,Nggg enak 😋,TRUE,Tidak Ada,Selesai
ORD-2024-000327,3/27/2024 11:09,Kopi,13000,3.440945854,28,5,Mantap gan!,TRUE,Tidak Ada,Selesai
ORD-2024-000328,2/26/2024 11:15,Martabak,2641500,5.597867915,36,4,Sesuai pesanan,FALSE,Tidak Ada,Selesai
ORD-2024-000329,2/16/2024 21:02,Kopi,19500,,5,,,FALSE,Tidak Ada,Refund
ORD-2024-000330,2/27/2024 11:28,Ayam,47500,0.746333999,5,1,Lama org kerjanyaa,FALSE,Rendah,Dibatalkan
ORD-2024-000331,1/18/2024 20:20,Kopi,19500,3.285660148,20,4,Makasih ya,FALSE,Tidak Ada,Selesai
ORD-2024-000332,1/15/2024 12:31,Martabak,36000,,14,,,FALSE,Tidak Ada,Selesai
ORD-2024-000333,3/12/2024 13:45,Ayam,78500,3.468776151,31,,,FALSE,Tinggi,Selesai
ORD-2024-000334,3/19/2024 14:12,Ayam,74000,1.600703288,13,5,Driver ramah,TRUE,Tidak Ada,Selesai
ORD-2024-000335,1/10/2024 20:05,Ayam,74000,1.34616157,20,5,Nggg enak 😋,FALSE,Tidak Ada,Selesai
ORD-2024-000336,2/10/2024 22:04,Ayam,75500,4.01763706,14,5,Mantap gan!,FALSE,Rendah,Refund
ORD-2024-000337,2/8/2024 22:45,Mie,28000,4.055536165,38,5,Mantap gan!,TRUE,Tidak Ada,Selesai
ORD-2024-000338,23/01/2024 16:14,Martabak,30000,2.802279725,7,5,Makanan hangat sampai,TRUE,Tidak Ada,Selesai
ORD-2024-000339,1/18/2024 14:01,Kopi,20000,1.033676033,11,5,Makasih ya,FALSE,Tinggi,Selesai
ORD-2024-000340,17/02/2024 21:08,Ayam,64000,7.777000632,52,2,Lama bgt nunggunya,FALSE,Tinggi,Selesai
ORD-2024-000341,1/9/2024 14:33,Kopi,15000,2.408082288,10,5,Driver ramah,FALSE,Tidak Ada,Selesai
ORD-2024-000342,3/14/2024 13:41,Kopi,18000,4.688985164,30,5,Makasih ya,FALSE,Tidak Ada,Selesai
ORD-2024-000343,3/28/2024 18:56,Ayam,51000,0.723572264,21,5,Makanan hangat sampai,FALSE,Tidak Ada,Selesai
ORD-2024-000344,22/03/2024 18:27,Kopi,13000,1.264970009,5,5,Akan order lg nih,TRUE,Tidak Ada,Selesai
ORD-2024-000345,1/8/2024 16:09,Kopi,22000,6.228249954,23,4,Sesuai pesanan,FALSE,Tidak Ada,Selesai
ORD-2024-000346,11/2/2024 7:22,Martabak,30500,0.5,13,4,Mantap gan!!!,TRUE,Tidak Ada,Selesai
ORD-2024-000347,1/11/2024 13:08,Martabak,45500,2.154258635,24,4,Sesuai pesanan,FALSE,Tidak Ada,Selesai
ORD-2024-000348,3/9/2024 12:37,Ayam,24500,1.97163488,11,4,Cepat sampai,TRUE,Tidak Ada,Selesai
ORD-2024-000349,25/03/2024 21:21,Kopi,14000,4.173681791,45,3,Standar lah,FALSE,Rendah,Selesai
ORD-2024-000350,6/1/2024 0:05,Martabak,30000,0.993413307,17,5,Buruan order!11,FALSE,Tidak Ada,Selesai
ORD-2024-000351,3/14/2024 12:49,Kopi,21500,0.741797076,22,4,Nggg enak 😋,FALSE,Tidak Ada,Selesai
ORD-2024-000352,3/22/2024 13:41,Mie,29000,7.816460752,47,,,FALSE,Rendah,Selesai
ORD-2024-000353,3/28/2024 20:04,Martabak,32500,2.54386179,6,5,Cepat sampai,TRUE,Tidak Ada,Dibatalkan
ORD-2024-000354,2/26/2024 20:13,Ayam,32500,0.5,13,4,Rekomendasi deh,TRUE,Rendah,Selesai
ORD-2024-000355,2/10/2024 10:46,Ayam,32000,0.643429267,12,5,Puas bgt,TRUE,Rendah,Dibatalkan
ORD-2024-000356,2/21/2024 13:32,Martabak,32500,20.24216776,82,1,Ayamnya keras,FALSE,Tinggi,Selesai
ORD-2024-000357,1/31/2024 19:28,Ayam,28500,0.653009415,16,,,FALSE,Tidak Ada,Selesai
ORD-2024-000358,1/7/2024 14:55,Kopi,14000,2.828485631,5,,,FALSE,Rendah,Selesai
ORD-2024-000359,1/21/2024 18:46,Mie,29500,1.634844077,19,5,Makasih ya,FALSE,Tidak Ada,Selesai
ORD-2024-000360,21/01/2024 21:29,Kopi,12500,,33,5,Mantap gan!,TRUE,Rendah,Selesai
ORD-2024-000361,4/3/2024 14:32,Kopi,23500,4.221556311,7,5,Nggg enak 😋,FALSE,Tidak Ada,Selesai
ORD-2024-000362,1/28/2024 17:03,Martabak,39000,2.726094358,26,,,FALSE,Tidak Ada,Selesai
ORD-2024-000363,24/03/2024 09:34,Kopi,10000,0.5,5,,,FALSE,Tidak Ada,Selesai
ORD-2024-000364,2/25/2024 13:46,Kopi,12500,6.35567516,31,5,Sesuai pesanan,FALSE,Tidak Ada,Selesai
ORD-2024-000365,2/16/2024 11:36,Mie,10000,1.764564579,16,4,Nggg enak 😋,FALSE,Tidak Ada,Selesai
ORD-2024-000366,3/11/2024 14:32,Kopi,13000,8.046167392,23,5,Sesuai pesanan,FALSE,Tidak Ada,Selesai
ORD-2024-000367,2/5/2024 19:43,Mie,31500,2.052794316,5,,,FALSE,Tidak Ada,Selesai
ORD-2024-000368,1/13/2024 19:35,Mie,23000,,30,4,Wow enak bgt,FALSE,Tidak Ada,Selesai
ORD-2024-000369,1/26/2024 20:32,Ayam,59000,0.5,8,3,Biasa saja,FALSE,Rendah,Dibatalkan
ORD-2024-000370,1/18/2024 15:33,Ayam,26000,,19,,,FALSE,Rendah,Selesai
ORD-2024-000371,6/3/2024 13:10,Ayam,65000,1.237451184,17,4,Mantap gan!,FALSE,Tidak Ada,Selesai
ORD-2024-000372,2/8/2024 21:53,Ayam,42000,1.298627688,5,5,Wow enak bgt,TRUE,Tidak Ada,Dibatalkan
ORD-2024-000373,3/13/2024 11:23,Ayam,51500,0.5,10,5,Makanan hangat sampai,FALSE,Tidak Ada,Selesai
ORD-2024-000374,2/23/2024 17:38,Martabak,29500,0.5,13,2,Bau gak tauu,FALSE,Rendah,Refund
ORD-2024-000375,3/24/2024 18:36,Ayam,30000,,31,4,Mantap gan!,FALSE,Rendah,Selesai
ORD-2024-000376,3/15/2024 21:40,Ayam,32000,1.193411352,7,5,Enak bgttt,FALSE,Tidak Ada,Selesai
ORD-2024-000377,18/02/2024 12:02,Mie,33000,6.676036516,44,1,Kecewa bgt,FALSE,Rendah,Selesai
ORD-2024-000378,1/15/2024 14:20,Ayam,58000,,17,4,Makasih ya,TRUE,Tidak Ada,Selesai
ORD-2024-000379,3/29/2024 14:55,Mie,33500,3.866008295,15,4,Wow enak bgt,FALSE,Tidak Ada,Selesai
ORD-2024-000380,1/8/2024 16:13,Ayam,57000,0.5,6,5,Enak bgt!!,FALSE,Tidak Ada,Selesai
ORD-2024-000381,3/25/2024 20:20,Ayam,54000,2.682845145,30,,,FALSE,Tidak Ada,Selesai
ORD-2024-000382,9/3/2024 13:43,Martabak,17000,1.972710242,27,5,Mantap gan!,TRUE,Tidak Ada,Selesai
ORD-2024-000383,3/28/2024 19:39,Martabak,28000,11.44440944,48,4,Buruan order!!!11,FALSE,Tidak Ada,Selesai
ORD-2024-000384,2/1/2024 13:14,Mie,26000,5.616458228,36,4,Makasih ya,FALSE,Tidak Ada,Dibatalkan
ORD-2024-000385,1/27/2024 15:20,Martabak,44500,1.819971567,7,5,Cepat sampai,FALSE,Rendah,Selesai
ORD-2024-000386,5/2/2024 14:57,Mie,31000,4.476868755,26,5,Mantap gan!,FALSE,Tidak Ada,Selesai
ORD-2024-000387,1/19/2024 13:45,Ayam,77000,0.643438855,10,5,Akan order lg nih,TRUE,Tidak Ada,Selesai
ORD-2024-000388,2/26/2024 23:30,Ayam,61500,2.478913603,25,5,Wow enak bgt,FALSE,Tidak Ada,Selesai
ORD-2024-000389,3/9/2024 13:08,Martabak,24500,0.5,18,5,Cepat sampai,FALSE,Tidak Ada,Selesai
ORD-2024-000390,3/16/2024 11:42,Mie,27000,1.283541837,10,5,Sesuai pesanan,FALSE,Rendah,Dibatalkan
ORD-2024-000391,3/22/2024 11:26,Mie,27500,0.768016084,9,5,Top bgt kualitasnya,FALSE,Tidak Ada,Dibatalkan
ORD-2024-000392,13/01/2024 04:00,Kopi,12500,3.807239158,21,,,TRUE,Tidak Ada,Selesai
ORD-2024-000393,1/21/2024 20:30,Kopi,15000,2.020567185,18,,,FALSE,Tidak Ada,Selesai
ORD-2024-000394,2/6/2024 11:58,Martabak,28500,4.17175641,24,5,Akan order lg nih,TRUE,Tidak Ada,Selesai
ORD-2024-000395,3/14/2024 11:58,Ayam,78500,2.17264717,16,5,Cepat sampai,FALSE,Rendah,Selesai
ORD-2024-000396,1/23/2024 1:53,Mie,1368500,0.5,23,4,Driver ramah,TRUE,Tidak Ada,Selesai
ORD-2024-000397,1/24/2024 9:56,Mie,11500,3.988241321,18,,,FALSE,Tidak Ada,Selesai
ORD-2024-000398,13/03/2024 19:18,Kopi,20000,5.373405744,34,4,Cepat sampai,FALSE,Tidak Ada,Selesai
ORD-2024-000399,3/10/2024 18:54,Martabak,40000,7.015607723,61,1,Paket berantakan,FALSE,Tinggi,Selesai
ORD-2024-000400,1/25/2024 10:10,Martabak,39000,2.545839793,11,5,Puas bgt,FALSE,Rendah,Dibatalkan
ORD-2024-000401,2/2/2024 0:47,Ayam,38500,4.202218888,24,5,Puas bgt,TRUE,Tidak Ada,Selesai
ORD-2024-000402,13/03/2024 06:11,Mie,35000,4.18351598,25,5,Rekomendasi deh,FALSE,Tidak Ada,Selesai
ORD-2024-000403,2/21/2024 16:20,Kopi,22500,0.507919006,11,1,Kecewa bgt,FALSE,Tidak Ada,Selesai
ORD-2024-000404,13/01/2024 12:30,Mie,24000,0.538172043,14,,,TRUE,Tidak Ada,Selesai
ORD-2024-000405,1/1/2024 12:28,Ayam,52000,0.5,5,4,Buruan order!11,FALSE,Tidak Ada,Selesai
ORD-2024-000406,2/12/2024 11:16,Mie,19500,1.156606445,20,3,Biasa saja,FALSE,Rendah,Selesai
ORD-2024-000407,1/31/2024 11:29,Kopi,23000,,5,,,TRUE,Tidak Ada,Selesai
ORD-2024-000408,3/28/2024 19:44,Ayam,26000,18.49438788,96,1,Kecewa bgt,TRUE,Tinggi,Dibatalkan
ORD-2024-000409,2/7/2024 18:14,Mie,29500,1.691589431,35,5,Buruan order!11,TRUE,Tidak Ada,Selesai
ORD-2024-000410,2/28/2024 19:23,Ayam,41500,3.886538773,23,4,Akan order lg nih,FALSE,Tidak Ada,Selesai
ORD-2024-000411,3/1/2024 21:52,Ayam,33000,3.546604841,35,3,Biasa saja,TRUE,Rendah,Selesai
ORD-2024-000412,3/28/2024 2:33,Mie,13000,0.686285225,10,,,FALSE,Tidak Ada,Selesai
ORD-2024-000413,2/16/2024 11:03,Mie,24500,0.5,14,5,Cepat sampai,TRUE,Tidak Ada,Selesai
ORD-2024-000414,5/3/2024 12:10,Kopi,11000,2.369018857,14,3,Yaudah minum teh,FALSE,Tinggi,Selesai
ORD-2024-000415,2/26/2024 12:45,Martabak,30500,3.614975894,33,4,Nggg enak 😋,TRUE,Tidak Ada,Selesai
ORD-2024-000416,3/6/2024 17:29,Kopi,24000,19.04748893,75,2,Ayamnya keras,FALSE,Tidak Ada,Selesai
ORD-2024-000417,28/02/2024 21:29,Ayam,55000,1.33235767,24,4,Buruan order!11,FALSE,Tidak Ada,Selesai
ORD-2024-000418,1/3/2024 17:47,Ayam,85000,6.800627828,36,4,Buruan order!11,FALSE,Tidak Ada,Selesai
ORD-2024-000419,6/1/2024 17:34,Martabak,22500,1.443472598,17,,,FALSE,Tidak Ada,Selesai
ORD-2024-000420,1/9/2024 15:02,Martabak,20500,3.507861195,9,,,FALSE,Tidak Ada,Selesai
ORD-2024-000421,1/18/2024 23:41,Martabak,22500,2.735797706,19,,,TRUE,Tidak Ada,Dibatalkan
ORD-2024-000422,2/18/2024 20:24,Martabak,29500,,5,,,TRUE,Tidak Ada,Selesai
ORD-2024-000423,3/25/2024 4:41,Ayam,97000,0.5,12,5,Akan order lg nih,TRUE,Rendah,Selesai
ORD-2024-000424,1/23/2024 12:33,Kopi,9500,0.5,32,,,TRUE,Tidak Ada,Selesai
ORD-2024-000425,1/29/2024 0:19,Ayam,62000,1.390080842,5,4,Sesuai pesanan,TRUE,Tidak Ada,Selesai
ORD-2024-000426,3/10/2024 20:52,Kopi,13500,4.108914138,25,,,FALSE,Tidak Ada,Selesai
ORD-2024-000427,2/14/2024 12:59,Kopi,15500,0.568964558,8,5,Buruan order!11,TRUE,Tidak Ada,Selesai
ORD-2024-000428,15/01/2024 14:39,Mie,17000,,12,5,Enak bgttt,FALSE,Tidak Ada,Selesai
ORD-2024-000429,1/3/2024 11:06,Kopi,20000,1.022521969,8,3,Yaudah minum teh,FALSE,Tinggi,Selesai
ORD-2024-000430,3/17/2024 1:15,Ayam,51000,4.783538897,36,4,Buruan order!11,FALSE,Tidak Ada,Selesai
ORD-2024-000431,2/26/2024 12:48,Ayam,69500,4.804351922,46,5,Nggg enak 😋,TRUE,Tidak Ada,Selesai
ORD-2024-000432,18/01/2024 19:14,Martabak,31500,4.480496594,18,4,Akan order lg nih,FALSE,Tinggi,Selesai
ORD-2024-000433,14/03/2024 13:15,Martabak,15500,2.232270117,24,4,Driver ramah,FALSE,Tidak Ada,Selesai
ORD-2024-000434,3/25/2024 20:19,Ayam,70000,,7,4,Makanan hangat sampai,FALSE,Tidak Ada,Selesai
ORD-2024-000435,3/16/2024 5:40,Ayam,18000,4.973428184,19,4,Cepat sampai,FALSE,Tidak Ada,Selesai
ORD-2024-000436,3/4/2024 13:41,Martabak,16000,,5,3,OK,FALSE,Tinggi,Selesai
ORD-2024-000437,3/8/2024 14:26,Ayam,36000,1.026455333,36,4,Puas bgt,TRUE,Tidak Ada,Selesai
ORD-2024-000438,1/24/2024 15:15,Mie,19500,0.609830521,21,5,Puas bgt,TRUE,Tidak Ada,Selesai
ORD-2024-000439,19/01/2024 01:35,Martabak,40500,3.364508308,15,4,Enak bgt,TRUE,Tidak Ada,Dibatalkan
ORD-2024-000440,3/12/2024 20:15,Ayam,48500,3.477342773,27,5,Driver ramah,FALSE,Tidak Ada,Selesai
ORD-2024-000441,3/23/2024 14:54,Ayam,72500,3.171058112,20,,,TRUE,Tidak Ada,Selesai
ORD-2024-000442,1/25/2024 14:43,Mie,22000,1.611516327,27,,,TRUE,Tinggi,Selesai
ORD-2024-000443,10/1/2024 12:30,Kopi,18000,0.5,11,5,Enak bgt!!,FALSE,Tidak Ada,Selesai
ORD-2024-000444,2/12/2024 11:13,Kopi,18500,7.263078513,36,5,Puas bgt,TRUE,Tidak Ada,Selesai
ORD-2024-000445,1/16/2024 15:58,Mie,31000,2.126189672,11,5,Enak bgt!!!!!!,FALSE,Tidak Ada,Selesai
ORD-2024-000446,1/27/2024 18:35,Mie,22500,1.567541977,23,,,FALSE,Tinggi,Selesai
ORD-2024-000447,2/18/2024 19:19,Mie,23500,2.666208314,43,2,Gak sesuai foto,TRUE,Tinggi,Refund
ORD-2024-000448,3/4/2024 20:48,Martabak,28000,0.642515884,12,5,Makasih ya,TRUE,Tinggi,Dibatalkan
ORD-2024-000449,27/01/2024 20:02,Kopi,9500,0.5,11,3,Biasa saja,FALSE,Tinggi,Selesai
ORD-2024-000450,1/19/2024 14:18,Ayam,50000,1.560230965,17,5,Sesuai pesanan,FALSE,Tidak Ada,Selesai
ORD-2024-000451,1/30/2024 18:31,Martabak,27000,,17,5,Rekomendasi deh,FALSE,Tidak Ada,Selesai
ORD-2024-000452,3/28/2024 14:46,Kopi,19000,0.840293892,12,,,TRUE,Tidak Ada,Selesai
ORD-2024-000453,2/28/2024 13:10,Kopi,17000,6.691113901,32,5,Makasih ya,FALSE,Tidak Ada,Selesai
ORD-2024-000454,3/3/2024 11:33,Mie,35500,2.269917483,21,4,Top bgt kualitasnya,FALSE,Tidak Ada,Selesai
ORD-2024-000455,1/10/2024 21:03,Ayam,52500,1.981860292,5,,,FALSE,Tinggi,Selesai
ORD-2024-000456,1/18/2024 7:04,Kopi,14000,3.508516977,16,5,Nggg enak 😋,TRUE,Tidak Ada,Selesai
ORD-2024-000457,1/28/2024 19:03,Ayam,52500,9.081552024,25,5,Top bgt kualitasnya,TRUE,Tidak Ada,Selesai
ORD-2024-000458,3/19/2024 21:31,Kopi,19500,0.5,9,2,Bau gak tauu,FALSE,Rendah,Selesai
ORD-2024-000459,3/11/2024 17:33,Ayam,22000,5.378902804,22,4,Akan order lg nih,FALSE,Rendah,Selesai
ORD-2024-000460,2/6/2024 14:51,Ayam,39500,2.631348376,27,4,Buruan order!11,TRUE,Tidak Ada,Selesai
ORD-2024-000461,1/13/2024 18:12,Ayam,40000,0.5,7,5,Enak bgt,FALSE,Tidak Ada,Selesai
ORD-2024-000462,15/02/2024 14:05,Martabak,977000,1.057832436,12,,,FALSE,Tinggi,Selesai
ORD-2024-000463,28/02/2024 18:19,Martabak,26000,1.975433986,5,,,FALSE,Tidak Ada,Selesai
ORD-2024-000464,1/11/2024 20:48,Kopi,22500,3.52496235,35,5,Cepat sampai,FALSE,Tidak Ada,Selesai
ORD-2024-000465,2/18/2024 20:03,Mie,3500,0.833619084,5,5,Makanan hangat sampai,FALSE,Rendah,Selesai
ORD-2024-000466,1/22/2024 14:41,Kopi,18000,2.296371886,16,5,Sesuai pesanan,FALSE,Tidak Ada,Selesai
ORD-2024-000467,13/01/2024 01:14,Ayam,52000,,27,4,Buruan order!11,FALSE,Tinggi,Selesai
ORD-2024-000468,29/03/2024 15:17,Mie,14000,1.786650222,22,3,Gapapa,FALSE,Tidak Ada,Selesai
ORD-2024-000469,3/28/2024 17:36,Ayam,56500,5.963891605,23,5,Sesuai pesanan,FALSE,Tidak Ada,Selesai
ORD-2024-000470,2/10/2024 12:37,Mie,29500,6.108206139,39,5,Nggg enak 😋,FALSE,Tidak Ada,Selesai
ORD-2024-000471,2/20/2024 9:10,Ayam,61500,1.908549924,7,1,"Narik duit banyak😡",FALSE,Tinggi,Selesai
ORD-2024-000472,2/19/2024 17:21,Mie,7500,,53,,,TRUE,Tidak Ada,Selesai
ORD-2024-000473,1/18/2024 22:46,Ayam,74500,0.5,5,,,TRUE,Tidak Ada,Selesai
ORD-2024-000474,2/14/2024 14:14,Mie,21000,0.5,5,4,Sesuai pesanan,FALSE,Rendah,Selesai
ORD-2024-000475,3/18/2024 19:25,Kopi,19500,1.437342681,18,5,Enak bgttt,FALSE,Tidak Ada,Selesai
ORD-2024-000476,3/22/2024 14:31,Mie,31000,2.75711146,15,5,Puas bgt,FALSE,Tidak Ada,Selesai
ORD-2024-000477,2/18/2024 21:42,Ayam,37000,2.97627861,42,2,Lama org kerjanyaa,FALSE,Tinggi,Selesai
ORD-2024-000478,3/20/2024 12:45,Kopi,19500,1.941343795,13,,,TRUE,Tidak Ada,Selesai
ORD-2024-000479,1/20/2024 18:47,Mie,1405000,0.5,5,4,Mantap gan!,FALSE,Tidak Ada,Selesai
ORD-2024-000480,1/14/2024 13:28,Kopi,8000,0.560787545,5,5,Sesuai pesanan,FALSE,Tidak Ada,Selesai
ORD-2024-000481,1/14/2024 12:27,Martabak,1000,,32,5,Makasih ya,FALSE,Tidak Ada,Dibatalkan
ORD-2024-000482,3/6/2024 17:05,Martabak,27500,6.072841016,35,4,Mantap gan!,TRUE,Tidak Ada,Dibatalkan
ORD-2024-000483,3/17/2024 19:55,Kopi,13000,3.361640137,27,5,Buruan order!11,TRUE,Tinggi,Selesai
ORD-2024-000484,2/22/2024 17:46,Martabak,27000,3.27387917,33,,,TRUE,Tidak Ada,Selesai
ORD-2024-000485,2/1/2024 18:43,Kopi,17500,2.73153833,6,5,Enak bgttt,FALSE,Rendah,Selesai
ORD-2024-000486,2/4/2024 14:09,Mie,25500,0.680422839,24,,,FALSE,Tidak Ada,Selesai
ORD-2024-000487,2/5/2024 20:50,Ayam,60500,1.677164013,9,5,Rekomendasi deh,FALSE,Tidak Ada,Selesai
ORD-2024-000488,2/1/2024 15:38,Ayam,29000,3.571143289,24,5,Wow enak bgt,FALSE,Tidak Ada,Selesai
ORD-2024-000489,14/01/2024 11:25,Mie,21000,2.311719712,37,5,Driver ramah,FALSE,Tidak Ada,Selesai
ORD-2024-000490,2/18/2024 10:28,Mie,25000,0.5,5,3,Lumayan,FALSE,Tidak Ada,Selesai
ORD-2024-000491,3/24/2024 4:19,Kopi,24500,9.208576089,31,5,Driver ramah,TRUE,Tidak Ada,Selesai
ORD-2024-000492,29/03/2024 13:11,Martabak,29000,5.589432324,22,4,Akan order lg nih,TRUE,Tidak Ada,Selesai
ORD-2024-000493,2/7/2024 20:31,Ayam,69500,0.905525609,12,,,TRUE,Tidak Ada,Refund
ORD-2024-000494,11/2/2024 20:23,Ayam,52000,2.874925754,34,5,Rekomendasi deh,FALSE,Tidak Ada,Selesai
ORD-2024-000495,1/26/2024 21:11,Kopi,14500,7.701190738,29,5,Driver ramah,FALSE,Tidak Ada,Selesai
ORD-2024-000496,1/4/2024 14:45,Kopi,15500,,9,4,Mantap gan!!,TRUE,Rendah,Selesai
ORD-2024-000497,2/7/2024 2:52,Kopi,16000,2.097673716,24,5,Puas bgt,FALSE,Tidak Ada,Selesai
ORD-2024-000498,2/22/2024 4:40,Ayam,61500,1.827758612,20,5,Top bgt kualitasnya,FALSE,Tidak Ada,Selesai
ORD-2024-000499,3/25/2024 14:50,Mie,2339500,1.583940807,13,3,OK,FALSE,Tidak Ada,Selesai
ORD-2024-000500,17/03/2024 20:34,Mie,21500,5.416150529,29,,,FALSE,Tidak Ada,Selesai
ORD-2024-000501,3/29/2024 17:50,Martabak,38000,1.437235549,26,4,Top bgt kualitasnya,TRUE,Tidak Ada,Selesai
ORD-2024-000502,3/9/2024 17:06,Kopi,13500,,29,3,Biasa saja,TRUE,Tidak Ada,Selesai
ORD-2024-000503,26/03/2024 21:02,Ayam,58500,0.5,30,5,Top bgt kualitasnya,FALSE,Tidak Ada,Selesai
ORD-2024-000504,3/27/2024 19:50,Mie,20500,0.5,27,4,Rekomendasi deh,FALSE,Tidak Ada,Selesai
ORD-2024-000505,1/13/2024 12:28,Martabak,26500,1.578556058,11,5,Akan order lg nih,FALSE,Tidak Ada,Selesai
ORD-2024-000506,27/03/2024 21:09,Ayam,42000,3.801869844,43,,,TRUE,Tinggi,Selesai
ORD-2024-000507,3/2/2024 14:58,Mie,30500,,7,4,Akan order lg nih,FALSE,Tinggi,Refund
ORD-2024-000508,1/19/2024 13:29,Mie,27500,3.119348239,7,5,Makasih ya,FALSE,Tidak Ada,Selesai
ORD-2024-000509,3/2/2024 11:28,Mie,26500,3.485504361,26,2,Makanannya dingin,TRUE,Rendah,Selesai
ORD-2024-000510,2/10/2024 11:51,Martabak,49000,0.883927214,29,4,Enak bgt,TRUE,Rendah,Selesai
ORD-2024-000511,2/13/2024 18:59,Martabak,43000,2.753057534,28,5,Makanan hangat sampai,FALSE,Tidak Ada,Selesai
ORD-2024-000512,23/01/2024 19:35,Kopi,8000,3.464294278,24,5,Nggg enak 😋,TRUE,Tidak Ada,Selesai
ORD-2024-000513,1/30/2024 20:11,Mie,23000,1.885527621,22,4,Enak bgttt,TRUE,Tidak Ada,Selesai
ORD-2024-000514,2/25/2024 21:56,Mie,43000,1.231658775,22,,,TRUE,Tidak Ada,Selesai
ORD-2024-000515,2/24/2024 18:13,Ayam,42000,2.896061268,24,4,Sesuai pesanan,FALSE,Tinggi,Dibatalkan
ORD-2024-000516,1/9/2024 21:11,Ayam,86500,11.42935888,50,5,Rekomendasi deh,FALSE,Rendah,Selesai
ORD-2024-000517,2/28/2024 14:33,Kopi,14500,1.669778484,11,,,TRUE,Tidak Ada,Selesai
ORD-2024-000518,2/19/2024 21:07,Mie,24500,1.491434385,18,,,FALSE,Rendah,Selesai
ORD-2024-000519,2/28/2024 19:58,Mie,1000,1.872357583,18,5,Mantap gan!,FALSE,Tidak Ada,Selesai
ORD-2024-000520,3/27/2024 11:15,Ayam,66000,0.5,14,4,Top bgt kualitasnya,TRUE,Rendah,Selesai
ORD-2024-000521,2/17/2024 16:24,Kopi,24000,2.41668609,26,3,Yaudah minum teh,FALSE,Rendah,Selesai
ORD-2024-000522,3/14/2024 18:31,Kopi,10000,1.195605768,14,3,Yaudah minum teh,FALSE,Tidak Ada,Selesai
ORD-2024-000523,3/23/2024 5:35,Mie,27000,0.5,10,,,FALSE,Tidak Ada,Selesai
ORD-2024-000524,18/01/2024 14:39,Mie,26500,1.883521033,21,4,Rekomendasi deh,FALSE,Tidak Ada,Selesai
ORD-2024-000525,2/1/2024 18:52,Mie,31500,0.5,39,4,Akan order lg nih,FALSE,Rendah,Selesai
ORD-2024-000526,3/5/2024 13:43,Kopi,13000,1.541416403,7,5,Top bgt kualitasnya,TRUE,Rendah,Selesai
ORD-2024-000527,2/26/2024 17:36,Kopi,9000,0.5,24,5,Puas bgt,FALSE,Tidak Ada,Selesai
ORD-2024-000528,1/29/2024 13:14,Ayam,54000,0.5,11,,,FALSE,Tidak Ada,Refund
ORD-2024-000529,2/28/2024 20:35,Ayam,56000,5.219922179,30,5,Cepat sampai,FALSE,Tidak Ada,Selesai
ORD-2024-000530,1/15/2024 13:34,Mie,36500,7.439714458,26,,,FALSE,Tidak Ada,Selesai
ORD-2024-000531,26/02/2024 20:06,Mie,2671000,0.698349522,33,5,Puas bgt,TRUE,Tidak Ada,Selesai
ORD-2024-000532,2/1/2024 11:28,Mie,1346000,2.325013316,23,4,Cepat sampai,TRUE,Tidak Ada,Selesai
ORD-2024-000533,1/12/2024 17:49,Mie,42500,0.977016563,22,4,Nggg enak 😋,FALSE,Tidak Ada,Selesai
ORD-2024-000534,3/16/2024 22:39,Kopi,15000,2.04115157,5,5,Akan order lg nih,FALSE,Tidak Ada,Selesai
ORD-2024-000535,19/03/2024 12:52,Martabak,20500,1.721463053,12,5,Rekomendasi deh,TRUE,Tidak Ada,Selesai
ORD-2024-000536,3/13/2024 19:38,Mie,23000,0.940234993,19,4,Buruan order!11,FALSE,Tidak Ada,Selesai
ORD-2024-000537,7/2/2024 13:54,Mie,26000,3.615856793,23,3,Gapapa,FALSE,Rendah,Selesai
ORD-2024-000538,3/27/2024 4:48,Ayam,61000,0.5,15,5,Driver ramah,FALSE,Tidak Ada,Selesai
ORD-2024-000539,8/1/2024 20:08,Kopi,14000,0.5,34,4,Driver ramah,TRUE,Tidak Ada,Selesai
ORD-2024-000540,2/1/2024 13:53,Ayam,77500,4.378859668,33,,,FALSE,Tidak Ada,Selesai
ORD-2024-000541,3/27/2024 18:36,Mie,18000,3.289214462,20,3,Yaudah minum teh,FALSE,Rendah,Selesai
ORD-2024-000542,23/02/2024 17:40,Martabak,17000,2.070611295,13,5,Wow enak bgt,FALSE,Rendah,Selesai
ORD-2024-000543,12/1/2024 19:44,Ayam,70000,1.892150098,11,3,OK,FALSE,Rendah,Selesai
ORD-2024-000544,28/02/2024 10:37,Martabak,13000,2.063949886,13,4,Makasih ya,FALSE,Tidak Ada,Selesai
ORD-2024-000545,1/12/2024 14:40,Martabak,28500,1.723555247,15,5,Akan order lg nih,FALSE,Tidak Ada,Selesai
ORD-2024-000546,9/1/2024 12:13,Kopi,30000,1.4971472,19,,,TRUE,Tidak Ada,Selesai
ORD-2024-000547,3/4/2024 13:21,Ayam,51500,2.077585733,25,5,Driver ramah,TRUE,Tidak Ada,Selesai
ORD-2024-000548,3/13/2024 10:57,Martabak,21500,2.255605061,20,,,FALSE,Rendah,Selesai
ORD-2024-000549,6/1/2024 14:01,Kopi,16500,3.532015153,26,4,Cepat sampai,FALSE,Tidak Ada,Selesai
ORD-2024-000550,21/01/2024 17:27,Martabak,29500,3.726137001,27,,,TRUE,Rendah,Selesai
ORD-2024-000551,17/01/2024 09:10,Kopi,17000,1.422657089,35,2,Kecewa bgt,TRUE,Tinggi,Selesai
ORD-2024-000552,2/5/2024 13:16,Mie,30500,1.600955117,11,3,OK,FALSE,Rendah,Selesai
ORD-2024-000553,3/24/2024 14:40,Kopi,12000,1.403763811,17,4,Cepat sampai,TRUE,Tidak Ada,Selesai
ORD-2024-000554,1/30/2024 17:45,Kopi,23500,2.307078235,5,,,TRUE,Tinggi,Dibatalkan
ORD-2024-000555,3/2/2024 12:33,Mie,27500,1.811859021,15,,,FALSE,Rendah,Selesai
ORD-2024-000556,1/2/2024 3:55,Kopi,19500,6.610839327,23,4,Makanan hangat sampai,FALSE,Tidak Ada,Selesai
ORD-2024-000557,2/3/2024 14:05,Ayam,41000,3.575749987,18,3,Gapapa,FALSE,Rendah,Selesai
ORD-2024-000558,1/14/2024 13:08,Ayam,73000,6.867715186,25,5,Cepat sampai,FALSE,Tidak Ada,Selesai
ORD-2024-000559,1/18/2024 18:04,Martabak,28000,3.704708652,12,3,Biasa saja,TRUE,Tinggi,Selesai
ORD-2024-000560,3/19/2024 14:22,Martabak,32000,10.62056624,51,5,Makanan hangat sampai,FALSE,Tidak Ada,Refund
ORD-2024-000561,20/01/2024 19:43,Martabak,23000,3.029635608,30,5,Nggg enak 😋,FALSE,Tidak Ada,Selesai
ORD-2024-000562,1/12/2024 4:48,Ayam,35000,9.935452833,34,3,OK,FALSE,Rendah,Selesai
ORD-2024-000563,2/19/2024 20:20,Ayam,63000,0.516531166,5,2,Bau gak tauu,FALSE,Tinggi,Refund
ORD-2024-000564,2/5/2024 18:35,Ayam,44000,0.5,15,2,Kurang sambelnya,TRUE,Tinggi,Refund
ORD-2024-000565,3/18/2024 11:54,Kopi,13000,2.596259525,26,5,Puas bgt,TRUE,Tinggi,Selesai
ORD-2024-000566,2/8/2024 12:47,Kopi,14000,12.31194964,63,2,Paket berantakan,FALSE,Tinggi,Selesai
ORD-2024-000567,1/7/2024 7:31,Kopi,19500,1.621820376,7,5,Nggg enak 😋,TRUE,Rendah,Selesai
ORD-2024-000568,4/3/2024 17:33,Kopi,14000,0.714936656,9,5,Nggg enak 😋,TRUE,Tidak Ada,Selesai
ORD-2024-000569,16/02/2024 04:24,Mie,25000,2.211557085,8,4,Driver ramah,FALSE,Rendah,Selesai
ORD-2024-000570,23/02/2024 18:48,Ayam,52000,3.139186503,16,5,Driver ramah,TRUE,Tidak Ada,Selesai
ORD-2024-000571,1/10/2024 11:00,Kopi,8500,1.135792032,9,4,Akan order lg nih,FALSE,Tidak Ada,Selesai
ORD-2024-000572,1/8/2024 12:32,Martabak,19000,3.763371473,21,5,Mantap gan!,FALSE,Tidak Ada,Selesai
ORD-2024-000573,3/5/2024 13:44,Kopi,18000,11.08041077,49,,,FALSE,Rendah,Dibatalkan
ORD-2024-000574,3/9/2024 18:17,Martabak,24500,,38,,,FALSE,Tidak Ada,Selesai
ORD-2024-000575,3/6/2024 4:34,Mie,33500,1.034177178,6,5,Rekomendasi deh,FALSE,Tidak Ada,Selesai
ORD-2024-000576,3/22/2024 20:43,Mie,33000,,15,5,Cepat sampai,TRUE,Tidak Ada,Selesai
ORD-2024-000577,3/30/2024 18:03,Ayam,63500,1.393454535,8,5,Akan order lg nih,TRUE,Tidak Ada,Selesai
ORD-2024-000578,2/25/2024 11:19,Mie,38500,1.505363654,5,4,Mantap gan!!!,TRUE,Tidak Ada,Selesai
ORD-2024-000579,1/23/2024 12:44,Kopi,16000,0.5,19,,,FALSE,Tidak Ada,Selesai
ORD-2024-000580,2/14/2024 19:10,Ayam,62500,4.305985435,21,5,Wow enak bgt,FALSE,Tidak Ada,Selesai
ORD-2024-000581,2/4/2024 3:49,Kopi,14000,1.363994089,5,,,FALSE,Tidak Ada,Selesai
ORD-2024-000582,24/02/2024 11:16,Mie,43000,6.356293399,40,4,Enak bgttt,FALSE,Tidak Ada,Selesai
ORD-2024-000583,3/21/2024 14:32,Kopi,2335500,7.84944836,38,5,Enak bgt!!!,FALSE,Tidak Ada,Selesai
ORD-2024-000584,3/13/2024 12:16,Ayam,51500,0.5,18,,,TRUE,Tidak Ada,Selesai
ORD-2024-000585,3/14/2024 3:14,Martabak,1000,13.39702569,54,,,FALSE,Tinggi,Selesai
ORD-2024-000586,1/6/2024 0:15,Ayam,38000,3.713858231,12,5,Sesuai pesanan,FALSE,Tidak Ada,Selesai
ORD-2024-000587,2/19/2024 5:59,Ayam,58000,2.20435994,24,4,Wow enak bgt,FALSE,Tidak Ada,Selesai
ORD-2024-000588,24/03/2024 19:15,Ayam,74500,1.480566627,5,5,Akan order lg nih,TRUE,Tidak Ada,Selesai
ORD-2024-000589,2/10/2024 11:36,Ayam,49000,2.192660121,16,,,FALSE,Tinggi,Selesai
ORD-2024-000590,3/27/2024 5:14,Ayam,40500,1.177460334,10,4,Sesuai pesanan,FALSE,Tidak Ada,Selesai
ORD-2024-000591,6/1/2024 2:56,Ayam,66000,2.924047061,13,4,Top bgt kualitasnya,TRUE,Tidak Ada,Selesai
ORD-2024-000592,2/9/2024 14:00,Martabak,30500,0.5,26,5,Akan order lg nih,FALSE,Tidak Ada,Selesai
ORD-2024-000593,3/13/2024 23:39,Ayam,54500,,21,4,Buruan order!11,TRUE,Tinggi,Dibatalkan
ORD-2024-000594,3/16/2024 6:46,Ayam,37500,0.966178178,5,5,Top bgt kualitasnya,TRUE,Rendah,Selesai
ORD-2024-000595,2/1/2024 14:01,Mie,14000,0.5,5,5,Mantap gan!,FALSE,Tidak Ada,Selesai
ORD-2024-000596,3/22/2024 0:21,Kopi,17500,2.413615979,34,5,Puas bgt,TRUE,Tidak Ada,Selesai
ORD-2024-000597,2/18/2024 23:19,Martabak,37000,2.591434683,14,3,Biasa saja,FALSE,Tinggi,Selesai
ORD-2024-000598,1/31/2024 17:09,Ayam,500,1.668353015,10,3,Biasa saja,FALSE,Rendah,Selesai
ORD-2024-000599,6/1/2024 16:26,Ayam,47500,0.5,21,4,Rekomendasi deh,FALSE,Tidak Ada,Selesai
ORD-2024-000600,2/28/2024 2:37,Ayam,48500,6.714410275,16,5,Buruan order!11,FALSE,Tidak Ada,Selesai
ORD-2024-000601,3/22/2024 2:37,Ayam,80000,2.835852068,30,3,Standar lah,TRUE,Rendah,Selesai
ORD-2024-000602,25/03/2024 07:18,Ayam,80000,0.5,5,5,Enak bgt!!,FALSE,Tidak Ada,Selesai
ORD-2024-000603,2/20/2024 23:20,Ayam,46000,2.145752488,21,5,Sesuai pesanan,FALSE,Tidak Ada,Selesai
ORD-2024-000604,1/30/2024 12:08,Ayam,50000,2.063012505,15,5,Puas bgt,FALSE,Tidak Ada,Selesai
ORD-2024-000605,1/14/2024 12:28,Ayam,51000,0.5,5,4,Akan order lg nih,FALSE,Rendah,Selesai
ORD-2024-000606,1/16/2024 18:28,Kopi,16500,2.800766228,24,5,Makasih ya,FALSE,Rendah,Selesai
ORD-2024-000607,1/16/2024 13:52,Ayam,35500,4.955884044,39,,,FALSE,Tidak Ada,Selesai
ORD-2024-000608,1/6/2024 13:09,Kopi,12000,4.147003287,5,4,Makasih ya,FALSE,Tidak Ada,Selesai
ORD-2024-000609,2/15/2024 17:43,Kopi,22000,0.680586674,5,5,Driver ramah,FALSE,Tidak Ada,Selesai
ORD-2024-000610,1/23/2024 14:54,Martabak,38000,5.947870869,45,,,FALSE,Rendah,Selesai
ORD-2024-000611,3/11/2024 14:06,Ayam,69500,,20,5,Sesuai pesanan,TRUE,Tidak Ada,Selesai
ORD-2024-000612,16/01/2024 12:08,Martabak,29500,8.784690723,48,1,Kecewa bgt,FALSE,Tinggi,Dibatalkan
ORD-2024-000613,2/17/2024 20:05,Martabak,44000,0.5,23,4,Driver ramah,FALSE,Tidak Ada,Selesai
ORD-2024-000614,1/10/2024 11:12,Ayam,51000,1.997814314,24,4,Makanan hangat sampai,FALSE,Tidak Ada,Selesai
ORD-2024-000615,17/01/2024 13:07,Mie,32000,2.727382179,23,5,Sesuai pesanan,TRUE,Rendah,Selesai
ORD-2024-000616,1/7/2024 14:52,Mie,16500,0.853661306,26,5,Driver ramah,FALSE,Rendah,Selesai
ORD-2024-000617,1/4/2024 20:11,Ayam,47500,4.427084604,24,4,Nggg enak 😋,FALSE,Tidak Ada,Selesai
ORD-2024-000618,1/24/2024 14:56,Ayam,49000,2.957691659,22,4,Rekomendasi deh,TRUE,Tidak Ada,Refund
ORD-2024-000619,20/03/2024 19:31,Mie,25500,0.5,22,,,FALSE,Tidak Ada,Selesai
ORD-2024-000620,3/2/2024 13:24,Martabak,20000,2.812302492,15,,,FALSE,Tidak Ada,Selesai
ORD-2024-000621,23/03/2024 16:15,Ayam,63500,2.028741783,27,5,Makanan hangat sampai,FALSE,Tinggi,Dibatalkan
ORD-2024-000622,3/10/2024 12:50,Ayam,68500,0.654576993,17,5,Makanan hangat sampai,TRUE,Tidak Ada,Selesai
ORD-2024-000623,3/10/2024 11:58,Kopi,13500,16.38125766,60,,,FALSE,Tinggi,Dibatalkan
ORD-2024-000624,2/19/2024 11:20,Kopi,11500,6.823806717,35,5,Sesuai pesanan,TRUE,Tidak Ada,Selesai
ORD-2024-000625,2/5/2024 14:33,Martabak,500,1.038085578,5,,,FALSE,Tidak Ada,Selesai
ORD-2024-000626,1/30/2024 3:15,Kopi,13000,2.336578777,18,4,Makasih ya,TRUE,Tidak Ada,Dibatalkan
ORD-2024-000627,9/3/2024 23:03,Kopi,14500,1.141595261,10,5,Puas bgt,FALSE,Tidak Ada,Selesai
ORD-2024-000628,29/01/2024 20:22,Martabak,32500,4.481581945,20,5,Nggg enak 😋,TRUE,Tidak Ada,Dibatalkan
ORD-2024-000629,1/23/2024 13:51,Ayam,59000,7.992018124,24,5,Top bgt kualitasnya,FALSE,Tidak Ada,Selesai
ORD-2024-000630,3/16/2024 13:36,Ayam,500,1.333375422,9,,,FALSE,Tidak Ada,Selesai
ORD-2024-000631,1/25/2024 15:34,Martabak,37500,4.913269102,23,,,FALSE,Tidak Ada,Selesai
ORD-2024-000632,1/5/2024 12:38,Mie,36000,2.069901981,16,4,Rekomendasi deh,TRUE,Tidak Ada,Selesai
ORD-2024-000633,3/2/2024 12:51,Kopi,12000,1.515418269,5,4,Top bgt kualitasnya,TRUE,Rendah,Selesai
ORD-2024-000634,1/23/2024 10:03,Kopi,12500,8.36234464,35,5,Akan order lg nih,FALSE,Tidak Ada,Selesai
ORD-2024-000635,19/01/2024 16:55,Ayam,44000,2.142528373,9,,,TRUE,Tidak Ada,Selesai
ORD-2024-000636,2/17/2024 21:25,Kopi,13500,1.890012963,28,,,TRUE,Tidak Ada,Selesai
ORD-2024-000637,2/8/2024 12:46,Kopi,17500,3.348200834,34,4,Mantap gan!,FALSE,Tidak Ada,Selesai
ORD-2024-000638,3/3/2024 18:45,Ayam,1000,0.908322973,13,5,Rekomendasi deh,FALSE,Tidak Ada,Refund
ORD-2024-000639,19/03/2024 07:42,Ayam,19000,1.178207331,26,,,TRUE,Tidak Ada,Selesai
ORD-2024-000640,2/18/2024 13:08,Kopi,22500,8.06676559,40,4,Cepat sampai,FALSE,Tidak Ada,Selesai
ORD-2024-000641,30/03/2024 12:54,Ayam,2970500,3.404551714,12,4,Puas bgt,FALSE,Tidak Ada,Dibatalkan
ORD-2024-000642,5/1/2024 13:58,Ayam,38000,5.257105408,42,4,Cepat sampai,TRUE,Tidak Ada,Selesai
ORD-2024-000643,1/29/2024 17:59,Ayam,57500,0.948704602,31,5,Top bgt kualitasnya,FALSE,Tidak Ada,Selesai
ORD-2024-000644,10/1/2024 13:10,Ayam,21000,2.354407396,30,2,Lama bgt nunggunya,TRUE,Tinggi,Selesai
ORD-2024-000645,12/1/2024 21:40,Ayam,62000,10.66265413,43,2,Bau gak tauu,TRUE,Tinggi,Dibatalkan
ORD-2024-000646,2/27/2024 12:15,Mie,25000,1.151274792,5,5,Mantap gan!!,TRUE,Rendah,Selesai
ORD-2024-000647,2/2/2024 23:00,Kopi,14500,0.524762345,9,5,Cepat sampai,TRUE,Tidak Ada,Selesai
ORD-2024-000648,2/23/2024 13:31,Martabak,32000,2.145479114,43,2,Lama bgt nunggunya,FALSE,Tinggi,Selesai
ORD-2024-000649,3/10/2024 20:50,Martabak,33500,1.472192102,6,4,Driver ramah,TRUE,Tidak Ada,Selesai
ORD-2024-000650,28/03/2024 14:04,Kopi,19500,0.521550658,22,3,Lumayan,FALSE,Tidak Ada,Selesai
ORD-2024-000651,2/7/2024 13:06,Ayam,71000,6.582574877,35,4,Nggg enak 😋,FALSE,Tidak Ada,Selesai
ORD-2024-000652,18/02/2024 11:35,Kopi,18000,14.04094565,72,1,Gak sesuai foto,FALSE,Tinggi,Dibatalkan
ORD-2024-000653,2/13/2024 21:57,Kopi,10500,2.52203472,9,5,Wow enak bgt,FALSE,Tidak Ada,Dibatalkan
ORD-2024-000654,2/25/2024 5:38,Martabak,26500,,21,5,Sesuai pesanan,FALSE,Tinggi,Selesai
ORD-2024-000655,1/7/2024 12:12,Kopi,29000,5.87780265,25,3,Standar lah,TRUE,Rendah,Selesai
ORD-2024-000656,3/10/2024 13:19,Ayam,63500,3.621754581,17,5,Cepat sampai,FALSE,Tidak Ada,Selesai
ORD-2024-000657,2/20/2024 20:09,Ayam,4654500,0.5,21,,,FALSE,Tidak Ada,Selesai
ORD-2024-000658,2/24/2024 14:12,Kopi,19000,0.514622865,5,5,Cepat sampai,FALSE,Tidak Ada,Refund
ORD-2024-000659,1/22/2024 17:30,Martabak,30500,0.5,17,5,Rekomendasi deh,FALSE,Rendah,Selesai
ORD-2024-000660,2/20/2024 19:05,Kopi,2260500,0.5,14,5,Makasih ya,FALSE,Tidak Ada,Selesai
ORD-2024-000661,1/24/2024 20:23,Kopi,17500,1.095834431,7,5,Makasih ya,TRUE,Tidak Ada,Selesai
ORD-2024-000662,2/3/2024 19:14,Mie,28000,,10,5,Top bgt kualitasnya,FALSE,Tidak Ada,Selesai
ORD-2024-000663,1/8/2024 11:05,Martabak,29500,0.827378026,18,4,Driver ramah,TRUE,Tinggi,Selesai
ORD-2024-000664,3/10/2024 21:14,Ayam,22500,0.5,14,4,Top bgt kualitasnya,FALSE,Tidak Ada,Selesai
ORD-2024-000665,19/02/2024 13:34,Ayam,52000,2.264193992,21,5,Rekomendasi deh,FALSE,Tidak Ada,Selesai
ORD-2024-000666,3/1/2024 18:30,Ayam,72000,,13,5,Makasih ya,FALSE,Tidak Ada,Selesai
ORD-2024-000667,1/5/2024 21:51,Ayam,41500,4.7694523,26,3,Yaudah minum teh,TRUE,Rendah,Selesai
ORD-2024-000668,20/03/2024 14:11,Ayam,58500,0.5,14,5,Cepat sampai,FALSE,Tidak Ada,Selesai
ORD-2024-000669,1/25/2024 14:05,Ayam,66000,5.545504769,46,,,FALSE,Tidak Ada,Selesai
ORD-2024-000670,3/21/2024 13:20,Ayam,36500,9.286901744,51,3,Biasa saja,FALSE,Rendah,Selesai
ORD-2024-000671,9/1/2024 14:35,Ayam,44000,3.777770185,24,5,Makanan hangat sampai,TRUE,Tidak Ada,Selesai
ORD-2024-000672,3/7/2024 17:50,Mie,19000,,16,,,FALSE,Tinggi,Selesai
ORD-2024-000673,3/7/2024 3:26,Ayam,37500,8.134472362,31,5,Buruan order!!!11,FALSE,Tidak Ada,Selesai
ORD-2024-000674,3/16/2024 17:59,Kopi,11000,0.703642307,6,4,Mantap gan!!!,FALSE,Rendah,Selesai
ORD-2024-000675,13/01/2024 17:56,Kopi,12500,15.64500093,61,5,Driver ramah,FALSE,Tidak Ada,Selesai
ORD-2024-000676,2/3/2024 20:36,Mie,36000,4.454782051,10,5,Enak bgt!!!!!!!!!,FALSE,Tidak Ada,Selesai
ORD-2024-000677,1/23/2024 12:39,Ayam,36000,,26,1,Paket berantakan,TRUE,Rendah,Dibatalkan
ORD-2024-000678,2/21/2024 13:44,Kopi,17000,1.343977757,37,4,Enak bgttt,FALSE,Tinggi,Dibatalkan
ORD-2024-000679,1/3/2024 11:01,Mie,22500,,22,2,Driver gak ramah,FALSE,Tinggi,Dibatalkan
ORD-2024-000680,2/8/2024 14:54,Mie,34500,3.183236778,30,5,Enak bgt!!!,TRUE,Rendah,Selesai
ORD-2024-000681,1/30/2024 14:49,Mie,35000,2.905460101,32,5,Buruan order!11,TRUE,Tidak Ada,Selesai
ORD-2024-000682,2/23/2024 17:12,Ayam,66000,3.662183553,22,5,Makasih ya,FALSE,Rendah,Selesai
ORD-2024-000683,22/02/2024 16:55,Ayam,56500,0.5,10,5,Puas bgt,TRUE,Tidak Ada,Dibatalkan
ORD-2024-000684,3/6/2024 2:19,Martabak,28500,1.31853237,5,,,TRUE,Tidak Ada,Selesai
ORD-2024-000685,1/18/2024 16:56,Mie,17500,1.70748369,17,4,Nggg enak 😋,TRUE,Tidak Ada,Dibatalkan
ORD-2024-000686,1/25/2024 6:53,Kopi,25000,0.905867571,13,4,Cepat sampai,TRUE,Tidak Ada,Selesai
ORD-2024-000687,2/28/2024 13:45,Kopi,13500,0.568499953,6,4,Akan order lg nih,FALSE,Rendah,Selesai
ORD-2024-000688,2/29/2024 17:43,Ayam,62500,0.5,25,4,Puas bgt,FALSE,Rendah,Selesai
ORD-2024-000689,3/3/2024 18:55,Martabak,38000,1.368933681,9,5,Enak bgttt,TRUE,Tidak Ada,Selesai
ORD-2024-000690,2/14/2024 13:47,Ayam,1500,2.040347578,47,2,Buruk sx layanannya,TRUE,Tinggi,Dibatalkan
ORD-2024-000691,2/6/2024 11:10,Ayam,42000,0.5,18,4,Rekomendasi deh,FALSE,Tidak Ada,Selesai
ORD-2024-000692,1/28/2024 20:14,Kopi,15000,8.781871959,43,1,Kurang sambelnya,FALSE,Tinggi,Selesai
ORD-2024-000693,24/03/2024 17:55,Kopi,23000,4.347617153,46,,,FALSE,Tidak Ada,Dibatalkan
ORD-2024-000694,3/28/2024 12:41,Ayam,38500,3.937479066,5,5,Cepat sampai,TRUE,Tidak Ada,Selesai
ORD-2024-000695,1/2/2024 13:45,Ayam,76500,0.569345839,11,5,Top bgt kualitasnya,FALSE,Tidak Ada,Dibatalkan
ORD-2024-000696,2/24/2024 11:29,Martabak,34000,2.777514249,18,5,Mantap gan!,FALSE,Tidak Ada,Selesai
ORD-2024-000697,2/8/2024 19:25,Ayam,31000,2.263312608,18,,,FALSE,Tidak Ada,Selesai
ORD-2024-000698,3/6/2024 11:35,Kopi,25000,12.13132722,58,,,TRUE,Rendah,Selesai
ORD-2024-000699,2/6/2024 11:30,Ayam,44000,4.131073618,25,,,TRUE,Tidak Ada,Selesai
ORD-2024-000700,2/5/2024 19:16,Kopi,21500,2.572381159,35,4,Makasih ya,FALSE,Rendah,Selesai
ORD-2024-000701,3/24/2024 12:33,Kopi,17000,5.707657472,37,3,Standar lah,TRUE,Rendah,Selesai
ORD-2024-000702,1/8/2024 19:25,Ayam,58000,0.505590663,18,5,Nggg enak 😋,TRUE,Tinggi,Selesai
ORD-2024-000703,1/18/2024 20:31,Ayam,66500,,18,4,Buruan order!11,FALSE,Tidak Ada,Selesai
ORD-2024-000704,23/02/2024 17:37,Ayam,65500,3.51580786,12,5,Enak bgt!!!!!!,FALSE,Tidak Ada,Selesai
ORD-2024-000705,1/25/2024 12:43,Ayam,46000,0.5,16,4,Sesuai pesanan,FALSE,Tinggi,Selesai
ORD-2024-000706,3/1/2024 21:22,Mie,0,0.5,16,4,Sesuai pesanan,FALSE,Tidak Ada,Selesai
ORD-2024-000707,1/22/2024 17:11,Ayam,46000,4.095721391,16,5,Driver ramah,FALSE,Tidak Ada,Selesai
ORD-2024-000708,1/17/2024 23:51,Mie,28000,0.94633103,20,3,OK,FALSE,Rendah,Selesai
ORD-2024-000709,1/24/2024 10:41,Ayam,59000,2.971679046,5,4,Nggg enak 😋,FALSE,Tidak Ada,Refund
ORD-2024-000710,29/01/2024 09:26,Martabak,2383500,7.481488359,53,1,😠😠😠,FALSE,Tinggi,Dibatalkan
ORD-2024-000711,2/17/2024 13:29,Martabak,36000,1.141474085,16,,,FALSE,Tinggi,Selesai
ORD-2024-000712,1/7/2024 18:37,Kopi,15000,0.734420129,6,5,Wow enak bgt,TRUE,Tidak Ada,Selesai
ORD-2024-000713,1/25/2024 20:33,Kopi,21500,0.5,20,5,Mantap gan!,FALSE,Tidak Ada,Selesai
ORD-2024-000714,20/01/2024 12:21,Kopi,14000,0.5,20,4,Cepat sampai,TRUE,Tidak Ada,Selesai
ORD-2024-000715,2/28/2024 12:49,Ayam,36500,0.5,33,5,Sesuai pesanan,FALSE,Tidak Ada,Dibatalkan
ORD-2024-000716,3/21/2024 10:40,Mie,49000,0.5,26,,,FALSE,Tidak Ada,Selesai
ORD-2024-000717,2/5/2024 12:36,Mie,30000,1.696925818,5,4,Wow enak bgt,FALSE,Tidak Ada,Selesai
ORD-2024-000718,1/12/2024 14:40,Mie,30000,1.160806247,14,4,Driver ramah,FALSE,Tidak Ada,Selesai
ORD-2024-000719,3/2/2024 17:34,Ayam,61500,3.678254595,17,5,Enak bgt,FALSE,Tidak Ada,Dibatalkan
ORD-2024-000720,1/2/2024 16:12,Martabak,40500,6.126244404,34,5,Driver ramah,TRUE,Rendah,Selesai
ORD-2024-000721,3/21/2024 7:44,Mie,29000,4.608188813,35,3,Gapapa,FALSE,Rendah,Selesai
ORD-2024-000722,17/01/2024 13:10,Ayam,65000,,8,4,Buruan order!11,FALSE,Tidak Ada,Selesai
ORD-2024-000723,2/8/2024 14:46,Ayam,34000,0.5,13,4,Buruan order!11,TRUE,Tidak Ada,Selesai
ORD-2024-000724,2/13/2024 18:21,Martabak,37500,3.711216626,19,4,Nggg enak 😋,TRUE,Tidak Ada,Selesai
ORD-2024-000725,1/25/2024 14:01,Kopi,15500,1.352150345,25,4,Wow enak bgt,FALSE,Tidak Ada,Selesai
ORD-2024-000726,1/17/2024 11:37,Mie,30500,0.5,18,5,Rekomendasi deh,FALSE,Tidak Ada,Selesai
ORD-2024-000727,2/16/2024 1:24,Ayam,23000,5.544349668,36,5,Akan order lg nih,TRUE,Tinggi,Selesai
ORD-2024-000728,3/9/2024 21:03,Martabak,34500,1.238450525,12,5,Sesuai pesanan,TRUE,Tidak Ada,Selesai
ORD-2024-000729,1/3/2024 11:26,Ayam,14000,0.738656368,14,4,Driver ramah,FALSE,Tidak Ada,Selesai
ORD-2024-000730,3/11/2024 12:13,Ayam,47000,6.154360219,38,1,Ayamnya keras,TRUE,Rendah,Selesai
ORD-2024-000731,1/2/2024 11:42,Ayam,23000,6.972464216,34,3,Standar lah,FALSE,Tidak Ada,Selesai
ORD-2024-000732,3/18/2024 13:53,Mie,30500,1.241871963,19,5,Makasih ya,FALSE,Rendah,Selesai
ORD-2024-000733,3/20/2024 11:50,Martabak,30500,1.314591397,29,4,Makasih ya,TRUE,Tidak Ada,Refund
ORD-2024-000734,18/03/2024 13:53,Kopi,13000,2.599849501,42,,,FALSE,Tinggi,Selesai
ORD-2024-000735,2/15/2024 9:10,Kopi,22500,3.966484572,18,2,Ayamnya keras,FALSE,Tinggi,Dibatalkan
ORD-2024-000736,1/27/2024 15:21,Mie,19500,0.5,29,5,Cepat sampai,FALSE,Rendah,Selesai
ORD-2024-000737,3/26/2024 11:53,Kopi,3500,2.69936045,17,5,Rekomendasi deh,FALSE,Tidak Ada,Selesai
ORD-2024-000738,1/20/2024 16:04,Mie,29500,9.161359544,44,2,Ayamnya keras,FALSE,Tinggi,Selesai
ORD-2024-000739,2/2/2024 20:18,Kopi,9000,0.911816083,11,5,Nggg enak 😋,FALSE,Tidak Ada,Selesai
ORD-2024-000740,1/13/2024 1:54,Kopi,13000,7.18499648,23,5,Makasih ya,FALSE,Tidak Ada,Selesai
ORD-2024-000741,3/27/2024 11:06,Kopi,14500,8.997314308,56,3,Gapapa,TRUE,Rendah,Selesai
ORD-2024-000742,1/6/2024 12:42,Ayam,27500,0.940656061,15,4,Wow enak bgt,TRUE,Tidak Ada,Selesai
ORD-2024-000743,2/15/2024 19:17,Martabak,26500,4.209734019,39,,,FALSE,Tidak Ada,Selesai
ORD-2024-000744,2/17/2024 5:07,Kopi,10500,0.818478936,18,4,Nggg enak 😋,FALSE,Rendah,Dibatalkan
ORD-2024-000745,2/28/2024 14:44,Ayam,54000,4.01378328,30,5,Enak bgt,TRUE,Tidak Ada,Selesai
ORD-2024-000746,2/23/2024 18:07,Mie,17500,4.789860801,35,2,Buruk sx layanannya,FALSE,Tinggi,Selesai
ORD-2024-000747,8/1/2024 5:06,Kopi,16500,0.851889802,21,,,FALSE,Tidak Ada,Selesai
ORD-2024-000748,3/2/2024 21:28,Kopi,21500,3.774965378,34,4,Sesuai pesanan,TRUE,Tidak Ada,Selesai
ORD-2024-000749,2/15/2024 18:30,Mie,31500,5.015608586,26,5,Makasih ya,TRUE,Rendah,Dibatalkan
ORD-2024-000750,2/22/2024 17:16,Martabak,29500,1.332207156,21,5,Wow enak bgt,TRUE,Tidak Ada,Selesai
ORD-2024-000751,3/27/2024 21:46,Ayam,35000,0.550696985,28,4,Enak bgt,FALSE,Rendah,Selesai
ORD-2024-000752,3/26/2024 16:33,Mie,27000,0.5,12,3,Yaudah minum teh,FALSE,Rendah,Selesai
ORD-2024-000753,1/13/2024 18:30,Martabak,25000,2.569693919,17,,,TRUE,Tidak Ada,Selesai
ORD-2024-000754,3/23/2024 21:57,Ayam,55000,11.46354831,47,5,Sesuai pesanan,FALSE,Rendah,Selesai
ORD-2024-000755,23/03/2024 16:54,Ayam,23000,5.193974724,32,5,Mantap gan!,FALSE,Tidak Ada,Selesai
ORD-2024-000756,1/22/2024 14:20,Martabak,36000,1.717250219,16,4,Buruan order!11,FALSE,Tidak Ada,Selesai
ORD-2024-000757,2/5/2024 12:35,Martabak,30000,2.307629327,24,,,TRUE,Tidak Ada,Selesai
ORD-2024-000758,1/31/2024 14:51,Kopi,26000,0.983545701,13,,,FALSE,Tidak Ada,Selesai
ORD-2024-000759,3/4/2024 17:31,Mie,35000,0.534029718,25,4,Makasih ya,TRUE,Tidak Ada,Selesai
ORD-2024-000760,1/14/2024 17:35,Martabak,34000,1.973810175,21,5,Nggg enak 😋,TRUE,Tidak Ada,Selesai
ORD-2024-000761,12/1/2024 19:40,Ayam,49500,1.868074908,32,4,Nggg enak 😋,TRUE,Tidak Ada,Selesai
ORD-2024-000762,12/3/2024 14:21,Ayam,39500,2.213994045,33,5,Cepat sampai,TRUE,Tidak Ada,Selesai
ORD-2024-000763,1/29/2024 10:35,Ayam,67500,9.160375629,37,4,Driver ramah,FALSE,Rendah,Selesai
ORD-2024-000764,3/1/2024 11:45,Martabak,28500,2.778230127,35,5,Cepat sampai,FALSE,Tidak Ada,Selesai
ORD-2024-000765,3/25/2024 13:22,Ayam,71000,2.792476327,19,5,Makasih ya,FALSE,Rendah,Selesai
ORD-2024-000766,2/7/2024 19:44,Kopi,18000,0.5,16,5,Driver ramah,TRUE,Tidak Ada,Selesai
ORD-2024-000767,1/22/2024 20:06,Martabak,33000,16.9554488,66,1,Makanannya dingin,FALSE,Tinggi,Refund
ORD-2024-000768,25/01/2024 14:13,Mie,30000,4.446367289,34,5,Rekomendasi deh,FALSE,Rendah,Selesai
ORD-2024-000769,1/25/2024 3:48,Ayam,36000,6.291676487,31,5,Wow enak bgt,FALSE,Tidak Ada,Selesai
ORD-2024-000770,22/03/2024 18:07,Mie,19000,1.604844807,23,5,Driver ramah,TRUE,Tinggi,Selesai
ORD-2024-000771,2/28/2024 16:08,Ayam,34000,2.092237366,5,,,FALSE,Tidak Ada,Selesai
ORD-2024-000772,1/7/2024 20:53,Mie,33500,2.214959685,5,5,Akan order lg nih,TRUE,Tidak Ada,Selesai
ORD-2024-000773,3/6/2024 5:44,Ayam,35500,,5,5,Buruan order!11,FALSE,Tidak Ada,Selesai
ORD-2024-000774,1/17/2024 13:32,Kopi,13000,3.508609365,29,5,Nggg enak 😋,FALSE,Tidak Ada,Selesai
ORD-2024-000775,18/03/2024 07:17,Martabak,34000,6.9984131,36,4,Sesuai pesanan,FALSE,Rendah,Selesai
ORD-2024-000776,2/7/2024 18:08,Ayam,47500,,25,4,Sesuai pesanan,FALSE,Tidak Ada,Selesai
ORD-2024-000777,6/3/2024 13:45,Ayam,45000,0.5,10,,,TRUE,Rendah,Selesai
ORD-2024-000778,3/21/2024 12:39,Martabak,26500,4.020739925,28,3,Yaudah minum teh,TRUE,Rendah,Selesai
ORD-2024-000779,14/02/2024 04:45,Martabak,12500,,7,4,Enak bgt,TRUE,Tidak Ada,Selesai
ORD-2024-000780,1/23/2024 19:45,Martabak,22500,2.933401865,36,5,Rekomendasi deh,FALSE,Tidak Ada,Selesai
ORD-2024-000781,3/12/2024 21:42,Martabak,39000,3.569798858,18,5,Cepat sampai,TRUE,Tidak Ada,Selesai
ORD-2024-000782,3/9/2024 14:51,Kopi,14000,1.165429148,28,4,Makanan hangat sampai,FALSE,Tidak Ada,Selesai
ORD-2024-000783,1/4/2024 17:42,Ayam,19500,5.064544102,28,,,TRUE,Tidak Ada,Selesai
ORD-2024-000784,21/01/2024 21:16,Ayam,34500,2.395449637,36,5,Cepat sampai,TRUE,Rendah,Selesai
ORD-2024-000785,3/29/2024 6:48,Ayam,57500,6.097660309,30,5,Buruan order!11,TRUE,Tidak Ada,Selesai
ORD-2024-000786,2/27/2024 12:47,Mie,28500,4.322803572,29,5,Akan order lg nih,FALSE,Tidak Ada,Selesai
ORD-2024-000787,1/31/2024 19:44,Kopi,15000,6.087971224,27,5,Buruan order!11,FALSE,Tidak Ada,Selesai
ORD-2024-000788,2/18/2024 19:35,Kopi,13500,0.5,35,4,Puas bgt,FALSE,Tidak Ada,Selesai
ORD-2024-000789,2/2/2024 14:53,Kopi,10500,0.837183065,25,5,Enak bgt,TRUE,Tidak Ada,Selesai
ORD-2024-000790,3/23/2024 21:34,Mie,28500,0.5,19,4,Buruan order!11,TRUE,Tidak Ada,Selesai
ORD-2024-000791,1/25/2024 12:43,Ayam,65500,1.750635312,21,5,Makanan hangat sampai,FALSE,Tidak Ada,Selesai
ORD-2024-000792,1/23/2024 3:24,Kopi,22000,6.620737344,25,5,Nggg enak 😋,TRUE,Tidak Ada,Selesai
ORD-2024-000793,3/12/2024 12:37,Kopi,12000,1.890743982,25,4,Buruan order!11,TRUE,Tidak Ada,Selesai
ORD-2024-000794,12/2/2024 18:02,Martabak,0,5.685626329,32,5,Nggg enak 😋,TRUE,Tidak Ada,Selesai
ORD-2024-000795,3/17/2024 13:31,Ayam,1500,1.188824476,17,4,Buruan order!11,FALSE,Tidak Ada,Selesai
ORD-2024-000796,15/02/2024 13:33,Mie,35500,1.244592754,25,4,Buruan order!!11,FALSE,Rendah,Selesai
ORD-2024-000797,3/7/2024 12:26,Mie,25500,6.777477309,39,1,😠😠😠,TRUE,Tinggi,Selesai
ORD-2024-000798,1/12/2024 12:42,Kopi,16500,1.66442212,18,,,FALSE,Tidak Ada,Selesai
ORD-2024-000799,2/7/2024 14:35,Martabak,36500,4.67859494,43,2,😠😠😠,FALSE,Tinggi,Selesai
ORD-2024-000800,24/03/2024 13:28,Mie,22000,0.810090555,7,,,FALSE,Tidak Ada,Selesai
ORD-2024-000801,19/03/2024 07:02,Martabak,14000,8.916095855,24,5,Driver ramah,TRUE,Rendah,Selesai
ORD-2024-000802,2/18/2024 3:24,Ayam,63500,2.564022723,11,5,Akan order lg nih,FALSE,Tidak Ada,Selesai
ORD-2024-000803,2/6/2024 13:32,Kopi,18000,,29,,,FALSE,Tidak Ada,Selesai
ORD-2024-000804,3/3/2024 12:20,Martabak,27500,0.5,20,5,Mantap gan!!!,TRUE,Rendah,Selesai
ORD-2024-000805,1/13/2024 11:40,Kopi,19000,2.035746654,12,4,Mantap gan!!!,FALSE,Tidak Ada,Selesai
ORD-2024-000806,3/21/2024 21:27,Martabak,36000,6.939073111,72,1,Kecewa bgt,FALSE,Rendah,Selesai
ORD-2024-000807,3/9/2024 23:49,Mie,15500,6.287655091,30,5,Driver ramah,FALSE,Tidak Ada,Selesai
ORD-2024-000808,1/10/2024 4:01,Mie,26000,0.5,13,,,TRUE,Tidak Ada,Selesai
ORD-2024-000809,1/5/2024 11:11,Kopi,7000,1.085917435,5,4,Akan order lg nih,TRUE,Tidak Ada,Selesai
ORD-2024-000810,1/10/2024 18:58,Ayam,49500,1.757294166,5,5,Enak bgttt,FALSE,Tidak Ada,Selesai
ORD-2024-000811,2/27/2024 20:20,Mie,23500,0.567186,5,4,Akan order lg nih,FALSE,Tidak Ada,Selesai
ORD-2024-000812,1/16/2024 21:04,Mie,29500,3.927981193,39,,,FALSE,Tidak Ada,Selesai
ORD-2024-000813,1/6/2024 2:22,Ayam,33500,0.6119057,22,5,Rekomendasi deh,FALSE,Rendah,Selesai
ORD-2024-000814,2/7/2024 9:38,Mie,23000,1.276879596,14,5,Enak bgt!!!,FALSE,Tidak Ada,Selesai
ORD-2024-000815,2/26/2024 17:30,Mie,3500,,12,5,Rekomendasi deh,FALSE,Tidak Ada,Selesai
ORD-2024-000816,1/18/2024 17:18,Kopi,19000,1.973857594,16,5,Cepat sampai,TRUE,Tidak Ada,Selesai
ORD-2024-000817,27/03/2024 23:41,Kopi,16000,4.024778072,33,5,Rekomendasi deh,FALSE,Rendah,Dibatalkan
ORD-2024-000818,1/2/2024 21:09,Kopi,17000,9.748616079,42,4,Cepat sampai,FALSE,Tidak Ada,Selesai
ORD-2024-000819,3/14/2024 21:35,Ayam,26500,0.5,5,,,TRUE,Rendah,Selesai
ORD-2024-000820,2/14/2024 12:10,Ayam,58000,3.709154498,22,4,Makasih ya,TRUE,Rendah,Selesai
ORD-2024-000821,2/2/2024 12:42,Mie,37500,0.785435458,12,5,Akan order lg nih,TRUE,Tidak Ada,Selesai
ORD-2024-000822,1/7/2024 17:29,Ayam,48500,1.605748045,25,4,Buruan order!11,FALSE,Tidak Ada,Selesai
ORD-2024-000823,2/7/2024 8:06,Ayam,62500,0.5,5,,,TRUE,Tidak Ada,Selesai
ORD-2024-000824,3/3/2024 11:08,Kopi,13000,0.5,15,5,Nggg enak 😋,FALSE,Tidak Ada,Selesai
ORD-2024-000825,1/13/2024 11:57,Kopi,1542000,1.156005055,9,5,Nggg enak 😋,FALSE,Tidak Ada,Selesai
ORD-2024-000826,2/27/2024 13:44,Mie,25500,,11,4,Sesuai pesanan,FALSE,Rendah,Selesai
ORD-2024-000827,3/13/2024 19:27,Ayam,38000,6.895337509,44,3,Yaudah minum teh,FALSE,Tidak Ada,Selesai
ORD-2024-000828,2/1/2024 22:47,Ayam,43000,4.062212397,12,5,Makanan hangat sampai,FALSE,Tidak Ada,Selesai
ORD-2024-000829,2/16/2024 13:56,Martabak,43000,10.74632037,52,4,Mantap gan!,TRUE,Tidak Ada,Selesai
ORD-2024-000830,2/15/2024 15:35,Kopi,26500,2.741916593,22,5,Buruan order!11,FALSE,Rendah,Selesai
ORD-2024-000831,3/18/2024 13:54,Ayam,55000,0.830082907,21,4,Makasih ya,FALSE,Tidak Ada,Selesai
ORD-2024-000832,9/3/2024 11:46,Kopi,14500,1.190951166,23,5,Mantap gan!,TRUE,Tidak Ada,Selesai
ORD-2024-000833,3/5/2024 21:37,Ayam,32000,1.156263662,22,5,Akan order lg nih,TRUE,Tidak Ada,Selesai
ORD-2024-000834,28/01/2024 17:16,Ayam,59500,1.185776583,23,5,Enak bgt!!!!,FALSE,Tidak Ada,Selesai
ORD-2024-000835,3/10/2024 18:23,Kopi,24000,3.353056655,16,,,TRUE,Rendah,Selesai
ORD-2024-000836,3/16/2024 9:08,Kopi,15500,2.270229178,28,4,Akan order lg nih,FALSE,Tidak Ada,Selesai
ORD-2024-000837,1/12/2024 21:00,Mie,500,1.460468909,6,5,Nggg enak 😋,FALSE,Tidak Ada,Selesai
ORD-2024-000838,3/19/2024 16:08,Kopi,9500,0.5,14,5,Makanan hangat sampai,TRUE,Tidak Ada,Selesai
ORD-2024-000839,3/13/2024 21:55,Kopi,12500,0.5,7,5,Makasih ya,FALSE,Rendah,Selesai
ORD-2024-000840,3/2/2024 1:14,Martabak,34500,0.740905413,5,5,Makasih ya,FALSE,Tidak Ada,Dibatalkan
ORD-2024-000841,1/9/2024 12:02,Ayam,54000,0.5,8,5,Top bgt kualitasnya,TRUE,Tidak Ada,Selesai
ORD-2024-000842,2/16/2024 20:56,Martabak,26000,4.617567921,27,4,Wow enak bgt,FALSE,Tidak Ada,Dibatalkan
ORD-2024-000843,3/24/2024 13:53,Ayam,4007500,0.5,27,,,FALSE,Rendah,Selesai
ORD-2024-000844,3/10/2024 20:41,Mie,27500,3.864545106,43,4,Rekomendasi deh,TRUE,Rendah,Selesai
ORD-2024-000845,3/24/2024 2:33,Ayam,68500,1.461613876,13,5,Wow enak bgt,TRUE,Tidak Ada,Selesai
ORD-2024-000846,1/29/2024 19:52,Kopi,15000,0.5,5,5,Buruan order!!11,FALSE,Tidak Ada,Refund
ORD-2024-000847,3/2/2024 0:32,Ayam,26500,5.025612352,15,4,Enak bgt!!!,FALSE,Tidak Ada,Selesai
ORD-2024-000848,1/22/2024 13:13,Mie,11500,2.599864079,29,,,FALSE,Tidak Ada,Selesai
ORD-2024-000849,2/16/2024 17:42,Kopi,22000,0.806626148,22,4,Sesuai pesanan,TRUE,Tinggi,Dibatalkan
ORD-2024-000850,2/12/2024 15:43,Kopi,19000,6.752289284,25,5,Puas bgt,FALSE,Rendah,Selesai
ORD-2024-000851,3/16/2024 14:01,Ayam,53000,0.5,5,,,TRUE,Tidak Ada,Selesai
ORD-2024-000852,3/14/2024 18:40,Martabak,26500,0.676261957,24,4,Sesuai pesanan,FALSE,Tidak Ada,Selesai
ORD-2024-000853,3/14/2024 12:16,Ayam,42500,4.183547327,15,2,Kecewa bgt,FALSE,Tinggi,Selesai
ORD-2024-000854,21/02/2024 21:40,Mie,18500,3.707194756,21,5,Nggg enak 😋,FALSE,Rendah,Selesai
ORD-2024-000855,3/25/2024 2:13,Ayam,44500,1.024395154,17,4,Top bgt kualitasnya,TRUE,Tidak Ada,Selesai
ORD-2024-000856,3/1/2024 5:14,Ayam,16000,0.5,5,3,Standar lah,FALSE,Rendah,Selesai
ORD-2024-000857,1/19/2024 5:39,Ayam,39000,5.857434531,35,5,Rekomendasi deh,TRUE,Tidak Ada,Selesai
ORD-2024-000858,1/22/2024 10:59,Kopi,15000,1.129310963,32,4,Makasih ya,TRUE,Tidak Ada,Selesai
ORD-2024-000859,1/9/2024 14:08,Kopi,19000,0.653398873,15,5,Makasih ya,FALSE,Tinggi,Selesai
ORD-2024-000860,7/3/2024 16:43,Ayam,51000,2.177394338,16,3,Gapapa,FALSE,Tidak Ada,Selesai
ORD-2024-000861,3/18/2024 14:57,Martabak,36000,,38,5,Cepat sampai,FALSE,Tidak Ada,Selesai
ORD-2024-000862,3/9/2024 17:05,Kopi,22000,0.5,16,5,Mantap gan!,FALSE,Tidak Ada,Selesai
ORD-2024-000863,3/18/2024 17:57,Kopi,21000,4.35479185,21,4,Akan order lg nih,FALSE,Rendah,Selesai
ORD-2024-000864,2/25/2024 19:55,Kopi,18500,2.549215104,10,5,Akan order lg nih,FALSE,Tidak Ada,Dibatalkan
ORD-2024-000865,2/24/2024 14:50,Kopi,16500,1.662499847,15,4,Akan order lg nih,FALSE,Tidak Ada,Selesai
ORD-2024-000866,3/16/2024 22:36,Kopi,12500,4.088676356,23,5,Enak bgt,TRUE,Tidak Ada,Selesai
ORD-2024-000867,2/2/2024 18:58,Ayam,64000,10.12873217,39,,,FALSE,Tidak Ada,Refund
ORD-2024-000868,3/17/2024 13:16,Ayam,79500,0.781003202,5,,,FALSE,Tidak Ada,Selesai
ORD-2024-000869,1/1/2024 17:33,Mie,28500,0.5,10,4,Makasih ya,FALSE,Tidak Ada,Selesai
ORD-2024-000870,1/27/2024 10:26,Mie,39500,7.321466499,21,1,Ayamnya keras,FALSE,Tinggi,Dibatalkan
ORD-2024-000871,2/24/2024 8:16,Kopi,10000,3.316485461,25,5,Top bgt kualitasnya,TRUE,Tidak Ada,Selesai
ORD-2024-000872,3/13/2024 19:43,Ayam,32000,1.72868567,5,3,Standar lah,TRUE,Tidak Ada,Selesai
ORD-2024-000873,2/22/2024 21:30,Martabak,36500,2.55473803,10,5,Cepat sampai,FALSE,Tidak Ada,Refund
ORD-2024-000874,3/12/2024 19:36,Kopi,17500,4.106706323,40,,,TRUE,Tidak Ada,Selesai
ORD-2024-000875,2/20/2024 21:07,Ayam,73500,4.448837383,26,4,Nggg enak 😋,FALSE,Tidak Ada,Selesai
ORD-2024-000876,3/30/2024 3:13,Ayam,51000,7.573220336,34,3,Biasa saja,TRUE,Tinggi,Selesai
ORD-2024-000877,2/13/2024 19:44,Martabak,23500,1.669785705,17,5,Rekomendasi deh,FALSE,Tidak Ada,Selesai
ORD-2024-000878,21/01/2024 17:51,Martabak,361000,1.041917953,10,5,Wow enak bgt,TRUE,Rendah,Selesai
ORD-2024-000879,3/1/2024 13:05,Ayam,48000,3.06215727,34,3,OK,FALSE,Rendah,Dibatalkan
ORD-2024-000880,17/02/2024 11:46,Ayam,49000,1.612165436,12,4,Top bgt kualitasnya,TRUE,Tidak Ada,Selesai
ORD-2024-000881,21/02/2024 21:18,Ayam,42500,2.708631694,14,4,Cepat sampai,FALSE,Rendah,Selesai
ORD-2024-000882,1/8/2024 5:40,Martabak,39500,1.634108071,20,,,TRUE,Rendah,Selesai
ORD-2024-000883,1/26/2024 16:18,Ayam,36000,0.5,5,5,Makanan hangat sampai,FALSE,Tidak Ada,Selesai
ORD-2024-000884,3/17/2024 18:39,Ayam,39500,,16,5,Rekomendasi deh,FALSE,Rendah,Selesai
ORD-2024-000885,16/02/2024 11:10,Martabak,23500,3.522444267,20,,,FALSE,Tidak Ada,Selesai
ORD-2024-000886,2/21/2024 20:25,Ayam,32500,4.817590041,26,5,Sesuai pesanan,FALSE,Tidak Ada,Selesai
ORD-2024-000887,1/2/2024 2:58,Martabak,31000,,12,5,Cepat sampai,FALSE,Tidak Ada,Selesai
ORD-2024-000888,3/12/2024 11:22,Ayam,43000,0.54182548,18,5,Buruan order!11,FALSE,Tidak Ada,Selesai
ORD-2024-000889,3/18/2024 14:59,Ayam,59500,1.606829234,28,5,Sesuai pesanan,FALSE,Tidak Ada,Selesai
ORD-2024-000890,2/3/2024 11:35,Ayam,22500,4.629461122,33,5,Akan order lg nih,FALSE,Rendah,Dibatalkan
ORD-2024-000891,2/13/2024 16:16,Martabak,21500,1.597472233,12,4,Makanan hangat sampai,TRUE,Tidak Ada,Selesai
ORD-2024-000892,3/14/2024 14:24,Mie,26500,3.577425406,31,5,Buruan order!11,FALSE,Tidak Ada,Selesai
ORD-2024-000893,1/2/2024 14:43,Mie,36500,2.123038891,27,5,Buruan order!11,FALSE,Tinggi,Dibatalkan
ORD-2024-000894,1/4/2024 19:04,Kopi,18000,0.828142552,18,5,Top bgt kualitasnya,FALSE,Tidak Ada,Selesai
ORD-2024-000895,1/29/2024 7:51,Martabak,25500,4.771120026,33,5,Makanan hangat sampai,FALSE,Tidak Ada,Selesai
ORD-2024-000896,2/15/2024 17:44,Ayam,26500,0.5,5,,,TRUE,Tinggi,Selesai
ORD-2024-000897,6/2/2024 13:04,Ayam,40500,2.232628554,20,4,Cepat sampai,FALSE,Rendah,Selesai
ORD-2024-000898,3/1/2024 12:57,Mie,25500,,17,,,FALSE,Tidak Ada,Selesai
ORD-2024-000899,3/28/2024 6:31,Ayam,12000,0.5,5,5,Puas bgt,FALSE,Tidak Ada,Selesai
ORD-2024-000900,31/01/2024 06:14,Ayam,31000,2.097097015,18,5,Makanan hangat sampai,FALSE,Rendah,Selesai
ORD-2024-000901,3/20/2024 17:07,Ayam,39000,2.076815627,28,,,TRUE,Tidak Ada,Selesai
ORD-2024-000902,3/25/2024 17:48,Ayam,47000,3.681733523,23,2,Lama org kerjanyaa,FALSE,Tinggi,Selesai
ORD-2024-000903,1/6/2024 11:39,Ayam,50500,4.096543611,33,4,Top bgt kualitasnya,FALSE,Tidak Ada,Selesai
ORD-2024-000904,14/03/2024 15:11,Kopi,14000,3.903560762,30,5,Buruan order!11,TRUE,Tidak Ada,Selesai
ORD-2024-000905,2/5/2024 21:08,Kopi,18500,1.580655334,31,5,Enak bgt,FALSE,Tidak Ada,Selesai
ORD-2024-000906,2/24/2024 21:02,Mie,27000,2.996489179,34,5,Cepat sampai,FALSE,Tidak Ada,Selesai
ORD-2024-000907,3/28/2024 14:07,Mie,23500,2.580760975,34,5,Mantap gan!!,TRUE,Tidak Ada,Selesai
ORD-2024-000908,2/10/2024 0:43,Ayam,62500,1.642270471,11,5,Makanan hangat sampai,TRUE,Tidak Ada,Selesai
ORD-2024-000909,1/13/2024 13:11,Ayam,61000,2.7280399,18,4,Akan order lg nih,FALSE,Tidak Ada,Selesai
ORD-2024-000910,2/4/2024 21:21,Kopi,10500,8.826453766,20,2,Kecewa bgt,TRUE,Tinggi,Refund
ORD-2024-000911,2/24/2024 13:23,Kopi,16500,0.642899853,5,,,FALSE,Rendah,Selesai
ORD-2024-000912,2/27/2024 12:36,Ayam,66500,7.086116755,49,2,Kurang sambelnya,FALSE,Tinggi,Selesai
ORD-2024-000913,13/01/2024 07:35,Martabak,38000,0.5,7,,,FALSE,Tidak Ada,Selesai
ORD-2024-000914,1/26/2024 12:30,Kopi,18000,1.106195784,20,5,Rekomendasi deh,FALSE,Tidak Ada,Selesai
ORD-2024-000915,2/23/2024 21:34,Kopi,15500,1.019644168,18,4,Cepat sampai,FALSE,Tidak Ada,Refund
ORD-2024-000916,3/3/2024 11:25,Kopi,18500,2.953428548,35,4,Rekomendasi deh,FALSE,Tidak Ada,Selesai
ORD-2024-000917,1/8/2024 13:30,Ayam,65000,0.5,5,4,Makanan hangat sampai,FALSE,Tidak Ada,Selesai
ORD-2024-000918,2/27/2024 8:23,Mie,27000,6.420062595,32,5,Nggg enak 😋,FALSE,Tidak Ada,Dibatalkan
ORD-2024-000919,2/2/2024 14:07,Martabak,930000,5.290415445,34,2,Kecewa bgt,FALSE,Tinggi,Selesai
ORD-2024-000920,3/18/2024 12:49,Ayam,55500,3.167225862,15,,,FALSE,Tinggi,Selesai
ORD-2024-000921,3/27/2024 20:56,Mie,20500,1.839759289,28,5,Enak bgt!!!,FALSE,Tidak Ada,Selesai
ORD-2024-000922,2/6/2024 18:55,Kopi,16000,,28,4,Driver ramah,FALSE,Tinggi,Dibatalkan
ORD-2024-000923,13/02/2024 21:36,Mie,36000,5.329074034,41,,,FALSE,Tinggi,Selesai
ORD-2024-000924,1/10/2024 13:14,Martabak,25000,2.075335242,5,4,Sesuai pesanan,TRUE,Tidak Ada,Selesai
ORD-2024-000925,2/7/2024 19:41,Kopi,10000,3.630710693,16,,,FALSE,Tidak Ada,Selesai
ORD-2024-000926,2/26/2024 11:47,Ayam,34000,2.510567372,20,5,Makasih ya,TRUE,Tidak Ada,Selesai
ORD-2024-000927,2/27/2024 18:54,Ayam,68000,2.659775224,24,5,Cepat sampai,TRUE,Tinggi,Dibatalkan
ORD-2024-000928,1/31/2024 23:44,Kopi,17500,,5,1,😠😠😠,FALSE,Tidak Ada,Selesai
ORD-2024-000929,22/01/2024 17:04,Martabak,29000,1.860161967,29,5,Top bgt kualitasnya,FALSE,Tidak Ada,Selesai
ORD-2024-000930,11/3/2024 14:33,Ayam,43000,0.5,21,4,Sesuai pesanan,FALSE,Tidak Ada,Selesai
ORD-2024-000931,14/01/2024 12:05,Ayam,59500,1.326458972,35,5,Makanan hangat sampai,FALSE,Tinggi,Selesai
ORD-2024-000932,2/19/2024 12:47,Mie,20000,3.570490927,32,5,Enak bgt!!,FALSE,Tidak Ada,Selesai
ORD-2024-000933,1/17/2024 12:01,Mie,28000,,38,5,Wow enak bgt,FALSE,Rendah,Selesai
ORD-2024-000934,11/2/2024 14:55,Kopi,13500,9.89571494,37,3,Biasa saja,FALSE,Tidak Ada,Selesai
ORD-2024-000935,3/11/2024 21:11,Ayam,36500,2.433920228,17,3,OK,TRUE,Tinggi,Dibatalkan
ORD-2024-000936,3/21/2024 18:27,Ayam,41000,2.798954812,43,4,Top bgt kualitasnya,FALSE,Tidak Ada,Selesai
ORD-2024-000937,3/9/2024 13:30,Ayam,45000,0.616357343,15,,,FALSE,Tidak Ada,Selesai
ORD-2024-000938,1/12/2024 19:26,Mie,25500,3.56536261,26,,,FALSE,Tidak Ada,Selesai
ORD-2024-000939,1/2/2024 12:22,Ayam,55500,0.5,27,,,FALSE,Rendah,Selesai
ORD-2024-000940,1/2/2024 15:48,Kopi,1000,1.005099698,5,,,FALSE,Tidak Ada,Selesai
ORD-2024-000941,2/25/2024 19:14,Ayam,38000,3.311145987,29,5,Nggg enak 😋,FALSE,Tidak Ada,Selesai
ORD-2024-000942,2/17/2024 14:25,Kopi,15000,,21,,,FALSE,Tidak Ada,Selesai
ORD-2024-000943,3/23/2024 20:14,Martabak,41500,0.5,23,5,Rekomendasi deh,TRUE,Rendah,Selesai
ORD-2024-000944,3/21/2024 13:18,Mie,18500,5.349060672,39,4,Mantap gan!!!,FALSE,Tidak Ada,Selesai
ORD-2024-000945,2/4/2024 17:11,Ayam,54000,1.114626201,15,4,Top bgt kualitasnya,FALSE,Tidak Ada,Selesai
ORD-2024-000946,3/22/2024 20:17,Ayam,76500,0.5,5,5,Mantap gan!,FALSE,Tidak Ada,Selesai
ORD-2024-000947,1/25/2024 12:03,Ayam,5083500,0.5,8,5,Nggg enak 😋,FALSE,Tidak Ada,Selesai
ORD-2024-000948,1/14/2024 12:45,Mie,21500,0.870089674,23,,,FALSE,Tidak Ada,Selesai
ORD-2024-000949,1/30/2024 11:31,Mie,19500,0.588102854,32,5,Wow enak bgt,FALSE,Tidak Ada,Selesai
ORD-2024-000950,2/9/2024 15:23,Kopi,14500,4.465647351,14,,,TRUE,Tinggi,Selesai
ORD-2024-000951,1/5/2024 12:03,Martabak,25000,1.164426275,5,5,Mantap gan!,FALSE,Tidak Ada,Selesai
ORD-2024-000952,10/1/2024 18:12,Martabak,31000,4.899590578,15,5,Sesuai pesanan,FALSE,Tidak Ada,Selesai
ORD-2024-000953,2/18/2024 3:49,Ayam,25500,,6,5,Nggg enak 😋,FALSE,Rendah,Selesai
ORD-2024-000954,2/26/2024 11:12,Mie,30500,2.037017997,28,,,TRUE,Rendah,Selesai
ORD-2024-000955,1/13/2024 18:30,Kopi,17000,3.494613348,37,5,Buruan order!11,FALSE,Tidak Ada,Selesai
ORD-2024-000956,2/9/2024 5:40,Kopi,19000,3.166579553,5,5,Makasih ya,TRUE,Tidak Ada,Selesai
ORD-2024-000957,3/11/2024 19:30,Kopi,11500,2.757354751,10,5,Akan order lg nih,FALSE,Tidak Ada,Selesai
ORD-2024-000958,2/16/2024 21:13,Ayam,55500,7.763674047,27,4,Rekomendasi deh,FALSE,Rendah,Selesai
ORD-2024-000959,2/25/2024 12:50,Ayam,73500,0.778353611,6,4,Rekomendasi deh,TRUE,Tinggi,Dibatalkan
ORD-2024-000960,2/20/2024 0:02,Martabak,23500,2.041991495,14,,,TRUE,Tidak Ada,Selesai
ORD-2024-000961,3/1/2024 4:23,Ayam,36500,6.462302599,26,5,Driver ramah,FALSE,Tidak Ada,Selesai
ORD-2024-000962,21/01/2024 21:21,Martabak,0,0.5,19,,,FALSE,Tidak Ada,Selesai
ORD-2024-000963,3/21/2024 13:41,Ayam,69500,0.5,5,4,Top bgt kualitasnya,FALSE,Tidak Ada,Selesai
ORD-2024-000964,1/14/2024 12:20,Kopi,13000,,10,5,Wow enak bgt,FALSE,Tidak Ada,Selesai
ORD-2024-000965,2/14/2024 14:46,Ayam,67500,3.007353755,36,5,Driver ramah,FALSE,Tidak Ada,Selesai
ORD-2024-000966,2/18/2024 18:16,Kopi,19500,0.902827317,29,4,Makasih ya,FALSE,Tidak Ada,Selesai
ORD-2024-000967,2/26/2024 21:44,Martabak,44000,0.633051684,30,,,FALSE,Rendah,Selesai
ORD-2024-000968,1/24/2024 19:46,Ayam,44500,1.841911983,22,5,Wow enak bgt,FALSE,Rendah,Selesai
ORD-2024-000969,3/17/2024 17:10,Kopi,12000,2.852631536,16,4,Makanan hangat sampai,TRUE,Tidak Ada,Selesai
ORD-2024-000970,2/27/2024 13:34,Kopi,15000,0.857282586,17,3,Gapapa,TRUE,Rendah,Selesai
ORD-2024-000971,3/22/2024 18:56,Martabak,41000,1.072988524,40,,,TRUE,Tidak Ada,Selesai
ORD-2024-000972,2/16/2024 7:20,Mie,3796500,2.85233059,14,4,Enak bgttt,FALSE,Tidak Ada,Selesai
ORD-2024-000973,3/9/2024 6:33,Martabak,16500,8.741816669,51,3,OK,FALSE,Rendah,Selesai
ORD-2024-000974,3/11/2024 13:20,Ayam,51500,3.369407182,5,4,Cepat sampai,TRUE,Rendah,Selesai
ORD-2024-000975,15/01/2024 11:02,Ayam,38500,4.582248865,34,5,Buruan order!11,FALSE,Tidak Ada,Selesai
ORD-2024-000976,1/23/2024 6:06,Ayam,53000,1.370954681,19,4,Mantap gan!,FALSE,Tinggi,Dibatalkan
ORD-2024-000977,1/5/2024 20:42,Kopi,7500,0.95341106,19,3,Gapapa,TRUE,Rendah,Selesai
ORD-2024-000978,3/30/2024 17:23,Ayam,55000,1.816880387,23,4,Top bgt kualitasnya,TRUE,Tidak Ada,Selesai
ORD-2024-000979,10/1/2024 12:41,Kopi,22000,4.937260676,35,3,OK,FALSE,Tinggi,Dibatalkan
ORD-2024-000980,1/11/2024 17:23,Kopi,9000,1.828070988,24,,,TRUE,Tidak Ada,Selesai
ORD-2024-000981,2/23/2024 22:03,Ayam,44500,,24,5,Nggg enak 😋,TRUE,Tidak Ada,Refund
ORD-2024-000982,3/8/2024 11:53,Martabak,23500,13.4680287,58,4,Enak bgt!!!,TRUE,Tidak Ada,Selesai
ORD-2024-000983,1/28/2024 3:06,Ayam,26000,0.5,5,4,Wow enak bgt,FALSE,Rendah,Selesai
ORD-2024-000984,19/02/2024 12:36,Ayam,17000,0.5,21,4,Nggg enak 😋,TRUE,Tidak Ada,Selesai
ORD-2024-000985,3/12/2024 13:47,Martabak,21000,0.5,26,,,TRUE,Tidak Ada,Selesai
ORD-2024-000986,3/14/2024 20:44,Kopi,15500,,34,4,Akan order lg nih,FALSE,Tidak Ada,Selesai
ORD-2024-000987,1/14/2024 12:35,Martabak,38500,0.5,6,4,Top bgt kualitasnya,TRUE,Tidak Ada,Selesai
ORD-2024-000988,25/03/2024 14:59,Kopi,10000,,18,3,Yaudah minum teh,FALSE,Tinggi,Selesai
ORD-2024-000989,3/11/2024 10:54,Ayam,56500,0.5,15,5,Mantap gan!!!,TRUE,Tidak Ada,Selesai
ORD-2024-000990,3/22/2024 19:38,Mie,27500,1.138483083,5,,,TRUE,Rendah,Selesai
ORD-2024-000991,1/28/2024 21:59,Martabak,42500,0.612577645,20,5,Driver ramah,FALSE,Rendah,Dibatalkan
ORD-2024-000992,2/27/2024 20:00,Martabak,34500,8.044487584,20,3,OK,TRUE,Tinggi,Selesai
ORD-2024-000993,2/6/2024 21:08,Ayam,62000,3.321273442,34,5,Makanan hangat sampai,TRUE,Tidak Ada,Refund
ORD-2024-000994,2/8/2024 6:54,Kopi,19500,7.292287041,33,3,OK,FALSE,Rendah,Selesai
ORD-2024-000995,3/29/2024 17:32,Kopi,12500,10.76207963,32,,,TRUE,Tinggi,Selesai
ORD-2024-000996,3/14/2024 11:29,Ayam,6834500,2.06208133,22,,,FALSE,Tidak Ada,Selesai
ORD-2024-000997,2/3/2024 21:15,Mie,19000,,16,4,Makanan hangat sampai,TRUE,Tidak Ada,Refund
ORD-2024-000998,2/8/2024 14:36,Ayam,43500,0.646005299,19,4,Nggg enak 😋,TRUE,Rendah,Selesai
ORD-2024-000999,10/1/2024 15:11,Mie,26000,0.756631527,19,4,Buruan order!!!11,TRUE,Tidak Ada,Selesai
ORD-2024-001000,3/29/2024 3:38,Kopi,16500,3.699106258,5,,,FALSE,Rendah,Selesai
ORD-2024-001001,3/14/2024 17:58,Ayam,64000,0.5,9,,,FALSE,Tinggi,Dibatalkan
ORD-2024-001002,2/25/2024 17:55,Kopi,8000,0.5,13,,,FALSE,Tidak Ada,Selesai
ORD-2024-001003,3/24/2024 0:40,Mie,28500,2.810574464,16,4,Buruan order!11,FALSE,Tidak Ada,Selesai
ORD-2024-001004,1/7/2024 11:20,Martabak,28000,3.082145799,20,,,FALSE,Tidak Ada,Selesai
ORD-2024-001005,2/11/2024 18:09,Mie,20000,3.283229712,34,,,FALSE,Rendah,Selesai
ORD-2024-001006,2/20/2024 19:36,Martabak,24500,1.395074554,5,5,Sesuai pesanan,FALSE,Tidak Ada,Selesai
ORD-2024-001007,2/25/2024 14:09,Martabak,28500,4.918839244,27,4,Cepat sampai,FALSE,Tidak Ada,Selesai
ORD-2024-001008,3/1/2024 17:35,Mie,1000,2.28829309,18,5,Makanan hangat sampai,FALSE,Tidak Ada,Selesai
ORD-2024-001009,2/21/2024 18:48,Ayam,40000,0.5,13,,,FALSE,Rendah,Selesai
ORD-2024-001010,1/26/2024 21:12,Kopi,13000,4.785115851,20,,,FALSE,Tidak Ada,Selesai
ORD-2024-001011,3/8/2024 11:17,Ayam,60500,9.177152938,66,1,Paket berantakan,TRUE,Tinggi,Refund
ORD-2024-001012,3/28/2024 2:07,Mie,20500,0.5,19,4,Rekomendasi deh,FALSE,Tidak Ada,Selesai
ORD-2024-001013,2/16/2024 13:22,Mie,24500,1.489542266,39,,,FALSE,Tidak Ada,Selesai
ORD-2024-001014,9/2/2024 13:39,Ayam,77500,2.005457626,25,5,Sesuai pesanan,TRUE,Tidak Ada,Selesai
ORD-2024-001015,26/02/2024 20:02,Martabak,37500,0.5,21,5,Wow enak bgt,FALSE,Tidak Ada,Selesai
ORD-2024-001016,26/01/2024 04:48,Mie,32500,6.068252528,28,5,Wow enak bgt,FALSE,Rendah,Selesai
ORD-2024-001017,1/15/2024 7:39,Ayam,43000,1.002852405,26,5,Makanan hangat sampai,FALSE,Tidak Ada,Selesai
ORD-2024-001018,2/6/2024 11:19,Kopi,19000,4.583691842,34,4,Wow enak bgt,TRUE,Tidak Ada,Selesai
ORD-2024-001019,2/12/2024 12:13,Mie,24500,3.335042269,22,5,Driver ramah,TRUE,Rendah,Selesai
ORD-2024-001020,2/3/2024 21:46,Ayam,48000,2.734251549,40,,,TRUE,Tidak Ada,Selesai
ORD-2024-001021,3/26/2024 11:16,Martabak,33000,0.640110087,5,5,Nggg enak 😋,TRUE,Rendah,Selesai
ORD-2024-001022,1/26/2024 19:17,Ayam,41500,0.748091147,8,,,FALSE,Tidak Ada,Refund
ORD-2024-001023,2/1/2024 13:42,Mie,36500,0.5,41,,,FALSE,Tidak Ada,Selesai
ORD-2024-001024,16/02/2024 00:18,Mie,25000,0.826124079,18,5,Wow enak bgt,FALSE,Tidak Ada,Selesai
ORD-2024-001025,2/19/2024 14:32,Mie,30500,1.271392617,5,4,Enak bgt,TRUE,Rendah,Selesai
ORD-2024-001026,2/10/2024 21:34,Kopi,22500,5.371895785,41,1,Kecewa bgt,TRUE,Tidak Ada,Selesai
ORD-2024-001027,3/5/2024 17:59,Mie,2770500,1.368977594,7,5,Puas bgt,FALSE,Tidak Ada,Selesai
ORD-2024-001028,2/1/2024 9:21,Mie,18000,4.214863545,18,5,Cepat sampai,FALSE,Tidak Ada,Selesai
ORD-2024-001029,1/21/2024 13:22,Ayam,66500,1.736469194,43,,,FALSE,Rendah,Selesai
ORD-2024-001030,5/3/2024 11:40,Mie,33000,4.609514808,44,3,Lumayan,FALSE,Tidak Ada,Dibatalkan
ORD-2024-001031,1/4/2024 8:14,Ayam,62500,11.22324796,60,,,FALSE,Tidak Ada,Selesai
ORD-2024-001032,2/20/2024 2:46,Kopi,15500,0.822685174,8,1,Driver gak ramah,TRUE,Tinggi,Selesai
ORD-2024-001033,3/27/2024 18:26,Ayam,60500,5.948940335,31,3,Gapapa,FALSE,Rendah,Selesai
ORD-2024-001034,2/24/2024 19:21,Ayam,51000,,25,4,Puas bgt,TRUE,Tidak Ada,Selesai
ORD-2024-001035,27/01/2024 18:34,Ayam,35000,5.099635221,39,4,Mantap gan!,FALSE,Tidak Ada,Selesai
ORD-2024-001036,18/01/2024 12:27,Martabak,24500,3.163090712,20,4,Buruan order!11,FALSE,Tidak Ada,Selesai
ORD-2024-001037,1/19/2024 18:58,Ayam,63500,1.654679883,36,5,Makasih ya,FALSE,Tidak Ada,Selesai
ORD-2024-001038,12/3/2024 17:11,Martabak,23000,0.776603416,20,5,Nggg enak 😋,TRUE,Rendah,Selesai
ORD-2024-001039,19/01/2024 10:56,Ayam,38000,0.5,23,4,Buruan order!11,FALSE,Tidak Ada,Selesai
ORD-2024-001040,2/8/2024 19:09,Ayam,64000,2.300499772,13,4,Sesuai pesanan,TRUE,Rendah,Selesai
ORD-2024-001041,1/17/2024 13:38,Kopi,17000,13.91496953,58,5,Makanan hangat sampai,TRUE,Rendah,Selesai
ORD-2024-001042,3/17/2024 11:22,Martabak,34500,4.018711047,29,5,Cepat sampai,FALSE,Tidak Ada,Selesai
ORD-2024-001043,3/2/2024 14:45,Ayam,31000,1.189570547,12,4,Rekomendasi deh,FALSE,Tidak Ada,Selesai
ORD-2024-001044,2/19/2024 18:10,Martabak,34000,5.266944604,41,3,Lumayan,FALSE,Tinggi,Dibatalkan
ORD-2024-001045,22/02/2024 00:59,Mie,21500,4.395804923,32,,,FALSE,Tidak Ada,Selesai
ORD-2024-001046,1/29/2024 6:48,Martabak,22500,0.992335761,11,,,TRUE,Tidak Ada,Selesai
ORD-2024-001047,26/02/2024 15:44,Ayam,43000,0.5,17,4,Akan order lg nih,TRUE,Tidak Ada,Selesai
ORD-2024-001048,1/2/2024 17:38,Ayam,74500,,33,4,Makanan hangat sampai,TRUE,Rendah,Refund
ORD-2024-001049,2/10/2024 21:38,Mie,23500,6.294190138,45,4,Top bgt kualitasnya,FALSE,Tidak Ada,Selesai
ORD-2024-001050,5/1/2024 20:29,Ayam,88500,5.4339837,38,4,Driver ramah,FALSE,Tidak Ada,Selesai
ORD-2024-001051,2/1/2024 20:47,Mie,11500,,28,,,FALSE,Rendah,Selesai
ORD-2024-001052,3/7/2024 1:12,Kopi,10000,1.007238291,26,,,FALSE,Tinggi,Selesai
ORD-2024-001053,2/8/2024 9:29,Mie,35500,4.723153386,36,5,Driver ramah,FALSE,Tidak Ada,Selesai
ORD-2024-001054,3/19/2024 22:33,Martabak,42000,8.329186431,34,5,Mantap gan!,FALSE,Tidak Ada,Selesai
ORD-2024-001055,3/23/2024 21:07,Mie,20000,,37,5,Sesuai pesanan,TRUE,Rendah,Refund
ORD-2024-001056,3/30/2024 20:26,Kopi,17000,2.79100678,19,4,Akan order lg nih,FALSE,Rendah,Selesai
ORD-2024-001057,1/23/2024 18:56,Martabak,35500,0.833873917,14,,,FALSE,Tidak Ada,Selesai
ORD-2024-001058,2/11/2024 22:50,Kopi,15500,2.238048816,21,4,Cepat sampai,FALSE,Tidak Ada,Dibatalkan
ORD-2024-001059,1/16/2024 14:40,Kopi,17000,,5,5,Top bgt kualitasnya,TRUE,Tidak Ada,Selesai
ORD-2024-001060,2/19/2024 16:39,Martabak,1021000,4.950958165,28,,,TRUE,Rendah,Selesai
ORD-2024-001061,2/18/2024 12:58,Mie,23000,1.46798056,11,5,Rekomendasi deh,FALSE,Rendah,Selesai
ORD-2024-001062,3/25/2024 5:55,Mie,26000,5.381835474,17,,,TRUE,Tidak Ada,Selesai
ORD-2024-001063,7/1/2024 19:46,Martabak,31000,1.441904064,25,4,Rekomendasi deh,FALSE,Tidak Ada,Selesai
ORD-2024-001064,6/2/2024 17:57,Kopi,9500,5.214361613,28,5,Akan order lg nih,TRUE,Tidak Ada,Selesai
ORD-2024-001065,1/1/2024 19:00,Kopi,28000,1.216325493,18,4,Nggg enak 😋,FALSE,Rendah,Selesai
ORD-2024-001066,3/4/2024 17:38,Martabak,34000,1.740166488,16,4,Buruan order!11,FALSE,Tidak Ada,Selesai
ORD-2024-001067,1/28/2024 20:29,Ayam,55000,2.867344115,16,5,Makasih ya,FALSE,Tidak Ada,Selesai
ORD-2024-001068,3/17/2024 18:56,Ayam,3624500,0.5,15,5,Top bgt kualitasnya,FALSE,Tidak Ada,Selesai
ORD-2024-001069,3/21/2024 18:03,Kopi,19000,8.881504402,31,4,Top bgt kualitasnya,FALSE,Tidak Ada,Selesai
ORD-2024-001070,3/24/2024 12:54,Ayam,45500,2.557172928,20,4,Makasih ya,FALSE,Tidak Ada,Selesai
ORD-2024-001071,3/18/2024 11:03,Ayam,47000,2.126732417,39,5,Puas bgt,FALSE,Tidak Ada,Selesai
ORD-2024-001072,1/23/2024 13:39,Ayam,62000,5.486402815,20,5,Driver ramah,TRUE,Tidak Ada,Refund
ORD-2024-001073,3/17/2024 21:11,Ayam,83000,6.024439117,47,,,TRUE,Tinggi,Selesai
ORD-2024-001074,2/16/2024 2:49,Ayam,63000,2.216068423,33,5,Nggg enak 😋,TRUE,Tidak Ada,Selesai
ORD-2024-001075,2/18/2024 13:53,Mie,32000,7.862687442,33,5,Enak bgt!!,TRUE,Rendah,Selesai
ORD-2024-001076,3/1/2024 13:21,Kopi,12000,0.5,17,4,Top bgt kualitasnya,FALSE,Rendah,Refund
ORD-2024-001077,1/27/2024 19:03,Kopi,17000,0.5,5,4,Makasih ya,FALSE,Tidak Ada,Selesai
ORD-2024-001078,3/21/2024 17:30,Martabak,26000,2.724880114,8,5,Driver ramah,FALSE,Tidak Ada,Selesai
ORD-2024-001079,2/6/2024 19:16,Ayam,63500,1.311173201,18,2,Makanannya dingin,TRUE,Tinggi,Dibatalkan
ORD-2024-001080,3/20/2024 18:39,Mie,31500,1.872123877,23,4,Cepat sampai,FALSE,Tidak Ada,Selesai
ORD-2024-001081,3/21/2024 18:56,Martabak,42000,1.192844488,11,4,Sesuai pesanan,FALSE,Tidak Ada,Selesai
ORD-2024-001082,2/7/2024 0:07,Ayam,15500,1.556196956,6,4,Enak bgt!!!,FALSE,Tidak Ada,Selesai
ORD-2024-001083,16/01/2024 06:51,Kopi,14000,5.188828503,19,4,Rekomendasi deh,FALSE,Tidak Ada,Selesai
ORD-2024-001084,2/22/2024 13:35,Mie,500,,30,5,Driver ramah,FALSE,Tidak Ada,Selesai
ORD-2024-001085,1/2/2024 19:16,Mie,35000,17.79342263,85,5,Akan order lg nih,FALSE,Tidak Ada,Selesai
ORD-2024-001086,2/8/2024 19:49,Kopi,19500,4.637688383,35,,,FALSE,Tidak Ada,Selesai
ORD-2024-001087,2/12/2024 11:53,Martabak,22500,0.959236994,12,2,Ayamnya keras,FALSE,Tinggi,Dibatalkan
ORD-2024-001088,2/13/2024 15:58,Ayam,61500,0.920982541,5,5,Rekomendasi deh,FALSE,Rendah,Selesai
ORD-2024-001089,23/03/2024 12:40,Mie,36500,,29,5,Wow enak bgt,TRUE,Tidak Ada,Selesai
ORD-2024-001090,3/9/2024 14:50,Ayam,51000,5.559490752,48,4,Makanan hangat sampai,FALSE,Tidak Ada,Selesai
ORD-2024-001091,1/8/2024 9:36,Mie,44000,,7,5,Sesuai pesanan,FALSE,Tidak Ada,Selesai
ORD-2024-001092,3/12/2024 18:36,Martabak,17000,0.784800657,13,,,TRUE,Tidak Ada,Selesai
ORD-2024-001093,2/15/2024 12:17,Martabak,35000,,23,3,Biasa saja,TRUE,Rendah,Selesai
ORD-2024-001094,2/18/2024 18:36,Kopi,21500,3.064090834,28,4,Nggg enak 😋,FALSE,Tidak Ada,Selesai
ORD-2024-001095,3/17/2024 13:45,Ayam,66500,0.77183533,35,4,Rekomendasi deh,FALSE,Tidak Ada,Selesai
ORD-2024-001096,1/5/2024 11:31,Ayam,48000,0.742097295,24,4,Nggg enak 😋,FALSE,Tidak Ada,Selesai
ORD-2024-001097,2/27/2024 9:13,Ayam,46500,5.954971959,46,5,Akan order lg nih,TRUE,Tidak Ada,Selesai
ORD-2024-001098,15/01/2024 17:49,Ayam,59000,6.726093419,32,5,Akan order lg nih,FALSE,Tidak Ada,Selesai
ORD-2024-001099,2/26/2024 20:57,Martabak,36000,0.887671372,5,5,Top bgt kualitasnya,TRUE,Tinggi,Selesai
ORD-2024-001100,2/13/2024 23:55,Kopi,19000,1.636822472,27,4,Buruan order!11,FALSE,Tidak Ada,Selesai
ORD-2024-001101,2/11/2024 11:52,Ayam,69000,5.398088198,33,5,Cepat sampai,FALSE,Tidak Ada,Selesai
ORD-2024-001102,1/17/2024 11:29,Mie,19000,,19,4,Puas bgt,FALSE,Tinggi,Selesai
ORD-2024-001103,3/7/2024 13:59,Mie,24500,,48,5,Mantap gan!,TRUE,Tidak Ada,Selesai
ORD-2024-001104,3/17/2024 10:29,Mie,19500,2.191912885,12,4,Nggg enak 😋,TRUE,Tidak Ada,Selesai
ORD-2024-001105,3/7/2024 23:19,Mie,23500,7.275921296,23,3,Gapapa,TRUE,Rendah,Selesai
ORD-2024-001106,2/9/2024 18:20,Ayam,68500,1.183359832,22,5,Rekomendasi deh,FALSE,Tidak Ada,Selesai
ORD-2024-001107,2/5/2024 20:42,Kopi,17000,0.511198408,5,5,Rekomendasi deh,TRUE,Tidak Ada,Dibatalkan
ORD-2024-001108,1/21/2024 11:39,Martabak,49500,3.700537846,35,5,Buruan order!11,FALSE,Tidak Ada,Selesai
ORD-2024-001109,1/27/2024 21:20,Martabak,31500,,9,4,Enak bgt!!!,FALSE,Tidak Ada,Selesai
ORD-2024-001110,2/6/2024 18:04,Ayam,52500,5.784506528,35,5,Buruan order!!11,FALSE,Rendah,Selesai
ORD-2024-001111,2/13/2024 17:08,Mie,26500,0.5,17,5,Enak bgt!!!!,TRUE,Tidak Ada,Selesai
ORD-2024-001112,3/27/2024 14:03,Ayam,41000,5.567788321,35,5,Driver ramah,TRUE,Tidak Ada,Selesai
ORD-2024-001113,1/23/2024 18:40,Ayam,50500,1.041424396,5,5,Makanan hangat sampai,FALSE,Tidak Ada,Selesai
ORD-2024-001114,2/27/2024 19:21,Kopi,21500,3.19137778,22,5,Driver ramah,FALSE,Tinggi,Selesai
ORD-2024-001115,3/26/2024 2:59,Kopi,17000,0.5,22,4,Driver ramah,FALSE,Rendah,Selesai
ORD-2024-001116,3/13/2024 14:06,Kopi,13000,2.82160655,20,3,Gapapa,TRUE,Rendah,Selesai
ORD-2024-001117,23/03/2024 14:30,Ayam,36000,3.789806625,15,,,FALSE,Tidak Ada,Selesai
ORD-2024-001118,1/19/2024 19:16,Mie,23000,1.380160915,13,5,Puas bgt,FALSE,Tidak Ada,Selesai
ORD-2024-001119,24/01/2024 21:21,Ayam,52500,0.727784669,5,4,Driver ramah,FALSE,Rendah,Selesai
ORD-2024-001120,2/11/2024 17:04,Ayam,71500,2.314173918,5,4,Nggg enak 😋,FALSE,Tidak Ada,Selesai
ORD-2024-001121,3/2/2024 18:18,Mie,16500,5.372713984,30,5,Mantap gan!,FALSE,Tidak Ada,Selesai
ORD-2024-001122,3/14/2024 11:25,Mie,24000,1.172678516,17,4,Enak bgt!!!!!!!!!,FALSE,Tidak Ada,Selesai
ORD-2024-001123,1/14/2024 11:50,Mie,27000,0.872939703,22,4,Wow enak bgt,FALSE,Tidak Ada,Selesai
ORD-2024-001124,2/21/2024 18:39,Mie,13000,0.981079264,20,5,Rekomendasi deh,FALSE,Tidak Ada,Selesai
ORD-2024-001125,3/2/2024 19:13,Martabak,23500,8.935572729,50,2,Makanannya dingin,TRUE,Tinggi,Selesai
ORD-2024-001126,2/25/2024 13:36,Kopi,500,1.335473764,16,,,FALSE,Tidak Ada,Selesai
ORD-2024-001127,3/29/2024 11:47,Ayam,40000,0.5,34,4,Puas bgt,FALSE,Tidak Ada,Selesai
ORD-2024-001128,3/3/2024 14:20,Kopi,22500,4.565396807,20,,,TRUE,Tidak Ada,Selesai
ORD-2024-001129,2/26/2024 14:04,Kopi,13000,3.604675118,22,4,Enak bgt!!,FALSE,Tidak Ada,Selesai
ORD-2024-001130,3/17/2024 12:20,Ayam,16500,0.5,30,,,FALSE,Rendah,Selesai
ORD-2024-001131,8/1/2024 12:56,Martabak,41000,12.58002592,54,4,Puas bgt,TRUE,Tidak Ada,Dibatalkan
ORD-2024-001132,3/22/2024 4:42,Kopi,1436000,2.809957029,18,4,Makanan hangat sampai,FALSE,Tidak Ada,Selesai
ORD-2024-001133,2/7/2024 21:28,Ayam,61000,2.084122137,23,4,Makanan hangat sampai,TRUE,Tidak Ada,Selesai
ORD-2024-001134,2/10/2024 13:58,Ayam,48500,1.444865059,28,5,Makanan hangat sampai,FALSE,Rendah,Selesai
ORD-2024-001135,14/02/2024 18:00,Martabak,31000,6.868199868,38,2,Bau gak tauu,FALSE,Rendah,Selesai
ORD-2024-001136,21/02/2024 09:03,Ayam,45000,0.838996797,5,5,Sesuai pesanan,FALSE,Tidak Ada,Selesai
ORD-2024-001137,1/7/2024 13:07,Mie,27000,1.0096461,12,4,Enak bgt!!!,FALSE,Tidak Ada,Selesai
ORD-2024-001138,1/4/2024 14:40,Kopi,17000,0.5,19,5,Cepat sampai,FALSE,Tidak Ada,Selesai
ORD-2024-001139,2/21/2024 21:13,Kopi,14000,4.270357921,25,5,Cepat sampai,TRUE,Tidak Ada,Selesai
ORD-2024-001140,1/18/2024 14:53,Kopi,12500,2.715676141,17,5,Top bgt kualitasnya,FALSE,Rendah,Selesai
ORD-2024-001141,2/23/2024 12:08,Mie,23000,2.817650892,13,4,Enak bgt!!,FALSE,Tidak Ada,Selesai
ORD-2024-001142,3/1/2024 14:42,Ayam,55500,0.739506881,26,5,Akan order lg nih,TRUE,Rendah,Selesai
ORD-2024-001143,18/01/2024 14:55,Martabak,3670500,,22,,,FALSE,Rendah,Selesai
ORD-2024-001144,3/30/2024 20:39,Kopi,20500,4.350367529,27,,,TRUE,Tidak Ada,Selesai
ORD-2024-001145,2/24/2024 20:24,Ayam,67000,1.328980087,23,4,Mantap gan!,TRUE,Tidak Ada,Selesai
ORD-2024-001146,2/24/2024 21:31,Mie,28000,4.848589259,16,,,TRUE,Tidak Ada,Selesai
ORD-2024-001147,3/5/2024 13:02,Martabak,26000,1.286772036,17,5,Driver ramah,TRUE,Tidak Ada,Selesai
ORD-2024-001148,2/17/2024 14:44,Martabak,37000,4.258169615,42,3,OK,FALSE,Tidak Ada,Selesai
ORD-2024-001149,3/8/2024 8:29,Mie,29500,0.5,11,3,Yaudah minum teh,FALSE,Tinggi,Selesai
ORD-2024-001150,3/19/2024 14:40,Mie,19000,2.403297162,23,,,FALSE,Tidak Ada,Selesai
ORD-2024-001151,26/03/2024 13:39,Martabak,27000,10.47269945,52,2,Kecewa bgt,FALSE,Tinggi,Selesai
ORD-2024-001152,9/3/2024 15:29,Mie,31500,11.92882081,54,5,Sesuai pesanan,FALSE,Tidak Ada,Refund
ORD-2024-001153,3/14/2024 13:22,Martabak,31000,0.992823513,18,4,Enak bgt!!!!,FALSE,Tidak Ada,Selesai
ORD-2024-001154,1/22/2024 13:46,Martabak,38000,1.746959995,42,4,Akan order lg nih,FALSE,Tidak Ada,Selesai
ORD-2024-001155,1/8/2024 21:10,Martabak,27500,0.5,16,5,Driver ramah,TRUE,Tidak Ada,Selesai
ORD-2024-001156,2/7/2024 19:01,Martabak,22500,6.198777815,30,4,Rekomendasi deh,FALSE,Tidak Ada,Selesai
ORD-2024-001157,1/17/2024 19:16,Ayam,88000,2.521964991,36,,,FALSE,Tidak Ada,Selesai
ORD-2024-001158,2/5/2024 0:47,Mie,14000,1.458890191,13,4,Wow enak bgt,FALSE,Tidak Ada,Selesai
ORD-2024-001159,16/03/2024 21:28,Mie,22500,0.5,8,5,Puas bgt,FALSE,Tidak Ada,Selesai
ORD-2024-001160,2/3/2024 7:31,Ayam,56000,8.799246412,27,5,Driver ramah,FALSE,Tidak Ada,Selesai
ORD-2024-001161,5/1/2024 11:09,Mie,33000,,25,4,Rekomendasi deh,FALSE,Tidak Ada,Selesai
ORD-2024-001162,1/20/2024 13:49,Ayam,62500,0.997736778,11,4,Nggg enak 😋,FALSE,Tidak Ada,Selesai
ORD-2024-001163,2/26/2024 5:13,Ayam,90000,1.293341821,8,5,Sesuai pesanan,FALSE,Tidak Ada,Selesai
ORD-2024-001164,2/14/2024 13:48,Martabak,29000,0.946998731,10,5,Puas bgt,FALSE,Tidak Ada,Selesai
ORD-2024-001165,1/22/2024 20:19,Ayam,37000,,18,,,FALSE,Rendah,Selesai
ORD-2024-001166,3/9/2024 14:30,Mie,24500,7.976219479,49,4,Cepat sampai,FALSE,Tidak Ada,Selesai
ORD-2024-001167,2/25/2024 14:24,Mie,24000,5.828315107,38,,,TRUE,Tidak Ada,Selesai
ORD-2024-001168,3/8/2024 1:06,Kopi,16000,1.850675139,14,5,Driver ramah,TRUE,Tidak Ada,Selesai
ORD-2024-001169,2/15/2024 13:39,Ayam,35000,5.254722012,36,5,Rekomendasi deh,FALSE,Tidak Ada,Selesai
ORD-2024-001170,2/4/2024 13:51,Ayam,64500,1.650287517,17,5,Akan order lg nih,FALSE,Tidak Ada,Selesai
ORD-2024-001171,3/15/2024 18:46,Martabak,33000,0.872289004,17,5,Wow enak bgt,FALSE,Tidak Ada,Selesai
ORD-2024-001172,1/25/2024 18:20,Mie,17000,12.29779067,50,1,Paket berantakan,FALSE,Tidak Ada,Selesai
ORD-2024-001173,1/2/2024 0:26,Martabak,37500,1.086732274,8,3,Gapapa,FALSE,Tidak Ada,Selesai
ORD-2024-001174,3/28/2024 18:46,Ayam,38000,1.173463031,18,5,Nggg enak 😋,FALSE,Tidak Ada,Selesai
ORD-2024-001175,1/5/2024 11:03,Martabak,21000,13.72475753,63,1,Bau gak tauu,FALSE,Tinggi,Selesai
ORD-2024-001176,28/01/2024 20:07,Kopi,17000,0.5,24,5,Mantap gan!,FALSE,Tidak Ada,Selesai
ORD-2024-001177,1/12/2024 4:24,Martabak,17000,4.288031354,27,5,Cepat sampai,TRUE,Tidak Ada,Selesai
ORD-2024-001178,3/23/2024 18:57,Ayam,61500,8.237852455,37,,,FALSE,Tidak Ada,Selesai
ORD-2024-001179,2/2/2024 11:40,Martabak,8500,2.151059603,7,4,Makanan hangat sampai,FALSE,Tidak Ada,Selesai
ORD-2024-001180,2/5/2024 22:57,Kopi,12000,0.5,19,,,TRUE,Tidak Ada,Selesai
ORD-2024-001181,2/11/2024 11:17,Mie,37000,1.410293833,20,,,FALSE,Rendah,Refund
ORD-2024-001182,2/19/2024 11:16,Ayam,40000,0.5,23,5,Top bgt kualitasnya,FALSE,Tidak Ada,Selesai
ORD-2024-001183,2/26/2024 12:39,Martabak,26000,1.614527055,22,3,OK,TRUE,Rendah,Dibatalkan
ORD-2024-001184,3/3/2024 14:13,Mie,35000,4.682325578,46,5,Rekomendasi deh,FALSE,Tidak Ada,Selesai
ORD-2024-001185,2/26/2024 3:02,Ayam,38000,1.732560997,13,4,Sesuai pesanan,TRUE,Tidak Ada,Selesai
ORD-2024-001186,2/2/2024 0:57,Mie,31500,1.696506121,15,5,Buruan order!!11,TRUE,Tidak Ada,Dibatalkan
ORD-2024-001187,3/22/2024 11:42,Martabak,39000,2.441131201,28,3,Gapapa,FALSE,Tinggi,Selesai
ORD-2024-001188,3/30/2024 14:36,Ayam,59500,2.614601677,30,5,Top bgt kualitasnya,FALSE,Rendah,Selesai
ORD-2024-001189,3/3/2024 20:54,Ayam,27500,,36,4,Sesuai pesanan,TRUE,Tidak Ada,Selesai
ORD-2024-001190,9/1/2024 17:24,Martabak,25500,,5,2,😠😠😠,FALSE,Tinggi,Selesai
ORD-2024-001191,3/2/2024 13:21,Ayam,97000,5.172379808,14,5,Driver ramah,TRUE,Tidak Ada,Selesai
ORD-2024-001192,8/1/2024 17:23,Kopi,14500,2.503674311,17,5,Mantap gan!!,TRUE,Tidak Ada,Selesai
ORD-2024-001193,2/13/2024 14:48,Ayam,101500,,16,1,Driver gak ramah,TRUE,Tinggi,Dibatalkan
ORD-2024-001194,1/26/2024 11:24,Martabak,43000,1.049208834,5,4,Cepat sampai,TRUE,Tidak Ada,Selesai
ORD-2024-001195,3/30/2024 17:40,Ayam,60000,1.344198164,17,5,Akan order lg nih,FALSE,Tidak Ada,Selesai
ORD-2024-001196,1/11/2024 14:47,Mie,28000,2.924090227,29,5,Sesuai pesanan,FALSE,Tidak Ada,Selesai
ORD-2024-001197,1/25/2024 12:31,Mie,0,0.78725855,14,,,TRUE,Tidak Ada,Selesai
ORD-2024-001198,10/3/2024 20:34,Mie,22500,7.589720646,42,1,😠😠😠,FALSE,Rendah,Selesai
ORD-2024-001199,1/3/2024 11:21,Martabak,20000,2.566381341,27,1,Kurang sambelnya,FALSE,Tinggi,Selesai
ORD-2024-001200,21/02/2024 14:43,Ayam,47500,7.577777629,24,4,Sesuai pesanan,TRUE,Tidak Ada,Selesai
ORD-2024-001201,1/20/2024 7:59,Martabak,39500,0.5,17,3,Lumayan,FALSE,Tidak Ada,Selesai
ORD-2024-001202,19/01/2024 17:30,Ayam,50500,1.258439742,9,4,Nggg enak 😋,FALSE,Tidak Ada,Dibatalkan
ORD-2024-001203,1/6/2024 12:00,Ayam,54000,,12,,,TRUE,Tidak Ada,Selesai
ORD-2024-001204,2/9/2024 3:29,Ayam,59500,0.953400571,8,4,Enak bgt,FALSE,Tidak Ada,Selesai
ORD-2024-001205,3/16/2024 11:07,Kopi,917000,5.941645486,44,,,TRUE,Tinggi,Refund
ORD-2024-001206,19/03/2024 12:27,Martabak,18000,0.5,5,4,Mantap gan!,TRUE,Tidak Ada,Selesai
ORD-2024-001207,3/27/2024 17:43,Martabak,36500,1.718885631,31,1,Ayamnya keras,FALSE,Tinggi,Selesai
ORD-2024-001208,2/11/2024 6:48,Kopi,8500,0.5,31,4,Top bgt kualitasnya,FALSE,Tidak Ada,Selesai
ORD-2024-001209,2/12/2024 13:09,Ayam,62000,1.617884455,5,4,Makasih ya,FALSE,Tidak Ada,Selesai
ORD-2024-001210,30/03/2024 18:28,Mie,24500,5.476288505,26,3,Standar lah,FALSE,Rendah,Dibatalkan
ORD-2024-001211,1/6/2024 14:49,Kopi,22000,2.92709558,28,5,Makasih ya,FALSE,Tidak Ada,Selesai
ORD-2024-001212,3/3/2024 11:11,Kopi,15000,4.004025696,17,,,FALSE,Tidak Ada,Selesai
ORD-2024-001213,24/03/2024 19:26,Ayam,18000,1.288216743,14,5,Driver ramah,FALSE,Tidak Ada,Refund
ORD-2024-001214,3/1/2024 6:09,Martabak,28500,,37,4,Buruan order!!11,FALSE,Tidak Ada,Selesai
ORD-2024-001215,2/27/2024 18:39,Martabak,31000,3.705999251,18,4,Cepat sampai,FALSE,Tidak Ada,Selesai
ORD-2024-001216,24/01/2024 19:05,Ayam,49500,1.643500222,19,5,Sesuai pesanan,FALSE,Tidak Ada,Selesai
ORD-2024-001217,2/8/2024 11:35,Ayam,61000,1.667807902,27,2,Kurang sambelnya,TRUE,Tinggi,Refund
ORD-2024-001218,3/8/2024 19:23,Martabak,26000,7.528244004,38,,,FALSE,Tinggi,Selesai
ORD-2024-001219,3/10/2024 20:49,Martabak,20500,2.576930236,11,4,Makanan hangat sampai,TRUE,Tidak Ada,Selesai
ORD-2024-001220,2/5/2024 11:50,Ayam,35000,3.676398521,36,4,Top bgt kualitasnya,FALSE,Rendah,Selesai
ORD-2024-001221,3/1/2024 18:42,Mie,22500,1.618885542,31,4,Makanan hangat sampai,TRUE,Tidak Ada,Selesai
ORD-2024-001222,3/23/2024 18:27,Ayam,42500,0.759620746,18,5,Puas bgt,FALSE,Tidak Ada,Selesai
ORD-2024-001223,2/28/2024 11:59,Kopi,26500,3.857276756,16,1,Makanannya dingin,TRUE,Tinggi,Selesai
ORD-2024-001224,1/4/2024 17:04,Mie,35000,2.808131938,14,,,FALSE,Tidak Ada,Selesai
ORD-2024-001225,2/26/2024 19:26,Kopi,19500,2.087509664,5,4,Puas bgt,TRUE,Tidak Ada,Selesai
ORD-2024-001226,2/11/2024 11:20,Martabak,3439500,2.934665486,17,4,Wow enak bgt,FALSE,Tidak Ada,Selesai
ORD-2024-001227,2/22/2024 12:57,Kopi,18000,0.700663622,25,5,Cepat sampai,FALSE,Rendah,Selesai
ORD-2024-001228,15/03/2024 20:09,Ayam,61000,,22,,,TRUE,Tinggi,Selesai
ORD-2024-001229,2/28/2024 13:08,Mie,24500,8.878942013,35,5,Driver ramah,FALSE,Tidak Ada,Selesai
ORD-2024-001230,3/21/2024 19:12,Kopi,19000,6.652062365,46,1,Makanannya dingin,FALSE,Tinggi,Selesai
ORD-2024-001231,29/03/2024 19:08,Mie,23500,1.163328309,27,3,Gapapa,FALSE,Tinggi,Selesai
ORD-2024-001232,2/28/2024 19:14,Ayam,51500,1.562657037,12,4,Akan order lg nih,FALSE,Rendah,Selesai
ORD-2024-001233,1/21/2024 20:39,Ayam,47000,4.95707225,35,4,Makanan hangat sampai,TRUE,Tidak Ada,Selesai
ORD-2024-001234,3/11/2024 2:26,Ayam,44000,2.712472397,11,5,Top bgt kualitasnya,FALSE,Tidak Ada,Selesai
ORD-2024-001235,1/28/2024 20:17,Martabak,25000,,17,3,OK,TRUE,Rendah,Selesai
ORD-2024-001236,1/2/2024 14:37,Kopi,18500,7.837209815,23,3,Standar lah,TRUE,Tidak Ada,Dibatalkan
ORD-2024-001237,3/16/2024 18:57,Mie,35000,2.30377357,24,2,Bau gak tauu,TRUE,Tinggi,Selesai
ORD-2024-001238,1/6/2024 14:46,Kopi,21500,2.170439887,19,4,Top bgt kualitasnya,TRUE,Tidak Ada,Selesai
ORD-2024-001239,2/24/2024 20:51,Mie,17000,0.5,7,5,Wow enak bgt,FALSE,Tidak Ada,Refund
ORD-2024-001240,1/13/2024 18:05,Ayam,73000,0.5,13,4,Makanan hangat sampai,FALSE,Tidak Ada,Selesai
ORD-2024-001241,3/29/2024 6:08,Mie,24000,0.5,10,5,Driver ramah,FALSE,Tidak Ada,Selesai
ORD-2024-001242,3/23/2024 0:30,Martabak,34500,7.333974902,25,4,Cepat sampai,TRUE,Tidak Ada,Selesai
ORD-2024-001243,28/02/2024 23:37,Martabak,23000,1.574705998,18,3,OK,FALSE,Rendah,Selesai
ORD-2024-001244,2/29/2024 22:25,Mie,27000,1.896502695,13,5,Makanan hangat sampai,TRUE,Tidak Ada,Selesai
ORD-2024-001245,2/17/2024 17:55,Martabak,32500,,31,5,Makasih ya,TRUE,Tidak Ada,Selesai
ORD-2024-001246,3/29/2024 11:18,Martabak,19000,2.819033602,8,5,Top bgt kualitasnya,FALSE,Tidak Ada,Selesai
ORD-2024-001247,3/30/2024 17:36,Ayam,61500,2.820994193,21,5,Wow enak bgt,FALSE,Tidak Ada,Selesai
ORD-2024-001248,3/28/2024 13:47,Ayam,74000,1.055209031,14,,,FALSE,Tinggi,Selesai
ORD-2024-001249,3/27/2024 17:07,Mie,25000,5.385647036,23,3,Lumayan,FALSE,Rendah,Selesai
ORD-2024-001250,3/20/2024 13:11,Martabak,40000,0.543954095,19,5,Buruan order!11,TRUE,Tidak Ada,Selesai
ORD-2024-001251,1/9/2024 18:08,Martabak,28500,0.5,5,4,Rekomendasi deh,TRUE,Tidak Ada,Selesai
ORD-2024-001252,1/15/2024 21:55,Kopi,20000,0.63810734,10,5,Nggg enak 😋,FALSE,Tidak Ada,Selesai
ORD-2024-001253,1/29/2024 13:32,Ayam,14500,0.934847516,18,5,Enak bgt,FALSE,Tidak Ada,Selesai
ORD-2024-001254,1/7/2024 13:28,Ayam,92000,0.995157096,36,5,Rekomendasi deh,TRUE,Tinggi,Dibatalkan
ORD-2024-001255,1/16/2024 21:43,Martabak,41000,3.330660589,11,5,Puas bgt,FALSE,Tidak Ada,Selesai
ORD-2024-001256,7/2/2024 19:51,Kopi,15500,0.737028752,16,5,Buruan order!11,FALSE,Tidak Ada,Selesai
ORD-2024-001257,1/9/2024 14:05,Ayam,18500,3.387136902,29,4,Sesuai pesanan,FALSE,Tidak Ada,Dibatalkan
ORD-2024-001258,1/23/2024 11:06,Kopi,17500,0.5,14,,,TRUE,Tidak Ada,Selesai
ORD-2024-001259,3/30/2024 12:55,Ayam,27500,0.5,5,1,Gajadi orderan,FALSE,Tinggi,Refund
ORD-2024-001260,21/03/2024 14:43,Kopi,0,,15,5,Akan order lg nih,TRUE,Tidak Ada,Selesai
ORD-2024-001261,3/1/2024 14:47,Ayam,59000,7.649134438,16,5,Enak bgt,TRUE,Tidak Ada,Selesai
ORD-2024-001262,1/25/2024 12:53,Martabak,40000,5.889086895,33,5,Mantap gan!!!,FALSE,Tidak Ada,Selesai
ORD-2024-001263,2/22/2024 19:31,Ayam,70000,10.3975382,36,5,Akan order lg nih,FALSE,Tidak Ada,Selesai
ORD-2024-001264,3/8/2024 14:29,Kopi,16500,3.15357546,28,5,Akan order lg nih,FALSE,Rendah,Selesai
ORD-2024-001265,2/9/2024 13:14,Ayam,79000,3.379321579,18,,,TRUE,Rendah,Selesai
ORD-2024-001266,2/6/2024 1:09,Ayam,60000,2.942671756,13,,,FALSE,Tidak Ada,Selesai
ORD-2024-001267,1/22/2024 18:45,Kopi,21500,2.925089688,24,,,TRUE,Rendah,Selesai
ORD-2024-001268,1/23/2024 22:57,Kopi,13000,0.5,14,,,FALSE,Tidak Ada,Selesai
ORD-2024-001269,1/21/2024 11:20,Martabak,25000,2.354070506,29,4,Wow enak bgt,FALSE,Tidak Ada,Selesai
ORD-2024-001270,2/3/2024 18:35,Ayam,40500,1.463612993,15,5,Cepat sampai,TRUE,Tidak Ada,Selesai
ORD-2024-001271,2/10/2024 4:23,Martabak,29500,1.753078598,14,4,Cepat sampai,TRUE,Tidak Ada,Selesai
ORD-2024-001272,1/21/2024 17:58,Mie,26500,2.224495933,7,,,TRUE,Tidak Ada,Selesai
ORD-2024-001273,3/4/2024 14:59,Martabak,32500,0.5,28,4,Cepat sampai,FALSE,Tidak Ada,Selesai
ORD-2024-001274,3/10/2024 10:41,Ayam,84500,1.336461021,7,5,Akan order lg nih,FALSE,Tidak Ada,Refund
ORD-2024-001275,2/7/2024 18:42,Kopi,19500,0.5,21,,,TRUE,Rendah,Selesai
ORD-2024-001276,26/02/2024 11:46,Ayam,43000,11.68669708,61,3,Standar lah,FALSE,Tidak Ada,Selesai
ORD-2024-001277,1/18/2024 3:19,Ayam,51500,0.5,15,4,Makanan hangat sampai,FALSE,Tidak Ada,Selesai
ORD-2024-001278,1/29/2024 17:20,Mie,36500,0.897340442,13,5,Makanan hangat sampai,FALSE,Tidak Ada,Refund
ORD-2024-001279,1/25/2024 18:50,Ayam,64500,6.657295246,32,4,Wow enak bgt,FALSE,Tidak Ada,Selesai
ORD-2024-001280,26/01/2024 14:43,Kopi,23000,1.977455168,19,4,Mantap gan!,FALSE,Tidak Ada,Selesai
ORD-2024-001281,3/6/2024 20:20,Martabak,26500,0.5,5,5,Wow enak bgt,TRUE,Rendah,Selesai
ORD-2024-001282,1/8/2024 11:25,Martabak,24500,1.454647907,17,5,Wow enak bgt,FALSE,Tidak Ada,Selesai
ORD-2024-001283,2/24/2024 19:00,Kopi,13500,0.5,28,,,FALSE,Tidak Ada,Dibatalkan
ORD-2024-001284,2/9/2024 17:05,Ayam,1514500,0.670240752,12,5,Driver ramah,TRUE,Tidak Ada,Selesai
ORD-2024-001285,2/26/2024 13:51,Ayam,69000,0.5,13,4,Wow enak bgt,FALSE,Rendah,Selesai
ORD-2024-001286,2/24/2024 13:08,Kopi,15000,1.729974917,8,4,Driver ramah,TRUE,Rendah,Selesai
ORD-2024-001287,1/12/2024 13:30,Ayam,44500,4.929544457,32,4,Makasih ya,TRUE,Rendah,Selesai
ORD-2024-001288,2/12/2024 14:05,Kopi,21500,2.645444581,14,4,Driver ramah,TRUE,Tidak Ada,Selesai
ORD-2024-001289,2/4/2024 21:29,Ayam,78500,2.796843491,30,4,Sesuai pesanan,FALSE,Tidak Ada,Selesai
ORD-2024-001290,1/18/2024 14:18,Ayam,62500,0.671621567,25,,,FALSE,Tidak Ada,Selesai
ORD-2024-001291,2/8/2024 9:31,Kopi,13500,1.264298036,25,4,Buruan order!!11,TRUE,Tidak Ada,Selesai
ORD-2024-001292,1/29/2024 11:09,Ayam,43000,5.59768003,18,4,Enak bgt,TRUE,Tidak Ada,Selesai
ORD-2024-001293,3/22/2024 15:07,Kopi,17000,0.5,17,5,Akan order lg nih,FALSE,Tidak Ada,Selesai
ORD-2024-001294,2/6/2024 20:58,Martabak,32500,5.854319958,39,4,Driver ramah,FALSE,Tidak Ada,Selesai
ORD-2024-001295,1/4/2024 13:31,Mie,19000,1.983143909,15,4,Mantap gan!,FALSE,Tidak Ada,Selesai
ORD-2024-001296,2/16/2024 21:27,Ayam,63500,5.444729922,43,,,FALSE,Tinggi,Selesai
ORD-2024-001297,3/28/2024 17:23,Ayam,500,1.148205101,20,5,Puas bgt,FALSE,Tidak Ada,Selesai
ORD-2024-001298,1/3/2024 5:37,Ayam,18000,1.241291626,25,4,Makanan hangat sampai,FALSE,Rendah,Selesai
ORD-2024-001299,2/29/2024 4:22,Martabak,31000,4.178203584,12,5,Wow enak bgt,TRUE,Tidak Ada,Selesai
ORD-2024-001300,2/16/2024 19:03,Martabak,26000,4.611298359,22,5,Rekomendasi deh,TRUE,Tidak Ada,Selesai
ORD-2024-001301,3/22/2024 16:12,Ayam,39000,0.78271024,13,4,Mantap gan!,FALSE,Tidak Ada,Selesai
ORD-2024-001302,13/01/2024 18:34,Mie,19500,10.82149196,62,1,Gajadi orderan,FALSE,Tinggi,Dibatalkan
ORD-2024-001303,3/28/2024 8:43,Ayam,51000,0.5,15,5,Rekomendasi deh,FALSE,Tidak Ada,Selesai
ORD-2024-001304,1/13/2024 19:52,Kopi,13000,0.5,5,,,TRUE,Tidak Ada,Selesai
ORD-2024-001305,7/3/2024 14:26,Martabak,31500,2.715341891,39,,,TRUE,Rendah,Selesai
ORD-2024-001306,21/01/2024 12:32,Mie,29000,3.848407062,23,3,Gapapa,FALSE,Rendah,Selesai
ORD-2024-001307,3/12/2024 21:54,Martabak,28000,9.723834371,38,4,Nggg enak 😋,FALSE,Tidak Ada,Selesai
ORD-2024-001308,30/03/2024 03:26,Mie,23500,1.557308259,8,4,Wow enak bgt,FALSE,Tidak Ada,Selesai
ORD-2024-001309,1/15/2024 0:30,Ayam,54500,0.5,5,5,Enak bgt,TRUE,Tidak Ada,Dibatalkan
ORD-2024-001310,2/16/2024 14:56,Mie,26000,2.770673768,5,4,Sesuai pesanan,FALSE,Tidak Ada,Selesai
ORD-2024-001311,13/02/2024 13:01,Ayam,74000,1.026186782,15,3,Standar lah,FALSE,Rendah,Selesai
ORD-2024-001312,1/29/2024 12:44,Mie,28000,1.701908157,5,5,Mantap gan!,FALSE,Rendah,Selesai
ORD-2024-001313,1/27/2024 11:27,Kopi,21000,2.011044096,22,4,Akan order lg nih,TRUE,Tidak Ada,Selesai
ORD-2024-001314,1/15/2024 14:48,Mie,30500,0.5,23,5,Makanan hangat sampai,FALSE,Tidak Ada,Selesai
ORD-2024-001315,14/01/2024 11:30,Kopi,11000,1.996489727,23,,,FALSE,Tidak Ada,Selesai
ORD-2024-001316,1/6/2024 11:48,Martabak,26000,1.667048846,18,3,Lumayan,FALSE,Rendah,Selesai
ORD-2024-001317,3/18/2024 12:11,Kopi,16500,3.74005919,11,1,Makanannya dingin,FALSE,Rendah,Selesai
ORD-2024-001318,1/12/2024 13:37,Martabak,36500,3.112545172,31,3,Biasa saja,TRUE,Tidak Ada,Selesai
ORD-2024-001319,3/5/2024 19:15,Ayam,84000,0.614495657,33,5,Puas bgt,TRUE,Tidak Ada,Selesai
ORD-2024-001320,1/13/2024 0:33,Ayam,43500,0.692540379,23,5,Nggg enak 😋,FALSE,Rendah,Selesai
ORD-2024-001321,6/2/2024 11:46,Ayam,52500,0.867073635,5,3,Standar lah,FALSE,Rendah,Selesai
ORD-2024-001322,3/5/2024 15:23,Ayam,65000,,11,,,FALSE,Tidak Ada,Selesai
ORD-2024-001323,2/26/2024 3:11,Mie,500,3.211939795,17,5,Buruan order!11,TRUE,Tidak Ada,Selesai
ORD-2024-001324,2/18/2024 21:14,Ayam,50500,15.57117719,64,1,Lama bgt nunggunya,TRUE,Tinggi,Dibatalkan
ORD-2024-001325,2/10/2024 11:33,Mie,35000,,24,4,Makanan hangat sampai,TRUE,Tidak Ada,Selesai
ORD-2024-001326,2/16/2024 17:46,Ayam,61000,2.799407041,43,4,Cepat sampai,TRUE,Tidak Ada,Selesai
ORD-2024-001327,3/4/2024 13:29,Ayam,53000,1.582531808,19,4,Makasih ya,FALSE,Tidak Ada,Refund
ORD-2024-001328,3/28/2024 14:14,Martabak,41000,1.124430589,12,5,Driver ramah,FALSE,Tidak Ada,Selesai
ORD-2024-001329,24/02/2024 11:57,Martabak,1500,7.259843946,41,4,Rekomendasi deh,TRUE,Tidak Ada,Selesai
ORD-2024-001330,3/27/2024 17:43,Kopi,20500,10.4214856,37,1,Ayamnya keras,FALSE,Tinggi,Refund
ORD-2024-001331,2/20/2024 17:07,Kopi,15500,2.060160687,13,,,FALSE,Tidak Ada,Refund
ORD-2024-001332,29/03/2024 17:47,Martabak,24000,1.028318211,25,1,Lama org kerjanyaa,TRUE,Tinggi,Selesai
ORD-2024-001333,1/22/2024 12:21,Ayam,35500,4.410622347,30,5,Rekomendasi deh,FALSE,Tinggi,Selesai
ORD-2024-001334,2/21/2024 14:46,Mie,16000,0.5,34,4,Rekomendasi deh,TRUE,Rendah,Selesai
ORD-2024-001335,3/15/2024 20:22,Mie,23000,4.352028126,30,5,Buruan order!11,FALSE,Tidak Ada,Selesai
ORD-2024-001336,2/21/2024 16:17,Martabak,32500,5.126919191,15,5,Driver ramah,TRUE,Tidak Ada,Selesai
ORD-2024-001337,1/14/2024 14:31,Ayam,48000,0.5,5,,,FALSE,Tidak Ada,Selesai
ORD-2024-001338,1/18/2024 11:53,Martabak,31500,11.2987681,62,1,😠😠😠,FALSE,Rendah,Selesai
ORD-2024-001339,1/4/2024 12:38,Ayam,72000,12.70336381,48,,,TRUE,Rendah,Selesai
ORD-2024-001340,2/8/2024 17:48,Ayam,43000,8.280533182,31,5,Mantap gan!!,TRUE,Tidak Ada,Selesai
ORD-2024-001341,3/7/2024 14:12,Ayam,90500,2.055744239,14,,,TRUE,Tidak Ada,Selesai
ORD-2024-001342,3/3/2024 21:21,Kopi,19500,0.847383743,25,5,Sesuai pesanan,FALSE,Tidak Ada,Refund
ORD-2024-001343,10/3/2024 11:27,Mie,24500,2.616888149,18,,,FALSE,Tidak Ada,Selesai
ORD-2024-001344,2/19/2024 20:28,Martabak,28500,1.633839331,10,4,Top bgt kualitasnya,TRUE,Tidak Ada,Selesai
ORD-2024-001345,1/23/2024 19:56,Martabak,22500,0.691821422,26,5,Top bgt kualitasnya,TRUE,Tidak Ada,Selesai
ORD-2024-001346,2/25/2024 14:31,Kopi,16500,1.653257962,28,4,Mantap gan!,FALSE,Tidak Ada,Selesai
ORD-2024-001347,3/27/2024 21:43,Ayam,15500,3.270948908,40,5,Sesuai pesanan,TRUE,Tinggi,Selesai
ORD-2024-001348,3/1/2024 18:32,Kopi,22000,0.5,27,4,Cepat sampai,FALSE,Tidak Ada,Selesai
ORD-2024-001349,3/4/2024 20:39,Mie,6500,1.216776355,27,,,TRUE,Tidak Ada,Selesai
ORD-2024-001350,2/6/2024 11:37,Ayam,52000,0.5,7,2,"Narik duit banyak😡",FALSE,Tinggi,Dibatalkan
ORD-2024-001351,2/16/2024 11:48,Mie,18000,4.152835249,33,5,Driver ramah,FALSE,Tidak Ada,Selesai
ORD-2024-001352,2/18/2024 13:22,Kopi,13500,3.070719844,35,4,Sesuai pesanan,TRUE,Rendah,Selesai
ORD-2024-001353,3/25/2024 12:41,Kopi,14000,0.5,32,4,Rekomendasi deh,FALSE,Rendah,Selesai
ORD-2024-001354,3/29/2024 13:07,Martabak,44500,10.03481068,50,3,Biasa saja,FALSE,Tinggi,Dibatalkan
ORD-2024-001355,3/9/2024 14:42,Kopi,12000,0.5,9,4,Cepat sampai,TRUE,Tidak Ada,Selesai
ORD-2024-001356,3/6/2024 8:01,Mie,1000,2.674506419,11,4,Sesuai pesanan,TRUE,Tidak Ada,Selesai
ORD-2024-001357,1/3/2024 12:36,Mie,23500,4.493253086,38,5,Makasih ya,TRUE,Tidak Ada,Selesai
ORD-2024-001358,1/13/2024 3:44,Kopi,1000500,4.652040103,19,,,FALSE,Rendah,Selesai
ORD-2024-001359,3/4/2024 19:10,Ayam,85000,0.5,15,,,TRUE,Tidak Ada,Selesai
ORD-2024-001360,2/25/2024 11:53,Kopi,23000,7.106659746,29,4,Puas bgt,FALSE,Tidak Ada,Selesai
ORD-2024-001361,6/2/2024 13:36,Mie,17000,7.519678356,38,5,Rekomendasi deh,FALSE,Tidak Ada,Selesai
ORD-2024-001362,3/20/2024 2:45,Ayam,71500,2.472436483,21,4,Rekomendasi deh,FALSE,Tidak Ada,Selesai
ORD-2024-001363,3/16/2024 11:36,Martabak,30000,1.973821996,22,5,Mantap gan!!!,FALSE,Rendah,Selesai
ORD-2024-001364,2/24/2024 11:41,Martabak,29500,0.5,21,3,Gapapa,FALSE,Rendah,Selesai
ORD-2024-001365,2/8/2024 21:20,Martabak,30500,2.47629503,8,4,Akan order lg nih,FALSE,Tidak Ada,Selesai
ORD-2024-001366,2/2/2024 20:42,Ayam,57000,1.579742675,17,4,Cepat sampai,FALSE,Tidak Ada,Selesai
ORD-2024-001367,1/3/2024 21:55,Martabak,23000,4.445858382,23,4,Makasih ya,TRUE,Tidak Ada,Selesai
ORD-2024-001368,28/01/2024 23:29,Mie,24000,1.55195782,7,4,Buruan order!11,TRUE,Tidak Ada,Selesai
ORD-2024-001369,3/9/2024 13:59,Ayam,57500,3.452062403,17,5,Sesuai pesanan,TRUE,Tidak Ada,Selesai
ORD-2024-001370,1/8/2024 19:29,Ayam,54500,,5,5,Sesuai pesanan,FALSE,Tidak Ada,Refund
ORD-2024-001371,28/03/2024 13:26,Mie,28500,0.5,17,4,Akan order lg nih,TRUE,Rendah,Selesai
ORD-2024-001372,1/9/2024 20:17,Ayam,39500,0.5,18,,,TRUE,Tidak Ada,Selesai
ORD-2024-001373,1/21/2024 12:25,Mie,30500,0.5,22,5,Wow enak bgt,FALSE,Tidak Ada,Selesai
ORD-2024-001374,1/25/2024 13:29,Kopi,624000,2.338265384,24,5,Rekomendasi deh,FALSE,Tidak Ada,Selesai
ORD-2024-001375,2/25/2024 17:12,Ayam,30000,4.739167358,31,4,Sesuai pesanan,FALSE,Tidak Ada,Selesai
ORD-2024-001376,1/4/2024 13:42,Mie,26500,2.827990394,23,,,FALSE,Tinggi,Selesai
ORD-2024-001377,1/6/2024 15:50,Kopi,12000,2.566679892,23,4,Puas bgt,FALSE,Rendah,Selesai
ORD-2024-001378,11/1/2024 13:55,Kopi,11500,3.424157888,5,4,Mantap gan!,FALSE,Tidak Ada,Selesai
ORD-2024-001379,2/22/2024 21:42,Kopi,14500,1.244934597,16,,,FALSE,Tidak Ada,Selesai
ORD-2024-001380,18/01/2024 11:33,Kopi,14500,1.348035031,20,,,FALSE,Tidak Ada,Selesai
ORD-2024-001381,3/8/2024 11:15,Ayam,42500,1.131814374,33,4,Top bgt kualitasnya,FALSE,Tidak Ada,Selesai
ORD-2024-001382,2/10/2024 14:51,Kopi,18500,3.735519328,15,,,TRUE,Rendah,Selesai
ORD-2024-001383,24/02/2024 11:11,Mie,26500,0.528924231,5,5,Akan order lg nih,TRUE,Tidak Ada,Selesai
ORD-2024-001384,2/26/2024 21:03,Ayam,46500,0.5,5,3,Biasa saja,FALSE,Rendah,Selesai
ORD-2024-001385,3/30/2024 10:34,Martabak,31500,2.720480321,7,3,Gapapa,TRUE,Rendah,Selesai
ORD-2024-001386,2/1/2024 4:23,Ayam,35000,8.561727704,34,4,Top bgt kualitasnya,TRUE,Tidak Ada,Refund
ORD-2024-001387,2/9/2024 11:53,Martabak,31000,2.820274589,15,3,OK,FALSE,Tinggi,Selesai
ORD-2024-001388,1/7/2024 21:15,Ayam,54000,4.582490833,21,5,Akan order lg nih,TRUE,Rendah,Selesai
ORD-2024-001389,2/9/2024 19:57,Mie,15500,3.351465842,24,4,Puas bgt,FALSE,Rendah,Selesai
ORD-2024-001390,9/3/2024 14:24,Kopi,20500,2.064100753,25,,,TRUE,Tidak Ada,Selesai
ORD-2024-001391,20/02/2024 08:19,Ayam,36500,3.801722018,22,5,Sesuai pesanan,TRUE,Tidak Ada,Selesai
ORD-2024-001392,1/31/2024 12:58,Ayam,53000,5.213589215,31,4,Makanan hangat sampai,FALSE,Tidak Ada,Selesai
ORD-2024-001393,3/23/2024 17:17,Ayam,71000,0.763638132,19,5,Driver ramah,TRUE,Tidak Ada,Selesai
ORD-2024-001394,3/3/2024 20:59,Kopi,20500,1.229008967,5,5,Enak bgttt,FALSE,Tidak Ada,Selesai
ORD-2024-001395,2/24/2024 3:52,Ayam,52000,0.759748151,13,5,Cepat sampai,FALSE,Tidak Ada,Selesai
ORD-2024-001396,5/3/2024 14:38,Mie,23500,1.805386963,18,2,"Narik duit banyak😡",FALSE,Rendah,Selesai
ORD-2024-001397,2/11/2024 17:48,Kopi,20500,6.490153862,35,4,Puas bgt,TRUE,Tidak Ada,Selesai
ORD-2024-001398,1/24/2024 18:00,Ayam,63000,1.270308833,11,5,Enak bgt!!!,FALSE,Tidak Ada,Selesai
ORD-2024-001399,2/9/2024 11:07,Martabak,25500,1.407453046,15,4,Top bgt kualitasnya,TRUE,Tidak Ada,Selesai
ORD-2024-001400,3/24/2024 19:43,Martabak,24000,5.906218223,37,,,FALSE,Tidak Ada,Selesai
ORD-2024-001401,2/10/2024 18:16,Ayam,17000,2.173135506,35,5,Enak bgt,TRUE,Tidak Ada,Selesai
ORD-2024-001402,2/11/2024 6:05,Ayam,54000,2.300051792,5,4,Sesuai pesanan,TRUE,Tidak Ada,Selesai
ORD-2024-001403,20/02/2024 18:14,Ayam,50000,5.915556527,39,4,Puas bgt,FALSE,Tidak Ada,Selesai
ORD-2024-001404,12/3/2024 18:58,Martabak,38500,2.023133714,31,5,Makanan hangat sampai,FALSE,Rendah,Selesai
ORD-2024-001405,1/26/2024 12:03,Martabak,32500,3.432940388,12,5,Top bgt kualitasnya,FALSE,Tidak Ada,Selesai
ORD-2024-001406,17/03/2024 11:23,Kopi,22000,0.5,12,5,Wow enak bgt,FALSE,Tinggi,Selesai
ORD-2024-001407,16/01/2024 14:49,Mie,21000,0.59035106,17,,,TRUE,Tidak Ada,Selesai
ORD-2024-001408,3/27/2024 18:45,Mie,34000,1.554438061,37,5,Rekomendasi deh,TRUE,Tidak Ada,Selesai
ORD-2024-001409,2/4/2024 14:24,Kopi,500,2.048634669,40,5,Top bgt kualitasnya,FALSE,Tidak Ada,Selesai
ORD-2024-001410,1/27/2024 19:46,Mie,28500,,36,,,TRUE,Tidak Ada,Selesai
ORD-2024-001411,24/01/2024 18:01,Ayam,22500,10.58555512,47,3,Yaudah minum teh,FALSE,Rendah,Selesai
ORD-2024-001412,1/31/2024 18:23,Ayam,49500,5.71539775,34,5,Makanan hangat sampai,FALSE,Tidak Ada,Selesai
ORD-2024-001413,2/28/2024 14:08,Ayam,26500,1.137633105,21,,,TRUE,Tidak Ada,Selesai
ORD-2024-001414,3/29/2024 18:45,Ayam,32500,9.975067518,50,3,Lumayan,FALSE,Tinggi,Dibatalkan
ORD-2024-001415,3/17/2024 11:35,Kopi,12500,3.507176987,16,4,Akan order lg nih,FALSE,Tinggi,Selesai
ORD-2024-001416,31/01/2024 19:38,Mie,30500,1.49738357,8,4,Nggg enak 😋,FALSE,Tidak Ada,Selesai
ORD-2024-001417,3/17/2024 1:00,Ayam,49000,3.628714513,9,4,Wow enak bgt,TRUE,Tidak Ada,Selesai
ORD-2024-001418,2/18/2024 14:42,Ayam,52000,0.5,5,5,Rekomendasi deh,TRUE,Rendah,Selesai
ORD-2024-001419,3/12/2024 12:16,Kopi,16000,0.5,5,4,Nggg enak 😋,FALSE,Tidak Ada,Selesai
ORD-2024-001420,2/13/2024 4:05,Mie,33500,5.31032938,35,4,Akan order lg nih,TRUE,Tinggi,Dibatalkan
ORD-2024-001421,25/02/2024 11:20,Ayam,869500,3.111764025,30,4,Nggg enak 😋,FALSE,Rendah,Selesai
ORD-2024-001422,4/3/2024 8:47,Kopi,16500,1.35858869,19,4,Top bgt kualitasnya,FALSE,Tidak Ada,Selesai
ORD-2024-001423,2/6/2024 8:39,Ayam,71000,2.083444052,14,2,Lama org kerjanyaa,FALSE,Tinggi,Selesai
ORD-2024-001424,2/3/2024 20:57,Ayam,71000,7.06612746,37,,,FALSE,Tinggi,Refund
ORD-2024-001425,3/3/2024 4:35,Mie,29000,2.995579668,17,4,Sesuai pesanan,TRUE,Rendah,Selesai
ORD-2024-001426,3/22/2024 1:12,Mie,27000,1.523237533,5,4,Puas bgt,FALSE,Tidak Ada,Selesai
ORD-2024-001427,1/24/2024 13:10,Ayam,11500,0.5,20,4,Sesuai pesanan,TRUE,Tidak Ada,Selesai
ORD-2024-001428,1/15/2024 15:02,Mie,21000,1.043344404,20,5,Sesuai pesanan,FALSE,Tidak Ada,Selesai
ORD-2024-001429,3/12/2024 20:07,Martabak,26500,11.49689636,42,3,Gapapa,TRUE,Tinggi,Dibatalkan
ORD-2024-001430,1/19/2024 11:13,Mie,13000,1.725362192,7,,,FALSE,Tidak Ada,Selesai
ORD-2024-001431,1/22/2024 8:36,Kopi,11500,1.915064987,19,4,Wow enak bgt,FALSE,Tidak Ada,Selesai
ORD-2024-001432,1/28/2024 17:33,Kopi,8000,2.071041507,23,4,Wow enak bgt,TRUE,Tidak Ada,Selesai
ORD-2024-001433,2/23/2024 7:49,Kopi,16500,6.465186719,35,5,Enak bgt!!!,FALSE,Tidak Ada,Selesai
ORD-2024-001434,2/12/2024 11:25,Martabak,36000,2.778479952,36,1,Lama org kerjanyaa,TRUE,Tinggi,Selesai
ORD-2024-001435,1/14/2024 4:01,Ayam,70000,3.549345892,12,1,Kecewa bgt,TRUE,Rendah,Selesai
ORD-2024-001436,3/25/2024 19:38,Ayam,58500,1.480006134,17,,,TRUE,Tinggi,Dibatalkan
ORD-2024-001437,6/1/2024 14:20,Ayam,35500,0.5,5,4,Buruan order!11,FALSE,Tidak Ada,Selesai
ORD-2024-001438,3/13/2024 11:51,Martabak,15500,8.019768913,32,,,TRUE,Tidak Ada,Selesai
ORD-2024-001439,1/8/2024 17:38,Ayam,22000,8.935308998,40,,,FALSE,Rendah,Selesai
ORD-2024-001440,2/2/2024 14:05,Martabak,20500,8.936805613,58,3,Biasa saja,TRUE,Rendah,Selesai
ORD-2024-001441,1/21/2024 20:18,Mie,20000,8.63049421,54,2,Driver gak ramah,FALSE,Tinggi,Selesai
ORD-2024-001442,3/24/2024 13:31,Ayam,49000,5.066124298,30,,,FALSE,Tidak Ada,Selesai
ORD-2024-001443,2/9/2024 19:08,Martabak,22500,3.461703243,5,4,Mantap gan!!!,FALSE,Tinggi,Selesai
ORD-2024-001444,2/17/2024 20:28,Kopi,18000,5.583519997,36,5,Akan order lg nih,TRUE,Tidak Ada,Selesai
ORD-2024-001445,2/4/2024 20:05,Mie,24500,2.752971788,25,5,Puas bgt,FALSE,Tidak Ada,Selesai
ORD-2024-001446,2/17/2024 20:40,Ayam,51500,0.5,5,4,Sesuai pesanan,TRUE,Tidak Ada,Selesai
ORD-2024-001447,3/6/2024 14:43,Martabak,38500,1.488885931,25,3,OK,FALSE,Tinggi,Selesai
ORD-2024-001448,1/20/2024 16:40,Mie,17500,10.65204267,34,5,Makanan hangat sampai,FALSE,Rendah,Selesai
ORD-2024-001449,2/7/2024 17:58,Mie,29000,1.297604797,25,4,Mantap gan!,TRUE,Tidak Ada,Selesai
ORD-2024-001450,20/01/2024 21:57,Martabak,30000,6.070951565,36,4,Puas bgt,TRUE,Tidak Ada,Selesai
ORD-2024-001451,3/7/2024 21:03,Kopi,2191500,0.5,5,4,Makasih ya,TRUE,Tidak Ada,Selesai
ORD-2024-001452,1/6/2024 21:27,Martabak,27000,1.220225058,13,4,Akan order lg nih,TRUE,Tidak Ada,Selesai
ORD-2024-001453,3/25/2024 8:22,Mie,25000,1.296751938,15,5,Enak bgt!!,TRUE,Rendah,Selesai
ORD-2024-001454,3/5/2024 14:11,Kopi,15500,0.5,17,2,Gak sesuai foto,FALSE,Tidak Ada,Refund
ORD-2024-001455,2/20/2024 14:56,Ayam,54500,0.5,24,,,TRUE,Tidak Ada,Selesai
ORD-2024-001456,16/03/2024 21:28,Mie,3992000,0.643909063,25,5,Top bgt kualitasnya,FALSE,Rendah,Selesai
ORD-2024-001457,2/13/2024 5:13,Martabak,36500,5.457063788,24,4,Sesuai pesanan,FALSE,Rendah,Selesai
ORD-2024-001458,3/18/2024 11:27,Martabak,23000,0.5,19,5,Top bgt kualitasnya,FALSE,Tidak Ada,Selesai
ORD-2024-001459,2/20/2024 12:41,Ayam,48500,1.064462426,31,,,FALSE,Rendah,Selesai
ORD-2024-001460,2/21/2024 23:38,Martabak,32000,0.5,5,5,Sesuai pesanan,FALSE,Tidak Ada,Selesai
ORD-2024-001461,3/20/2024 19:23,Kopi,15500,3.568511415,19,4,Akan order lg nih,FALSE,Tidak Ada,Selesai
ORD-2024-001462,3/29/2024 9:05,Martabak,34500,2.90514585,5,5,Enak bgt!!!,FALSE,Tidak Ada,Dibatalkan
ORD-2024-001463,25/01/2024 11:44,Ayam,56000,3.106762574,17,1,Makanannya dingin,FALSE,Tinggi,Selesai
ORD-2024-001464,1/27/2024 18:41,Martabak,43500,,19,4,Makasih ya,FALSE,Tidak Ada,Selesai
ORD-2024-001465,3/21/2024 17:12,Mie,15500,0.700596308,5,4,Top bgt kualitasnya,FALSE,Tidak Ada,Selesai
ORD-2024-001466,2/29/2024 14:01,Ayam,49500,3.822329847,30,5,Rekomendasi deh,TRUE,Tidak Ada,Selesai
ORD-2024-001467,1/20/2024 14:31,Mie,19500,4.999896371,25,4,Puas bgt,FALSE,Tidak Ada,Selesai
ORD-2024-001468,27/02/2024 18:18,Kopi,19000,0.5,13,5,Makasih ya,FALSE,Tidak Ada,Dibatalkan
ORD-2024-001469,20/02/2024 11:06,Mie,14500,2.00144097,8,4,Akan order lg nih,FALSE,Rendah,Selesai
ORD-2024-001470,2/25/2024 15:47,Martabak,32500,0.857913339,12,5,Akan order lg nih,FALSE,Tinggi,Dibatalkan
ORD-2024-001471,3/11/2024 1:31,Kopi,14000,0.552153856,25,4,Mantap gan!,FALSE,Tidak Ada,Selesai
ORD-2024-001472,16/03/2024 21:57,Martabak,24500,,22,5,Nggg enak 😋,FALSE,Tidak Ada,Selesai
ORD-2024-001473,1/30/2024 16:01,Mie,16000,2.317200681,5,5,Mantap gan!,TRUE,Rendah,Dibatalkan
ORD-2024-001474,3/11/2024 14:56,Kopi,14500,0.73074804,26,5,Driver ramah,FALSE,Tidak Ada,Selesai
ORD-2024-001475,3/20/2024 11:28,Ayam,69500,1.113191093,21,5,Makanan hangat sampai,TRUE,Rendah,Selesai
ORD-2024-001476,1/21/2024 12:30,Martabak,30000,10.20242279,50,,,FALSE,Tidak Ada,Selesai
ORD-2024-001477,5/3/2024 13:58,Mie,2871500,5.665066808,38,4,Enak bgt,TRUE,Tidak Ada,Selesai
ORD-2024-001478,3/25/2024 19:46,Martabak,24000,6.359459476,36,5,Sesuai pesanan,TRUE,Tidak Ada,Selesai
ORD-2024-001479,2/23/2024 21:41,Martabak,31000,1.848625625,34,,,TRUE,Tidak Ada,Selesai
ORD-2024-001480,3/1/2024 5:39,Kopi,13000,2.932961013,25,1,Gak sesuai foto,FALSE,Rendah,Selesai
ORD-2024-001481,1/12/2024 4:11,Mie,29500,1.418508063,11,5,Wow enak bgt,FALSE,Rendah,Selesai
ORD-2024-001482,3/3/2024 14:31,Ayam,40000,0.5,28,4,Cepat sampai,FALSE,Tinggi,Dibatalkan
ORD-2024-001483,3/12/2024 11:22,Kopi,20000,1.537828195,35,4,Sesuai pesanan,FALSE,Tidak Ada,Selesai
ORD-2024-001484,3/27/2024 11:51,Ayam,21000,2.704064144,30,,,FALSE,Rendah,Selesai
ORD-2024-001485,1/15/2024 17:35,Ayam,34500,1.015428667,20,4,Makasih ya,FALSE,Rendah,Selesai
ORD-2024-001486,2/13/2024 1:49,Kopi,12000,5.650648934,20,3,Lumayan,FALSE,Tidak Ada,Selesai
ORD-2024-001487,1/20/2024 16:38,Kopi,17500,0.5,17,4,Makanan hangat sampai,TRUE,Tidak Ada,Selesai
ORD-2024-001488,7/1/2024 14:51,Martabak,1000,1.372466431,21,3,OK,TRUE,Tidak Ada,Selesai
ORD-2024-001489,15/01/2024 19:39,Kopi,16000,0.5,14,5,Wow enak bgt,TRUE,Tidak Ada,Selesai
ORD-2024-001490,1/14/2024 1:32,Kopi,20000,1.556735356,20,1,Driver gak ramah,FALSE,Tinggi,Dibatalkan
ORD-2024-001491,1/16/2024 11:10,Ayam,64500,0.5,15,5,Driver ramah,TRUE,Tidak Ada,Selesai
ORD-2024-001492,2/26/2024 15:46,Kopi,16500,0.954627538,17,5,Nggg enak 😋,FALSE,Tidak Ada,Selesai
ORD-2024-001493,3/23/2024 18:07,Ayam,22000,1.536155401,27,4,Puas bgt,FALSE,Tidak Ada,Selesai
ORD-2024-001494,23/02/2024 00:15,Ayam,101500,,5,4,Top bgt kualitasnya,TRUE,Tidak Ada,Selesai
ORD-2024-001495,2/13/2024 12:05,Martabak,43000,2.353790432,11,3,Lumayan,FALSE,Tidak Ada,Dibatalkan
ORD-2024-001496,2/23/2024 18:09,Martabak,35500,0.964714168,7,5,Driver ramah,FALSE,Tidak Ada,Selesai
ORD-2024-001497,2/23/2024 4:51,Martabak,24500,2.220976342,32,,,TRUE,Rendah,Selesai
ORD-2024-001498,2/22/2024 16:50,Kopi,16000,2.133961691,21,5,Makanan hangat sampai,FALSE,Tidak Ada,Selesai
ORD-2024-001499,1/4/2024 17:45,Kopi,14000,1.140173111,23,5,Enak bgt!!,FALSE,Rendah,Refund
ORD-2024-001500,1/9/2024 13:25,Mie,35000,5.319407857,42,5,Wow enak bgt,FALSE,Rendah,Dibatalkan
ORD-2024-001501,1/8/2024 17:42,Kopi,17500,2.366603769,10,,,TRUE,Rendah,Refund
ORD-2024-001502,14/03/2024 13:26,Kopi,13000,1.211612873,5,,,TRUE,Tidak Ada,Selesai
ORD-2024-001503,3/30/2024 19:46,Ayam,43500,8.83161261,43,5,Akan order lg nih,FALSE,Rendah,Selesai
ORD-2024-001504,2/14/2024 13:57,Ayam,70500,5.595167012,41,,,FALSE,Tidak Ada,Selesai
ORD-2024-001505,19/01/2024 14:41,Kopi,23500,12.1517545,54,3,OK,FALSE,Tidak Ada,Dibatalkan
ORD-2024-001506,3/20/2024 20:28,Kopi,23000,3.535245353,12,5,Wow enak bgt,FALSE,Tidak Ada,Selesai
ORD-2024-001507,3/24/2024 18:56,Kopi,19500,1.425520858,8,5,Driver ramah,FALSE,Tidak Ada,Selesai
ORD-2024-001508,3/9/2024 12:33,Kopi,500,0.989100457,5,,,TRUE,Tidak Ada,Selesai
ORD-2024-001509,1/12/2024 19:33,Martabak,28000,3.26584785,18,,,TRUE,Tidak Ada,Selesai
ORD-2024-001510,1/21/2024 13:15,Martabak,30500,11.86112713,44,4,Rekomendasi deh,TRUE,Tidak Ada,Selesai
ORD-2024-001511,24/02/2024 03:46,Mie,26000,2.956239872,20,4,Wow enak bgt,FALSE,Rendah,Selesai
ORD-2024-001512,2/3/2024 19:07,Martabak,500,6.401438266,30,5,Makanan hangat sampai,FALSE,Tidak Ada,Selesai
ORD-2024-001513,1/16/2024 21:47,Mie,26500,1.197420896,22,3,Standar lah,FALSE,Rendah,Selesai
ORD-2024-001514,31/01/2024 18:36,Ayam,29500,1.567448834,8,5,Driver ramah,FALSE,Tidak Ada,Selesai
ORD-2024-001515,3/21/2024 19:14,Ayam,61000,7.102178618,40,4,Makanan hangat sampai,FALSE,Tidak Ada,Selesai
ORD-2024-001516,3/26/2024 22:36,Ayam,6739000,4.242436303,22,4,Puas bgt,TRUE,Tidak Ada,Selesai
ORD-2024-001517,2/18/2024 18:06,Martabak,34500,11.95544613,59,5,Buruan order!11,TRUE,Rendah,Selesai
ORD-2024-001518,1/25/2024 11:29,Mie,19000,4.471822406,33,4,Akan order lg nih,FALSE,Tinggi,Selesai
ORD-2024-001519,2/24/2024 2:05,Ayam,66000,1.785425765,21,5,Puas bgt,FALSE,Tidak Ada,Selesai
ORD-2024-001520,1/17/2024 20:04,Mie,24000,2.271892658,28,,,FALSE,Tinggi,Selesai
ORD-2024-001521,21/02/2024 21:49,Ayam,47000,6.92326005,42,5,Puas bgt,TRUE,Tidak Ada,Selesai
ORD-2024-001522,15/03/2024 20:28,Mie,40500,2.406521465,24,4,Top bgt kualitasnya,FALSE,Tidak Ada,Selesai
ORD-2024-001523,3/3/2024 13:52,Kopi,19000,0.884713773,9,,,FALSE,Rendah,Selesai
ORD-2024-001524,1/17/2024 20:08,Ayam,41000,1.716081491,26,5,Driver ramah,TRUE,Rendah,Selesai
ORD-2024-001525,3/8/2024 12:29,Kopi,17000,2.178970365,13,4,Driver ramah,FALSE,Tidak Ada,Selesai
ORD-2024-001526,1/21/2024 11:58,Ayam,52000,0.5,11,5,Mantap gan!,TRUE,Tidak Ada,Selesai
ORD-2024-001527,2/22/2024 13:36,Ayam,79500,4.084953631,18,5,Puas bgt,FALSE,Tidak Ada,Selesai
ORD-2024-001528,1/20/2024 13:23,Ayam,52000,0.5,5,3,Gapapa,FALSE,Rendah,Selesai
ORD-2024-001529,1/4/2024 4:50,Mie,41500,1.557166758,12,4,Buruan order!11,TRUE,Tidak Ada,Selesai
ORD-2024-001530,2/9/2024 6:11,Kopi,11000,4.898464186,23,3,Biasa saja,FALSE,Rendah,Selesai
ORD-2024-001531,1/1/2024 13:04,Ayam,51000,1.890913574,11,4,Makasih ya,TRUE,Tidak Ada,Selesai
ORD-2024-001532,3/2/2024 21:28,Martabak,24500,5.535775431,32,4,Makasih ya,TRUE,Tidak Ada,Selesai
ORD-2024-001533,2/18/2024 21:08,Martabak,26500,1.255110007,18,5,Driver ramah,FALSE,Tidak Ada,Selesai
ORD-2024-001534,3/22/2024 20:42,Ayam,43500,9.484389822,41,5,Rekomendasi deh,FALSE,Tidak Ada,Selesai
ORD-2024-001535,11/2/2024 14:24,Kopi,13500,0.705149066,37,4,Akan order lg nih,TRUE,Tidak Ada,Selesai
ORD-2024-001536,2/13/2024 20:47,Ayam,80500,0.5,17,4,Puas bgt,TRUE,Rendah,Selesai
ORD-2024-001537,1/22/2024 18:40,Ayam,1452500,6.177188841,35,5,Top bgt kualitasnya,FALSE,Tidak Ada,Refund
ORD-2024-001538,2/9/2024 17:41,Martabak,1000,4.18543281,21,4,Nggg enak 😋,FALSE,Tidak Ada,Selesai
ORD-2024-001539,3/20/2024 17:36,Ayam,75500,0.791833502,16,5,Puas bgt,TRUE,Tidak Ada,Selesai
ORD-2024-001540,1/3/2024 17:07,Kopi,13500,12.54787673,59,3,Standar lah,TRUE,Tidak Ada,Selesai
ORD-2024-001541,1/24/2024 8:50,Martabak,35500,2.093153606,16,,,FALSE,Tidak Ada,Selesai
ORD-2024-001542,3/15/2024 21:38,Ayam,56500,,58,4,Sesuai pesanan,FALSE,Tidak Ada,Refund
ORD-2024-001543,1/6/2024 17:21,Kopi,16000,2.109766926,5,4,Sesuai pesanan,TRUE,Tidak Ada,Refund
ORD-2024-001544,1/4/2024 10:24,Ayam,60500,1.915264495,13,,,FALSE,Tidak Ada,Selesai
ORD-2024-001545,1/13/2024 19:09,Mie,32000,1.78881579,25,,,TRUE,Rendah,Selesai
ORD-2024-001546,1/12/2024 14:43,Kopi,16000,1.223342104,8,,,FALSE,Tidak Ada,Selesai
ORD-2024-001547,2/11/2024 11:19,Mie,20500,2.288787858,5,4,Akan order lg nih,TRUE,Tidak Ada,Selesai
ORD-2024-001548,19/01/2024 19:16,Kopi,11000,1.807477984,14,,,TRUE,Tidak Ada,Selesai
ORD-2024-001549,1/16/2024 12:48,Ayam,55500,0.5,24,,,FALSE,Tidak Ada,Selesai
ORD-2024-001550,3/4/2024 21:24,Martabak,46500,0.905080257,7,4,Cepat sampai,TRUE,Rendah,Selesai
ORD-2024-001551,2/10/2024 20:04,Mie,18000,0.719049235,11,,,TRUE,Rendah,Selesai
ORD-2024-001552,22/03/2024 11:17,Martabak,500,6.062060194,38,5,Buruan order!11,FALSE,Tidak Ada,Dibatalkan
ORD-2024-001553,3/27/2024 12:19,Mie,30000,2.740408974,16,1,😠😠😠,FALSE,Tinggi,Refund
ORD-2024-001554,11/1/2024 16:13,Mie,29000,4.32774474,19,4,Wow enak bgt,TRUE,Rendah,Selesai
ORD-2024-001555,2/17/2024 18:50,Ayam,67000,9.427553073,40,3,Lumayan,FALSE,Rendah,Selesai
ORD-2024-001556,2/24/2024 17:28,Ayam,43500,3.098804611,18,3,Gapapa,FALSE,Tidak Ada,Dibatalkan
ORD-2024-001557,29/02/2024 19:18,Martabak,27000,12.15557837,45,3,Yaudah minum teh,FALSE,Rendah,Selesai
ORD-2024-001558,1/1/2024 14:17,Kopi,26000,1.120870655,14,5,Nggg enak 😋,FALSE,Tidak Ada,Selesai
ORD-2024-001559,3/28/2024 19:53,Mie,24500,0.618369602,24,5,Wow enak bgt,FALSE,Tidak Ada,Selesai
ORD-2024-001560,3/6/2024 12:47,Mie,31000,1.549072127,33,5,Mantap gan!,FALSE,Tidak Ada,Selesai
ORD-2024-001561,2/8/2024 11:53,Kopi,16500,1.909163224,31,4,Sesuai pesanan,TRUE,Tidak Ada,Selesai
ORD-2024-001562,5/2/2024 6:39,Ayam,20500,6.771732407,31,5,Driver ramah,FALSE,Tidak Ada,Selesai
ORD-2024-001563,10/2/2024 10:40,Martabak,14500,2.462535586,31,3,Biasa saja,FALSE,Tidak Ada,Selesai
ORD-2024-001564,2/27/2024 13:21,Ayam,42000,1.036700601,38,3,OK,TRUE,Rendah,Selesai
ORD-2024-001565,3/17/2024 12:41,Mie,33500,4.071771545,28,,,TRUE,Tidak Ada,Selesai
ORD-2024-001566,3/1/2024 11:43,Kopi,2140000,2.114638834,10,4,Makasih ya,TRUE,Tidak Ada,Selesai
ORD-2024-001567,3/30/2024 12:34,Martabak,36000,0.53068393,27,5,Top bgt kualitasnya,TRUE,Tidak Ada,Selesai
ORD-2024-001568,24/03/2024 17:01,Ayam,39000,2.57987147,10,,,TRUE,Rendah,Refund
ORD-2024-001569,3/26/2024 17:22,Martabak,41500,7.270685286,30,5,Top bgt kualitasnya,TRUE,Tidak Ada,Selesai
ORD-2024-001570,17/03/2024 18:53,Kopi,15500,5.547325943,12,4,Buruan order!11,TRUE,Tidak Ada,Selesai
ORD-2024-001571,1/2/2024 13:59,Kopi,25000,2.651543031,29,4,Makasih ya,FALSE,Tidak Ada,Selesai
ORD-2024-001572,1/29/2024 8:43,Ayam,24000,1.420026824,5,,,FALSE,Tidak Ada,Selesai
ORD-2024-001573,1/25/2024 13:51,Martabak,28000,0.5,23,,,TRUE,Tidak Ada,Selesai
ORD-2024-001574,4/3/2024 1:17,Mie,25000,1.902648249,30,4,Makasih ya,FALSE,Tidak Ada,Selesai
ORD-2024-001575,3/18/2024 12:52,Ayam,51000,4.18394069,44,2,Driver gak ramah,FALSE,Tinggi,Dibatalkan
ORD-2024-001576,2/5/2024 20:10,Ayam,63500,,5,4,Makanan hangat sampai,FALSE,Tidak Ada,Selesai
ORD-2024-001577,3/13/2024 19:36,Ayam,108500,0.805391104,5,5,Wow enak bgt,FALSE,Tidak Ada,Selesai
ORD-2024-001578,1/17/2024 4:16,Martabak,33500,8.037501451,29,5,Rekomendasi deh,TRUE,Tidak Ada,Selesai
ORD-2024-001579,1/30/2024 23:50,Martabak,30000,5.170436322,33,4,Driver ramah,FALSE,Rendah,Selesai
ORD-2024-001580,27/03/2024 13:43,Kopi,12000,3.05061821,35,,,FALSE,Tidak Ada,Selesai
ORD-2024-001581,1/1/2024 20:43,Ayam,20000,0.5,20,5,Top bgt kualitasnya,FALSE,Rendah,Selesai
ORD-2024-001582,2/11/2024 20:17,Kopi,21500,0.5,19,5,Akan order lg nih,TRUE,Rendah,Selesai
ORD-2024-001583,29/02/2024 21:48,Kopi,14000,0.5,36,,,FALSE,Tidak Ada,Selesai
ORD-2024-001584,1/29/2024 14:34,Kopi,27500,2.873656785,18,5,Top bgt kualitasnya,TRUE,Rendah,Refund
ORD-2024-001585,20/02/2024 11:56,Mie,32000,0.5,6,,,FALSE,Tidak Ada,Selesai
ORD-2024-001586,1/29/2024 13:04,Ayam,57000,5.547413277,21,5,Puas bgt,FALSE,Tidak Ada,Selesai
ORD-2024-001587,1/22/2024 11:40,Martabak,33000,14.87057354,70,,,FALSE,Tinggi,Selesai
ORD-2024-001588,3/2/2024 17:37,Kopi,0,1.368766988,15,3,Lumayan,TRUE,Tidak Ada,Selesai
ORD-2024-001589,2/12/2024 7:06,Kopi,14500,1.81359543,22,5,Akan order lg nih,FALSE,Tidak Ada,Selesai
ORD-2024-001590,2/13/2024 10:33,Martabak,43000,3.730919492,18,4,Top bgt kualitasnya,TRUE,Tidak Ada,Selesai
ORD-2024-001591,1/10/2024 19:28,Martabak,28500,8.301156535,48,4,Buruan order!11,TRUE,Tidak Ada,Selesai
ORD-2024-001592,2/27/2024 17:03,Mie,500,6.735603698,33,4,Wow enak bgt,FALSE,Tidak Ada,Selesai
ORD-2024-001593,2/10/2024 22:04,Ayam,50000,0.5,10,5,Wow enak bgt,FALSE,Tidak Ada,Selesai
ORD-2024-001594,2/26/2024 14:04,Ayam,30000,0.555635679,13,3,Standar lah,FALSE,Rendah,Selesai
ORD-2024-001595,3/12/2024 14:25,Martabak,3153500,4.214562993,11,4,Akan order lg nih,FALSE,Tidak Ada,Selesai
ORD-2024-001596,2/22/2024 11:29,Kopi,13500,3.502856165,23,3,Gapapa,TRUE,Tidak Ada,Selesai
ORD-2024-001597,2/24/2024 19:06,Ayam,39000,0.5,19,4,Mantap gan!!,FALSE,Rendah,Selesai
ORD-2024-001598,3/27/2024 14:33,Ayam,65000,2.091854679,10,5,Sesuai pesanan,FALSE,Tidak Ada,Selesai
ORD-2024-001599,14/01/2024 11:37,Ayam,27000,4.553512421,47,2,Lama bgt nunggunya,FALSE,Tinggi,Selesai
ORD-2024-001600,3/14/2024 13:22,Mie,33500,0.740698056,15,4,Sesuai pesanan,FALSE,Tidak Ada,Selesai
ORD-2024-001601,3/20/2024 18:08,Ayam,42500,6.150525296,28,5,Rekomendasi deh,FALSE,Tidak Ada,Selesai
ORD-2024-001602,1/17/2024 14:32,Ayam,45000,0.5,7,3,Standar lah,FALSE,Tidak Ada,Selesai
ORD-2024-001603,2/9/2024 21:49,Ayam,1000,4.572466507,42,2,Makanannya dingin,FALSE,Tinggi,Selesai
ORD-2024-001604,2/9/2024 19:23,Kopi,17000,2.869923667,14,3,Standar lah,FALSE,Tidak Ada,Selesai
ORD-2024-001605,25/03/2024 01:15,Ayam,30500,,16,5,Makasih ya,FALSE,Tidak Ada,Selesai
ORD-2024-001606,12/3/2024 13:22,Kopi,9500,3.828905292,34,,,FALSE,Tidak Ada,Selesai
ORD-2024-001607,3/22/2024 2:21,Ayam,64000,4.574818755,28,5,Puas bgt,TRUE,Tinggi,Selesai
ORD-2024-001608,3/29/2024 14:38,Mie,33000,8.149712909,36,5,Puas bgt,TRUE,Tidak Ada,Selesai
ORD-2024-001609,3/15/2024 19:39,Ayam,41000,1.375528251,25,5,Sesuai pesanan,FALSE,Tidak Ada,Selesai
ORD-2024-001610,21/01/2024 11:31,Kopi,10000,3.475246781,26,5,Puas bgt,TRUE,Tinggi,Selesai
ORD-2024-001611,3/22/2024 12:29,Mie,10500,2.768558725,5,4,Enak bgt!!!,FALSE,Tidak Ada,Selesai
ORD-2024-001612,3/2/2024 10:51,Martabak,44000,2.234623199,26,4,Buruan order!11,FALSE,Tidak Ada,Selesai
ORD-2024-001613,2/21/2024 11:23,Kopi,17000,6.633204682,30,4,Wow enak bgt,TRUE,Tidak Ada,Selesai
ORD-2024-001614,1/4/2024 18:18,Ayam,41500,0.5,12,2,Lama org kerjanyaa,FALSE,Tinggi,Refund
ORD-2024-001615,3/15/2024 11:02,Ayam,45500,0.994323487,19,,,TRUE,Tidak Ada,Dibatalkan
ORD-2024-001616,2/6/2024 13:46,Martabak,15500,2.318371961,15,,,FALSE,Tinggi,Selesai
ORD-2024-001617,11/3/2024 12:01,Mie,30500,0.589115141,21,5,Rekomendasi deh,TRUE,Tidak Ada,Selesai
ORD-2024-001618,1/13/2024 12:24,Martabak,45000,,27,4,Mantap gan!,FALSE,Rendah,Selesai
ORD-2024-001619,1/15/2024 12:19,Kopi,13000,3.128923591,18,1,Ayamnya keras,FALSE,Tinggi,Dibatalkan
ORD-2024-001620,17/02/2024 16:51,Martabak,48000,1.949590704,26,4,Puas bgt,FALSE,Tidak Ada,Selesai
ORD-2024-001621,1/9/2024 12:50,Kopi,16000,5.057365916,30,4,Nggg enak 😋,TRUE,Tidak Ada,Selesai
ORD-2024-001622,18/02/2024 10:38,Ayam,79500,,7,5,Enak bgt,FALSE,Tidak Ada,Selesai
ORD-2024-001623,1/2/2024 19:37,Kopi,18000,2.453771676,22,,,TRUE,Rendah,Selesai
ORD-2024-001624,2/7/2024 10:15,Mie,28000,,15,5,Top bgt kualitasnya,TRUE,Rendah,Selesai
ORD-2024-001625,2/5/2024 16:37,Ayam,82500,1.365702259,5,3,Yaudah minum teh,FALSE,Rendah,Selesai
ORD-2024-001626,1/11/2024 21:39,Martabak,36000,0.5,30,,,TRUE,Tidak Ada,Selesai
ORD-2024-001627,2/19/2024 20:48,Ayam,58000,3.510537689,42,1,Kurang sambelnya,FALSE,Tinggi,Selesai
ORD-2024-001628,3/7/2024 19:45,Kopi,8000,1.95617095,20,5,Top bgt kualitasnya,FALSE,Tidak Ada,Selesai
ORD-2024-001629,3/2/2024 15:30,Ayam,26500,1.077566692,12,4,Driver ramah,FALSE,Tidak Ada,Selesai
ORD-2024-001630,3/22/2024 18:41,Kopi,18500,1.892390063,19,5,Makasih ya,FALSE,Tidak Ada,Selesai
ORD-2024-001631,1/26/2024 18:25,Martabak,41000,0.705761841,23,5,Cepat sampai,TRUE,Tidak Ada,Selesai
ORD-2024-001632,2/18/2024 19:16,Ayam,53500,7.774268799,44,,,FALSE,Tidak Ada,Selesai
ORD-2024-001633,1/11/2024 13:14,Martabak,25500,0.5,16,5,Rekomendasi deh,FALSE,Tidak Ada,Selesai
ORD-2024-001634,3/6/2024 20:28,Martabak,16000,6.016723296,47,4,Wow enak bgt,FALSE,Tidak Ada,Selesai
ORD-2024-001635,2/17/2024 10:17,Mie,20500,2.148380334,25,4,Sesuai pesanan,FALSE,Tidak Ada,Selesai
ORD-2024-001636,2/26/2024 11:22,Ayam,53500,2.894446451,13,5,Mantap gan!,FALSE,Tidak Ada,Selesai
ORD-2024-001637,5/3/2024 17:50,Kopi,13000,1.081212614,24,5,Driver ramah,FALSE,Tidak Ada,Selesai
ORD-2024-001638,1/13/2024 13:02,Ayam,1000,10.20637895,60,3,OK,FALSE,Tidak Ada,Selesai
ORD-2024-001639,26/01/2024 08:19,Mie,27500,0.993234458,15,4,Enak bgttt,FALSE,Tidak Ada,Selesai
ORD-2024-001640,28/03/2024 06:45,Mie,20000,2.666595794,23,,,FALSE,Tidak Ada,Selesai
ORD-2024-001641,3/10/2024 0:49,Kopi,20000,15.06965975,53,,,FALSE,Rendah,Selesai
ORD-2024-001642,2/14/2024 12:25,Mie,31500,6.388276043,23,4,Driver ramah,TRUE,Tidak Ada,Selesai
ORD-2024-001643,3/24/2024 12:55,Kopi,15500,2.30574543,38,3,OK,FALSE,Tidak Ada,Selesai
ORD-2024-001644,1/27/2024 21:37,Martabak,36500,13.93002551,49,1,Gak sesuai foto,TRUE,Tinggi,Selesai
ORD-2024-001645,2/29/2024 14:21,Ayam,37500,,41,2,Makanannya dingin,FALSE,Tinggi,Selesai
ORD-2024-001646,1/25/2024 20:13,Martabak,26500,0.702235927,14,3,Gapapa,FALSE,Rendah,Selesai
ORD-2024-001647,3/12/2024 12:36,Ayam,18000,1.56058923,30,4,Enak bgt!!,FALSE,Tidak Ada,Refund
ORD-2024-001648,1/2/2024 19:21,Mie,16500,1.221619874,17,4,Buruan order!11,FALSE,Rendah,Selesai
ORD-2024-001649,3/28/2024 22:34,Martabak,43500,1.264846161,21,,,FALSE,Tidak Ada,Selesai
ORD-2024-001650,1/3/2024 17:59,Martabak,42500,4.287059991,32,5,Akan order lg nih,FALSE,Tinggi,Selesai
ORD-2024-001651,2/12/2024 21:58,Ayam,52500,2.633106766,15,4,Top bgt kualitasnya,TRUE,Rendah,Selesai
ORD-2024-001652,2/20/2024 6:25,Ayam,79500,0.5,13,5,Makanan hangat sampai,FALSE,Tidak Ada,Selesai
ORD-2024-001653,1/25/2024 19:36,Ayam,1043000,6.297671387,33,4,Enak bgt!!,FALSE,Tidak Ada,Selesai
ORD-2024-001654,2/8/2024 11:43,Kopi,14500,1.056325332,22,5,Puas bgt,TRUE,Tidak Ada,Selesai
ORD-2024-001655,3/29/2024 17:11,Ayam,65000,17.50325615,76,1,Lama org kerjanyaa,FALSE,Tinggi,Dibatalkan
ORD-2024-001656,2/19/2024 12:18,Mie,3887500,9.249806442,48,1,Kecewa bgt,TRUE,Tinggi,Selesai
ORD-2024-001657,28/02/2024 11:10,Kopi,16000,8.466886039,33,4,Makanan hangat sampai,FALSE,Tidak Ada,Selesai
ORD-2024-001658,2/22/2024 17:08,Ayam,47500,5.000050937,18,,,TRUE,Tidak Ada,Selesai
ORD-2024-001659,1/9/2024 18:08,Kopi,16500,0.747743974,15,5,Buruan order!11,FALSE,Tidak Ada,Selesai
ORD-2024-001660,2/25/2024 21:30,Kopi,16000,2.281919745,22,4,Puas bgt,FALSE,Tidak Ada,Selesai
ORD-2024-001661,2/9/2024 21:45,Martabak,28500,0.761978454,5,3,Biasa saja,TRUE,Rendah,Selesai
ORD-2024-001662,26/01/2024 12:28,Kopi,21500,0.901999846,21,5,Puas bgt,FALSE,Tidak Ada,Selesai
ORD-2024-001663,3/18/2024 16:21,Mie,27000,2.832155871,23,5,Buruan order!!11,FALSE,Tidak Ada,Selesai
ORD-2024-001664,3/3/2024 21:02,Kopi,19500,0.5,15,4,Makanan hangat sampai,FALSE,Tidak Ada,Selesai
ORD-2024-001665,23/03/2024 14:22,Mie,33000,10.46601316,50,,,FALSE,Tinggi,Selesai
ORD-2024-001666,2/8/2024 18:26,Mie,28500,7.527838009,27,5,Cepat sampai,FALSE,Tidak Ada,Selesai
ORD-2024-001667,3/20/2024 14:24,Ayam,35000,1.437823763,5,3,Yaudah minum teh,FALSE,Rendah,Selesai
ORD-2024-001668,3/30/2024 20:44,Mie,16500,2.173433383,24,5,Sesuai pesanan,FALSE,Rendah,Selesai
ORD-2024-001669,1/21/2024 13:42,Ayam,54000,1.88274929,11,,,FALSE,Tidak Ada,Selesai
ORD-2024-001670,1/28/2024 13:48,Mie,25000,6.416295385,28,4,Buruan order!11,FALSE,Rendah,Selesai
ORD-2024-001671,2/17/2024 11:32,Kopi,17000,3.500049135,27,5,Akan order lg nih,TRUE,Tidak Ada,Selesai
ORD-2024-001672,2/22/2024 19:13,Mie,26000,0.977652703,35,3,Yaudah minum teh,FALSE,Tidak Ada,Selesai
ORD-2024-001673,1/4/2024 14:24,Mie,44000,1.776330769,15,5,Makasih ya,FALSE,Tidak Ada,Selesai
ORD-2024-001674,1/25/2024 17:16,Mie,16500,1.680919452,38,5,Rekomendasi deh,FALSE,Tidak Ada,Selesai
ORD-2024-001675,1/18/2024 14:31,Martabak,15000,9.607174937,46,4,Enak bgt!!!,TRUE,Rendah,Selesai
ORD-2024-001676,3/11/2024 22:28,Ayam,0,0.578246475,16,5,Enak bgt!!!!!!,TRUE,Tidak Ada,Selesai
ORD-2024-001677,2/5/2024 5:53,Ayam,57000,0.5,19,5,Enak bgt!!!!!!,FALSE,Tidak Ada,Selesai
ORD-2024-001678,1/23/2024 14:10,Kopi,500,6.376301441,45,4,Sesuai pesanan,TRUE,Tidak Ada,Selesai
ORD-2024-001679,1/2/2024 4:28,Ayam,45000,6.809946849,33,,,FALSE,Tidak Ada,Selesai
ORD-2024-001680,1/5/2024 17:13,Martabak,32500,6.161066142,32,5,Enak bgt!!,FALSE,Tidak Ada,Selesai
ORD-2024-001681,3/22/2024 20:42,Ayam,61500,2.14603675,28,5,Puas bgt,FALSE,Tidak Ada,Selesai
ORD-2024-001682,1/14/2024 19:28,Mie,35000,3.234174787,28,5,Puas bgt,TRUE,Tinggi,Selesai
ORD-2024-001683,1/7/2024 6:59,Martabak,18500,2.485959605,14,5,Rekomendasi deh,FALSE,Tidak Ada,Selesai
ORD-2024-001684,31/01/2024 11:26,Mie,22000,0.5,27,,,FALSE,Tidak Ada,Selesai
ORD-2024-001685,2/13/2024 21:42,Ayam,58500,2.71779544,26,4,Puas bgt,TRUE,Rendah,Selesai
ORD-2024-001686,1/13/2024 21:10,Mie,31500,0.5,7,5,Driver ramah,FALSE,Tidak Ada,Selesai
ORD-2024-001687,2/23/2024 19:20,Mie,41500,1.179071807,8,5,Makanan hangat sampai,FALSE,Tidak Ada,Selesai
ORD-2024-001688,3/20/2024 14:27,Kopi,20500,8.077678329,60,3,Yaudah minum teh,FALSE,Tidak Ada,Selesai
ORD-2024-001689,1/14/2024 18:00,Martabak,29500,,11,,,TRUE,Tinggi,Refund
ORD-2024-001690,1/2/2024 20:14,Martabak,23500,8.43157678,50,3,Standar lah,TRUE,Tidak Ada,Selesai
ORD-2024-001691,5/2/2024 19:02,Ayam,42000,0.863582094,19,,,FALSE,Tidak Ada,Selesai
ORD-2024-001692,2/22/2024 14:06,Kopi,14000,,23,5,Akan order lg nih,FALSE,Tidak Ada,Selesai
ORD-2024-001693,13/03/2024 11:38,Kopi,19500,2.969872337,41,3,Gapapa,FALSE,Tidak Ada,Selesai
ORD-2024-001694,3/30/2024 18:21,Ayam,56000,4.301755473,37,,,TRUE,Tinggi,Selesai
ORD-2024-001695,3/29/2024 14:04,Kopi,11000,2.087779727,28,5,Akan order lg nih,TRUE,Tidak Ada,Selesai
ORD-2024-001696,3/15/2024 21:40,Ayam,44000,,33,,,FALSE,Tidak Ada,Selesai
ORD-2024-001697,3/16/2024 0:14,Ayam,66000,0.5,6,4,Wow enak bgt,FALSE,Tidak Ada,Selesai
ORD-2024-001698,1/16/2024 14:48,Ayam,57500,,63,,,FALSE,Tidak Ada,Selesai
ORD-2024-001699,1/8/2024 14:18,Mie,30000,0.655616756,14,,,FALSE,Tidak Ada,Refund
ORD-2024-001700,1/27/2024 18:59,Kopi,18000,6.468676068,34,5,Driver ramah,TRUE,Tidak Ada,Selesai
ORD-2024-001701,2/26/2024 10:08,Mie,37500,1.536795876,17,,,FALSE,Tidak Ada,Selesai
ORD-2024-001702,1/6/2024 20:41,Kopi,17500,,33,5,Top bgt kualitasnya,TRUE,Tidak Ada,Selesai
ORD-2024-001703,1/4/2024 13:21,Ayam,45000,3.341167575,39,5,Cepat sampai,FALSE,Rendah,Selesai
ORD-2024-001704,1/7/2024 21:15,Kopi,12500,0.580541752,19,,,FALSE,Tidak Ada,Selesai
ORD-2024-001705,1/29/2024 20:33,Kopi,17500,7.504848962,26,5,Cepat sampai,FALSE,Tidak Ada,Selesai
ORD-2024-001706,3/21/2024 14:04,Ayam,10500,0.84516915,9,5,Makasih ya,FALSE,Tidak Ada,Selesai
ORD-2024-001707,1/19/2024 4:05,Martabak,28500,0.839697787,13,4,Sesuai pesanan,TRUE,Tidak Ada,Selesai
ORD-2024-001708,1/27/2024 11:27,Ayam,48000,5.048912634,40,2,😠😠😠,TRUE,Tidak Ada,Selesai
ORD-2024-001709,1/22/2024 7:27,Martabak,20000,0.5,5,4,Sesuai pesanan,FALSE,Tidak Ada,Selesai
ORD-2024-001710,2/8/2024 14:40,Martabak,23000,0.753224724,19,,,FALSE,Tidak Ada,Selesai
ORD-2024-001711,3/2/2024 13:25,Ayam,65000,2.10158853,27,5,Makasih ya,FALSE,Rendah,Selesai
ORD-2024-001712,2/26/2024 21:47,Ayam,55500,5.324300512,40,,,FALSE,Tinggi,Selesai
ORD-2024-001713,3/2/2024 14:27,Martabak,31000,0.5,13,,,FALSE,Tinggi,Selesai
ORD-2024-001714,2/8/2024 18:35,Kopi,18000,2.380018122,31,4,Akan order lg nih,TRUE,Tidak Ada,Selesai
ORD-2024-001715,2/18/2024 20:18,Ayam,53000,3.726484306,18,4,Puas bgt,TRUE,Tidak Ada,Selesai
ORD-2024-001716,3/2/2024 12:45,Mie,34500,5.911120576,42,,,TRUE,Tidak Ada,Selesai
ORD-2024-001717,25/01/2024 13:31,Ayam,53500,8.226321028,41,,,FALSE,Rendah,Selesai
ORD-2024-001718,2/20/2024 11:24,Martabak,19000,4.606331506,29,5,Top bgt kualitasnya,FALSE,Tidak Ada,Selesai
ORD-2024-001719,3/16/2024 11:58,Mie,37500,3.173808275,24,4,Sesuai pesanan,TRUE,Tidak Ada,Selesai
ORD-2024-001720,13/03/2024 14:16,Ayam,57500,1.705470596,24,5,Enak bgt,FALSE,Rendah,Selesai
ORD-2024-001721,2/14/2024 20:40,Ayam,41500,0.5,5,5,Wow enak bgt,FALSE,Rendah,Selesai
ORD-2024-001722,1/8/2024 13:47,Ayam,30500,3.710905601,34,3,Yaudah minum teh,TRUE,Rendah,Selesai
ORD-2024-001723,1/5/2024 11:40,Ayam,58000,14.7750127,74,5,Cepat sampai,FALSE,Tidak Ada,Selesai
ORD-2024-001724,3/30/2024 4:16,Ayam,49500,4.004074124,20,4,Sesuai pesanan,FALSE,Tinggi,Dibatalkan
ORD-2024-001725,28/03/2024 12:38,Martabak,42000,0.5,14,5,Driver ramah,FALSE,Tidak Ada,Selesai
ORD-2024-001726,21/01/2024 11:41,Ayam,45500,2.05708492,11,5,Nggg enak 😋,FALSE,Rendah,Selesai
ORD-2024-001727,2/20/2024 2:33,Kopi,13000,2.860783584,9,,,TRUE,Tidak Ada,Selesai
ORD-2024-001728,2/24/2024 14:16,Mie,32500,3.510397708,27,4,Makasih ya,FALSE,Tidak Ada,Selesai
ORD-2024-001729,3/9/2024 12:37,Mie,32500,3.815960989,28,4,Enak bgttt,FALSE,Tidak Ada,Selesai
ORD-2024-001730,1/12/2024 13:52,Martabak,31500,2.450072307,18,4,Mantap gan!,FALSE,Tidak Ada,Dibatalkan
ORD-2024-001731,1/27/2024 12:44,Ayam,63000,0.758336355,5,,,TRUE,Rendah,Selesai
ORD-2024-001732,1/22/2024 0:06,Martabak,29500,8.552333843,39,5,Top bgt kualitasnya,TRUE,Tidak Ada,Selesai
ORD-2024-001733,2/23/2024 19:46,Kopi,17500,3.578766936,21,5,Buruan order!11,TRUE,Tinggi,Selesai
ORD-2024-001734,2/17/2024 12:12,Kopi,21500,0.810862858,8,5,Cepat sampai,TRUE,Tidak Ada,Selesai
ORD-2024-001735,1/15/2024 18:11,Ayam,62000,1.167248348,28,5,Buruan order!!!11,FALSE,Tidak Ada,Selesai
ORD-2024-001736,24/01/2024 06:16,Mie,25000,,25,,,TRUE,Tidak Ada,Selesai
ORD-2024-001737,2/26/2024 21:06,Kopi,22000,6.554011177,41,2,Lama org kerjanyaa,FALSE,Tinggi,Selesai
ORD-2024-001738,1/11/2024 14:07,Ayam,12000,1.558320056,5,5,Puas bgt,FALSE,Tidak Ada,Selesai
ORD-2024-001739,1/4/2024 20:31,Kopi,25000,0.5,5,4,Mantap gan!!!,FALSE,Tidak Ada,Selesai
ORD-2024-001740,1/2/2024 11:42,Kopi,9000,0.5,18,3,Biasa saja,TRUE,Rendah,Selesai
ORD-2024-001741,1/6/2024 11:24,Mie,21500,1.001882999,12,5,Sesuai pesanan,FALSE,Tidak Ada,Refund
ORD-2024-001742,2/4/2024 15:48,Martabak,3980000,2.975648108,10,5,Top bgt kualitasnya,TRUE,Tidak Ada,Selesai
ORD-2024-001743,2/13/2024 19:20,Martabak,29500,2.632614005,31,,,TRUE,Tidak Ada,Selesai
ORD-2024-001744,16/02/2024 12:39,Ayam,87000,3.013954586,26,4,Makasih ya,TRUE,Tidak Ada,Selesai
ORD-2024-001745,2/12/2024 0:29,Kopi,11000,3.789926347,5,,,FALSE,Rendah,Selesai
ORD-2024-001746,1/18/2024 11:55,Kopi,20000,0.5,23,,,TRUE,Rendah,Selesai
ORD-2024-001747,3/30/2024 7:23,Ayam,34500,0.5,5,,,FALSE,Tidak Ada,Selesai
ORD-2024-001748,3/25/2024 16:26,Ayam,41000,1.336440965,5,5,Akan order lg nih,TRUE,Rendah,Selesai
ORD-2024-001749,3/22/2024 10:01,Martabak,890500,0.504758946,5,5,Driver ramah,FALSE,Tidak Ada,Selesai
ORD-2024-001750,1/6/2024 23:20,Ayam,41000,0.5,11,4,Sesuai pesanan,FALSE,Tidak Ada,Selesai
ORD-2024-001751,3/18/2024 21:50,Kopi,17500,3.07300116,24,3,Gapapa,FALSE,Tinggi,Dibatalkan
ORD-2024-001752,3/1/2024 22:57,Ayam,67500,5.067659722,12,5,Nggg enak 😋,TRUE,Rendah,Dibatalkan
ORD-2024-001753,7/2/2024 18:55,Ayam,41500,4.190569726,14,4,Nggg enak 😋,FALSE,Tidak Ada,Selesai
ORD-2024-001754,3/5/2024 14:50,Ayam,37000,5.095459558,23,4,Mantap gan!,FALSE,Tidak Ada,Selesai
ORD-2024-001755,3/27/2024 14:10,Mie,30500,3.288554608,17,,,TRUE,Tidak Ada,Selesai
ORD-2024-001756,1/15/2024 21:15,Mie,26000,3.987988212,34,,,FALSE,Tidak Ada,Selesai
ORD-2024-001757,3/25/2024 3:27,Mie,32000,0.951451186,10,4,Akan order lg nih,FALSE,Tidak Ada,Selesai
ORD-2024-001758,2/11/2024 8:14,Kopi,12500,14.88898149,61,5,Cepat sampai,FALSE,Tidak Ada,Selesai
ORD-2024-001759,3/1/2024 21:07,Ayam,21500,0.606956892,25,5,Wow enak bgt,FALSE,Tidak Ada,Selesai
ORD-2024-001760,3/9/2024 20:05,Kopi,14000,0.724281069,20,3,OK,TRUE,Tidak Ada,Selesai
ORD-2024-001761,1/29/2024 19:04,Kopi,13000,1.022918742,5,,,TRUE,Tidak Ada,Selesai
ORD-2024-001762,18/02/2024 17:54,Mie,25500,11.10679757,49,5,Buruan order!11,FALSE,Tinggi,Selesai
ORD-2024-001763,1/29/2024 13:05,Ayam,41000,,58,,,TRUE,Rendah,Selesai
ORD-2024-001764,3/16/2024 23:07,Kopi,19500,4.75268142,24,5,Driver ramah,FALSE,Tidak Ada,Selesai
ORD-2024-001765,2/10/2024 18:47,Ayam,46500,2.975125442,5,5,Wow enak bgt,FALSE,Tidak Ada,Selesai
ORD-2024-001766,3/16/2024 20:27,Ayam,54000,2.202298646,13,5,Makanan hangat sampai,FALSE,Rendah,Refund
ORD-2024-001767,3/27/2024 4:33,Martabak,31000,,31,4,Wow enak bgt,FALSE,Tidak Ada,Dibatalkan
ORD-2024-001768,1/29/2024 11:34,Kopi,17500,3.5684627,16,4,Wow enak bgt,FALSE,Rendah,Selesai
ORD-2024-001769,1/19/2024 9:53,Kopi,16500,8.686582005,34,4,Enak bgt,TRUE,Tidak Ada,Selesai
ORD-2024-001770,2/28/2024 13:09,Kopi,18500,,9,4,Cepat sampai,TRUE,Tidak Ada,Selesai
ORD-2024-001771,30/03/2024 13:19,Kopi,500,1.218382548,8,5,Akan order lg nih,FALSE,Tidak Ada,Selesai
ORD-2024-001772,1/16/2024 14:40,Martabak,21500,5.787371961,31,5,Cepat sampai,FALSE,Tidak Ada,Selesai
ORD-2024-001773,2/7/2024 12:03,Mie,22500,0.5,9,,,FALSE,Tidak Ada,Selesai
ORD-2024-001774,1/27/2024 7:44,Mie,17500,8.752308666,38,,,FALSE,Tidak Ada,Selesai
ORD-2024-001775,23/01/2024 23:25,Martabak,28500,2.124626244,13,4,Akan order lg nih,FALSE,Tidak Ada,Selesai
ORD-2024-001776,3/25/2024 5:01,Ayam,81000,7.827896516,21,5,Sesuai pesanan,FALSE,Rendah,Selesai
ORD-2024-001777,2/24/2024 11:48,Martabak,39500,1.232003405,7,,,TRUE,Tidak Ada,Selesai
ORD-2024-001778,3/8/2024 9:44,Kopi,25000,3.775909043,19,4,Makanan hangat sampai,FALSE,Tidak Ada,Selesai
ORD-2024-001779,3/11/2024 18:20,Ayam,59500,1.97841267,15,5,Sesuai pesanan,FALSE,Tidak Ada,Selesai
ORD-2024-001780,1/7/2024 22:19,Mie,27000,2.956951612,8,5,Sesuai pesanan,FALSE,Tidak Ada,Selesai
ORD-2024-001781,3/14/2024 14:18,Ayam,35000,2.105791886,26,3,OK,TRUE,Rendah,Refund
ORD-2024-001782,1/28/2024 6:47,Mie,500,10.24427228,43,4,Nggg enak 😋,FALSE,Tidak Ada,Refund
ORD-2024-001783,3/14/2024 12:24,Kopi,12500,3.533993266,19,2,Bau gak tauu,FALSE,Rendah,Selesai
ORD-2024-001784,1/22/2024 3:22,Martabak,25500,0.868326736,11,,,TRUE,Tinggi,Selesai
ORD-2024-001785,7/1/2024 13:37,Martabak,21500,7.21308684,28,5,Buruan order!11,FALSE,Tidak Ada,Selesai
ORD-2024-001786,3/21/2024 7:02,Mie,31000,1.044546493,20,5,Top bgt kualitasnya,FALSE,Tidak Ada,Selesai
ORD-2024-001787,3/3/2024 12:41,Martabak,37500,1.393759462,37,,,FALSE,Tidak Ada,Selesai
ORD-2024-001788,3/29/2024 21:42,Martabak,30000,0.5,8,5,Akan order lg nih,FALSE,Tidak Ada,Selesai
ORD-2024-001789,3/24/2024 20:23,Ayam,37000,6.906751041,49,,,TRUE,Tidak Ada,Selesai
ORD-2024-001790,1/11/2024 12:01,Kopi,23500,1.011087673,7,5,Akan order lg nih,FALSE,Tidak Ada,Selesai
ORD-2024-001791,3/14/2024 17:50,Ayam,39000,0.898930449,10,2,Gajadi orderan,TRUE,Rendah,Selesai
ORD-2024-001792,3/2/2024 22:27,Martabak,14000,7.587049555,44,,,FALSE,Rendah,Selesai
ORD-2024-001793,1/13/2024 12:25,Kopi,18500,4.912383707,29,,,TRUE,Rendah,Dibatalkan
ORD-2024-001794,2/20/2024 21:50,Martabak,21500,0.5,20,5,Mantap gan!,FALSE,Tidak Ada,Selesai
ORD-2024-001795,9/1/2024 21:34,Ayam,68000,4.400230005,25,,,TRUE,Tidak Ada,Selesai
ORD-2024-001796,3/24/2024 12:42,Ayam,45000,7.32668301,21,3,Biasa saja,TRUE,Rendah,Selesai
ORD-2024-001797,17/03/2024 00:35,Martabak,34500,0.5,30,4,Akan order lg nih,FALSE,Tidak Ada,Selesai
ORD-2024-001798,1/16/2024 12:41,Ayam,75000,5.232595808,29,4,Rekomendasi deh,FALSE,Tidak Ada,Selesai
ORD-2024-001799,2/2/2024 1:05,Ayam,31500,2.378372552,18,5,Mantap gan!,FALSE,Tidak Ada,Selesai
ORD-2024-001800,2/16/2024 5:27,Ayam,42000,3.318700816,14,5,Wow enak bgt,TRUE,Tidak Ada,Selesai
ORD-2024-001801,2/8/2024 13:42,Mie,25500,2.03687105,27,4,Top bgt kualitasnya,FALSE,Tidak Ada,Selesai
ORD-2024-001802,14/03/2024 19:33,Martabak,41500,3.590029312,32,5,Makasih ya,FALSE,Tidak Ada,Selesai
ORD-2024-001803,2/15/2024 21:13,Kopi,13500,0.5,5,5,Enak bgt,FALSE,Tidak Ada,Selesai
ORD-2024-001804,6/1/2024 12:09,Ayam,41500,4.315375344,29,5,Enak bgttt,FALSE,Tidak Ada,Selesai
ORD-2024-001805,1/28/2024 19:35,Ayam,59500,0.5,22,,,TRUE,Tidak Ada,Selesai
ORD-2024-001806,2/5/2024 14:04,Martabak,25500,1.822559445,30,4,Makasih ya,TRUE,Rendah,Dibatalkan
ORD-2024-001807,2/18/2024 18:25,Martabak,31000,0.5,20,4,Akan order lg nih,FALSE,Tidak Ada,Selesai
ORD-2024-001808,2/2/2024 22:09,Ayam,25500,5.204565978,31,,,FALSE,Rendah,Selesai
ORD-2024-001809,3/21/2024 20:44,Ayam,88500,1.129150416,11,3,Yaudah minum teh,FALSE,Rendah,Selesai
ORD-2024-001810,2/17/2024 21:38,Ayam,29000,1.815922935,7,5,Driver ramah,TRUE,Tidak Ada,Selesai
ORD-2024-001811,20/01/2024 14:24,Martabak,27500,1.679788903,15,,,FALSE,Tinggi,Selesai
ORD-2024-001812,2/1/2024 11:34,Martabak,30000,4.441841043,16,,,FALSE,Tidak Ada,Selesai
ORD-2024-001813,2/22/2024 11:23,Ayam,83500,1.968388753,12,5,Wow enak bgt,FALSE,Tidak Ada,Selesai
ORD-2024-001814,2/4/2024 12:17,Ayam,29500,4.667099102,22,5,Makasih ya,FALSE,Tidak Ada,Selesai
ORD-2024-001815,1/29/2024 17:50,Ayam,4816000,0.5,5,5,Sesuai pesanan,TRUE,Tidak Ada,Selesai
ORD-2024-001816,8/3/2024 9:37,Mie,19000,0.638072495,16,4,Sesuai pesanan,TRUE,Tidak Ada,Selesai
ORD-2024-001817,1/13/2024 21:55,Ayam,58500,2.405768896,11,5,Wow enak bgt,FALSE,Rendah,Selesai
ORD-2024-001818,18/03/2024 11:10,Martabak,22000,8.817393781,61,2,"Narik duit banyak😡",FALSE,Tinggi,Selesai
ORD-2024-001819,2/19/2024 14:30,Martabak,34000,0.5,23,5,Driver ramah,TRUE,Tinggi,Selesai
ORD-2024-001820,1/2/2024 22:09,Kopi,13000,0.5,21,,,TRUE,Tidak Ada,Selesai
ORD-2024-001821,2/18/2024 19:03,Ayam,72000,0.510766367,7,5,Driver ramah,FALSE,Tidak Ada,Refund
ORD-2024-001822,2/17/2024 7:43,Ayam,50000,3.074578573,21,5,Buruan order!11,FALSE,Tidak Ada,Refund
ORD-2024-001823,2/28/2024 13:51,Martabak,30500,1.527445676,7,4,Nggg enak 😋,FALSE,Tidak Ada,Selesai
ORD-2024-001824,5/2/2024 16:45,Martabak,42000,5.238392253,27,4,Buruan order!11,FALSE,Rendah,Selesai
ORD-2024-001825,1/30/2024 11:19,Martabak,1090500,0.5,5,,,FALSE,Tidak Ada,Selesai
ORD-2024-001826,12/1/2024 17:46,Kopi,13500,0.656013527,25,5,Wow enak bgt,FALSE,Tidak Ada,Selesai
ORD-2024-001827,1/22/2024 17:47,Ayam,60500,1.070138,10,,,TRUE,Rendah,Selesai
ORD-2024-001828,3/4/2024 0:27,Mie,34500,2.956360479,21,5,Enak bgttt,FALSE,Tidak Ada,Selesai
ORD-2024-001829,18/01/2024 21:43,Martabak,16500,3.467193041,29,,,TRUE,Rendah,Selesai
ORD-2024-001830,30/03/2024 11:39,Ayam,69500,0.5,8,,,FALSE,Tidak Ada,Dibatalkan
ORD-2024-001831,1/1/2024 22:34,Mie,43500,8.636766946,30,5,Wow enak bgt,FALSE,Tidak Ada,Selesai
ORD-2024-001832,3/25/2024 16:43,Martabak,26500,1.251296159,13,5,Makanan hangat sampai,TRUE,Rendah,Selesai
ORD-2024-001833,2/27/2024 21:59,Kopi,24500,3.746583782,33,5,Makanan hangat sampai,TRUE,Tidak Ada,Selesai
ORD-2024-001834,1/29/2024 13:53,Martabak,28000,2.228321713,19,4,Sesuai pesanan,TRUE,Rendah,Selesai
ORD-2024-001835,7/1/2024 20:10,Mie,16500,0.756011007,21,4,Sesuai pesanan,FALSE,Tidak Ada,Selesai
ORD-2024-001836,13/02/2024 07:53,Martabak,500,,33,4,Sesuai pesanan,TRUE,Tidak Ada,Selesai
ORD-2024-001837,1/16/2024 14:18,Ayam,46500,5.115171885,29,5,Wow enak bgt,FALSE,Tidak Ada,Selesai
ORD-2024-001838,21/03/2024 18:59,Ayam,64500,1.512900155,16,5,Cepat sampai,FALSE,Tidak Ada,Selesai
ORD-2024-001839,23/03/2024 17:59,Mie,30500,2.664623222,23,5,Mantap gan!,FALSE,Tidak Ada,Selesai
ORD-2024-001840,3/3/2024 11:39,Ayam,66000,0.894513457,26,,,FALSE,Tidak Ada,Selesai
ORD-2024-001841,2/15/2024 13:56,Kopi,1781500,3.512113437,21,5,Puas bgt,FALSE,Tidak Ada,Selesai
ORD-2024-001842,2/15/2024 14:31,Kopi,16500,1.108962776,27,,,FALSE,Tidak Ada,Selesai
ORD-2024-001843,3/6/2024 13:07,Kopi,14500,5.57521232,35,4,Driver ramah,TRUE,Tidak Ada,Selesai
ORD-2024-001844,1/20/2024 8:14,Martabak,31500,0.735343607,6,,,TRUE,Tinggi,Dibatalkan
ORD-2024-001845,2/8/2024 18:34,Mie,19500,0.5,13,5,Enak bgttt,FALSE,Tinggi,Selesai
ORD-2024-001846,2/26/2024 14:10,Ayam,73000,0.938007157,5,1,Gajadi orderan,FALSE,Tinggi,Selesai
ORD-2024-001847,2/25/2024 12:07,Ayam,41000,0.636063727,5,5,Rekomendasi deh,TRUE,Tidak Ada,Selesai
ORD-2024-001848,1/18/2024 19:57,Ayam,70500,2.12957678,25,3,OK,FALSE,Tidak Ada,Selesai
ORD-2024-001849,1/26/2024 21:17,Mie,24500,0.68335024,22,1,Makanannya dingin,TRUE,Rendah,Dibatalkan
ORD-2024-001850,3/11/2024 18:20,Martabak,31500,,27,,,FALSE,Tidak Ada,Selesai
ORD-2024-001851,21/02/2024 20:08,Ayam,43000,0.828725835,15,5,Akan order lg nih,FALSE,Tidak Ada,Selesai
ORD-2024-001852,1/3/2024 13:32,Mie,19000,3.682422225,20,3,OK,FALSE,Rendah,Selesai
ORD-2024-001853,1/31/2024 13:27,Mie,14000,2.591599558,23,,,FALSE,Tidak Ada,Selesai
ORD-2024-001854,2/25/2024 19:31,Mie,18500,12.86011805,77,2,Makanannya dingin,FALSE,Tinggi,Selesai
ORD-2024-001855,2/1/2024 21:11,Mie,23500,25,112,5,Makanan hangat sampai,FALSE,Tidak Ada,Selesai
ORD-2024-001856,15/01/2024 22:15,Ayam,55000,6.109745833,28,5,Puas bgt,FALSE,Rendah,Selesai
ORD-2024-001857,1/26/2024 17:44,Martabak,37500,4.28114119,26,5,Puas bgt,FALSE,Tidak Ada,Selesai
ORD-2024-001858,1/24/2024 12:14,Kopi,14500,1.465511918,14,,,TRUE,Tidak Ada,Selesai
ORD-2024-001859,1/5/2024 12:59,Mie,20000,4.19846377,14,,,TRUE,Tinggi,Selesai
ORD-2024-001860,3/19/2024 11:24,Martabak,19000,9.41711352,41,4,Akan order lg nih,TRUE,Tidak Ada,Selesai
ORD-2024-001861,3/30/2024 18:14,Martabak,33500,0.5,20,,,FALSE,Rendah,Selesai
ORD-2024-001862,1/8/2024 17:19,Martabak,40500,2.31601732,11,4,Makasih ya,TRUE,Tidak Ada,Selesai
ORD-2024-001863,2/5/2024 22:26,Ayam,72500,0.73769511,10,5,Makanan hangat sampai,TRUE,Tidak Ada,Selesai
ORD-2024-001864,1/7/2024 11:03,Kopi,19500,2.448496823,10,4,Enak bgt,TRUE,Tidak Ada,Dibatalkan
ORD-2024-001865,1/28/2024 13:58,Mie,30500,,26,4,Sesuai pesanan,FALSE,Tidak Ada,Selesai
ORD-2024-001866,1/24/2024 14:23,Mie,38000,2.572428523,9,4,Cepat sampai,FALSE,Tidak Ada,Dibatalkan
ORD-2024-001867,13/01/2024 21:35,Ayam,57000,2.401944766,26,,,FALSE,Tidak Ada,Selesai
ORD-2024-001868,2/12/2024 19:47,Ayam,62500,9.664666173,57,2,Lama org kerjanyaa,TRUE,Tinggi,Selesai
ORD-2024-001869,3/18/2024 19:13,Ayam,46000,2.410132664,18,4,Makasih ya,FALSE,Tidak Ada,Selesai
ORD-2024-001870,14/01/2024 11:02,Martabak,20000,5.616932637,26,5,Wow enak bgt,FALSE,Tidak Ada,Selesai
ORD-2024-001871,24/03/2024 06:45,Mie,21000,1.156194695,17,1,Driver gak ramah,FALSE,Tinggi,Selesai
ORD-2024-001872,1/10/2024 19:21,Ayam,51500,1.72929782,34,5,Driver ramah,FALSE,Tidak Ada,Selesai
ORD-2024-001873,1/26/2024 18:02,Kopi,17000,1.906976161,32,,,FALSE,Tidak Ada,Selesai
ORD-2024-001874,3/11/2024 17:22,Mie,39500,0.980217057,15,4,Puas bgt,FALSE,Tidak Ada,Selesai
ORD-2024-001875,3/21/2024 13:04,Martabak,30500,1.433092711,9,5,Enak bgt!!!,FALSE,Rendah,Selesai
ORD-2024-001876,3/5/2024 5:38,Kopi,21500,2.737740968,16,5,Puas bgt,FALSE,Tidak Ada,Selesai
ORD-2024-001877,1/17/2024 11:50,Kopi,14500,2.603843169,5,,,TRUE,Tidak Ada,Dibatalkan
ORD-2024-001878,20/02/2024 21:55,Kopi,15000,3.035394386,18,3,Gapapa,TRUE,Tinggi,Dibatalkan
ORD-2024-001879,1/22/2024 21:24,Ayam,29000,1.300750882,21,5,Mantap gan!,FALSE,Tidak Ada,Selesai
ORD-2024-001880,2/21/2024 18:11,Kopi,13500,1.138653119,13,3,Biasa saja,FALSE,Tidak Ada,Selesai
ORD-2024-001881,1/28/2024 17:56,Martabak,34000,2.837296757,16,,,FALSE,Tidak Ada,Selesai
ORD-2024-001882,28/02/2024 21:16,Mie,26000,0.5,13,5,Akan order lg nih,FALSE,Tidak Ada,Selesai
ORD-2024-001883,2/7/2024 17:07,Martabak,37000,0.875196965,13,4,Sesuai pesanan,FALSE,Tidak Ada,Selesai
ORD-2024-001884,9/3/2024 11:40,Martabak,31500,0.5,21,5,Wow enak bgt,TRUE,Tidak Ada,Selesai
ORD-2024-001885,2/5/2024 8:55,Ayam,45500,,5,4,Akan order lg nih,TRUE,Tidak Ada,Selesai
ORD-2024-001886,2/1/2024 6:34,Kopi,25500,0.836695402,17,5,Mantap gan!,FALSE,Tidak Ada,Selesai
ORD-2024-001887,14/02/2024 19:20,Ayam,50000,0.5,13,4,Rekomendasi deh,FALSE,Tidak Ada,Selesai
ORD-2024-001888,3/11/2024 12:26,Ayam,71000,0.844744525,19,4,Rekomendasi deh,FALSE,Tidak Ada,Selesai
ORD-2024-001889,11/2/2024 20:52,Martabak,27000,3.192426706,10,4,Enak bgt!!!!,FALSE,Tidak Ada,Selesai
ORD-2024-001890,29/01/2024 08:11,Mie,31000,0.5,19,4,Enak bgt!!!,FALSE,Rendah,Selesai
ORD-2024-001891,3/9/2024 18:06,Ayam,67000,1.722024143,23,4,Buruan order!!!11,FALSE,Tidak Ada,Selesai
ORD-2024-001892,2/18/2024 8:55,Kopi,17500,7.329295101,45,,,FALSE,Tidak Ada,Selesai
ORD-2024-001893,3/11/2024 14:14,Mie,9500,4.700354323,21,5,Makanan hangat sampai,FALSE,Tidak Ada,Selesai
ORD-2024-001894,3/15/2024 20:09,Ayam,52000,1.093419394,10,5,Mantap gan!,TRUE,Tidak Ada,Selesai
ORD-2024-001895,2/25/2024 20:05,Kopi,21500,7.763030737,23,4,Nggg enak 😋,FALSE,Rendah,Selesai
ORD-2024-001896,1/24/2024 5:12,Martabak,34000,1.199850267,7,5,Mantap gan!,FALSE,Tidak Ada,Selesai
ORD-2024-001897,24/01/2024 17:19,Martabak,33500,0.5,28,,,FALSE,Tidak Ada,Selesai
ORD-2024-001898,2/20/2024 6:04,Ayam,22500,15.3760971,58,4,Akan order lg nih,FALSE,Rendah,Selesai
ORD-2024-001899,2/1/2024 20:06,Kopi,13500,6.121182389,27,5,Top bgt kualitasnya,FALSE,Tidak Ada,Selesai
ORD-2024-001900,1/2/2024 20:24,Martabak,33000,1.881700722,20,4,Top bgt kualitasnya,FALSE,Rendah,Refund
ORD-2024-001901,1/2/2024 20:59,Kopi,18000,3.29322672,23,4,Puas bgt,TRUE,Tidak Ada,Selesai
ORD-2024-001902,11/1/2024 11:50,Ayam,72000,,6,4,Wow enak bgt,FALSE,Tidak Ada,Selesai
ORD-2024-001903,1/14/2024 19:54,Martabak,29000,0.64881005,5,5,Akan order lg nih,TRUE,Tidak Ada,Selesai
ORD-2024-001904,18/01/2024 21:57,Ayam,58500,0.669613034,25,4,Sesuai pesanan,FALSE,Tidak Ada,Selesai
ORD-2024-001905,2/9/2024 12:15,Martabak,30000,1.902262378,26,5,Makasih ya,FALSE,Tidak Ada,Selesai
ORD-2024-001906,2/4/2024 17:01,Ayam,35000,7.276738533,24,,,FALSE,Tidak Ada,Selesai
ORD-2024-001907,10/3/2024 14:09,Mie,10000,0.5,13,4,Makanan hangat sampai,FALSE,Tidak Ada,Selesai
ORD-2024-001908,1/4/2024 14:09,Kopi,18500,4.576747024,22,,,TRUE,Rendah,Selesai
ORD-2024-001909,29/01/2024 21:24,Ayam,54500,0.5,24,4,Nggg enak 😋,TRUE,Tidak Ada,Selesai
ORD-2024-001910,15/01/2024 17:14,Ayam,41000,1.951539867,23,3,Standar lah,FALSE,Tinggi,Refund
ORD-2024-001911,2/6/2024 21:21,Ayam,24500,3.047279517,12,4,Makanan hangat sampai,FALSE,Tidak Ada,Selesai
ORD-2024-001912,1/11/2024 19:09,Mie,30500,3.482349808,26,5,Wow enak bgt,TRUE,Tidak Ada,Selesai
ORD-2024-001913,2/12/2024 20:09,Mie,24000,0.5,13,5,Makasih ya,TRUE,Tidak Ada,Selesai
ORD-2024-001914,2/8/2024 19:22,Kopi,19000,1.626967538,17,4,Akan order lg nih,FALSE,Rendah,Selesai
ORD-2024-001915,3/4/2024 8:51,Kopi,24500,2.630036684,14,5,Buruan order!11,TRUE,Tidak Ada,Selesai
ORD-2024-001916,1/10/2024 4:49,Martabak,14000,0.5,12,5,Akan order lg nih,TRUE,Tidak Ada,Selesai
ORD-2024-001917,1/19/2024 20:52,Mie,21000,0.5,6,,,FALSE,Tidak Ada,Selesai
ORD-2024-001918,2/24/2024 8:09,Kopi,15500,3.268799971,10,,,FALSE,Tidak Ada,Refund
ORD-2024-001919,1/17/2024 14:22,Kopi,22500,2.212163766,8,4,Driver ramah,FALSE,Tinggi,Dibatalkan
ORD-2024-001920,3/2/2024 13:38,Kopi,9500,0.529598214,5,4,Nggg enak 😋,FALSE,Tidak Ada,Selesai
ORD-2024-001921,1/18/2024 20:58,Martabak,44500,2.298698127,24,5,Makanan hangat sampai,FALSE,Tidak Ada,Selesai
ORD-2024-001922,3/11/2024 21:31,Ayam,54000,7.314952379,43,4,Sesuai pesanan,FALSE,Tidak Ada,Selesai
ORD-2024-001923,1/30/2024 21:45,Martabak,29500,0.5,28,5,Wow enak bgt,TRUE,Rendah,Selesai
ORD-2024-001924,3/29/2024 7:44,Kopi,15500,3.086982535,17,4,Driver ramah,TRUE,Tidak Ada,Selesai
ORD-2024-001925,1/1/2024 11:23,Martabak,26500,0.5,21,4,Mantap gan!,TRUE,Tidak Ada,Selesai
ORD-2024-001926,1/18/2024 1:58,Ayam,69000,,12,2,Buruk skli layanannya,TRUE,Tinggi,Dibatalkan
ORD-2024-001927,1/18/2024 12:53,Kopi,12000,0.5,17,4,Cepat sampai,FALSE,Tidak Ada,Selesai
ORD-2024-001928,2/23/2024 12:03,Kopi,18000,1.649253627,26,4,Makanan hangat sampai,FALSE,Tidak Ada,Selesai
ORD-2024-001929,3/30/2024 12:46,Martabak,27000,4.863681384,35,4,Akan order lg nih,FALSE,Tidak Ada,Selesai
ORD-2024-001930,2/24/2024 17:42,Ayam,38500,0.99296101,17,5,Enak bgt,FALSE,Tidak Ada,Selesai
ORD-2024-001931,3/17/2024 0:09,Kopi,27500,2.947878298,14,4,Top bgt kualitasnya,FALSE,Rendah,Selesai
ORD-2024-001932,2/1/2024 14:09,Kopi,18500,1.588785209,20,5,Puas bgt,FALSE,Tidak Ada,Selesai
ORD-2024-001933,1/18/2024 22:19,Kopi,19000,0.801019056,23,5,Akan order lg nih,TRUE,Tidak Ada,Selesai
ORD-2024-001934,2/13/2024 17:18,Martabak,38500,2.16616575,21,5,Makasih ya,FALSE,Tidak Ada,Selesai
ORD-2024-001935,3/23/2024 12:32,Martabak,19500,,25,5,Top bgt kualitasnya,FALSE,Tidak Ada,Selesai
ORD-2024-001936,24/02/2024 14:35,Mie,38500,5.360179131,39,1,"Narik duit banyak😡",TRUE,Tinggi,Selesai
ORD-2024-001937,3/14/2024 18:27,Ayam,9500,5.622545891,19,3,Lumayan,TRUE,Tidak Ada,Selesai
ORD-2024-001938,1/12/2024 18:47,Mie,20500,1.239998086,13,5,Buruan order!11,TRUE,Tinggi,Selesai
ORD-2024-001939,8/1/2024 12:52,Kopi,14500,4.731726383,20,4,Wow enak bgt,FALSE,Tinggi,Selesai
ORD-2024-001940,3/18/2024 22:29,Ayam,61000,0.715451042,11,5,Rekomendasi deh,TRUE,Tidak Ada,Selesai
ORD-2024-001941,23/03/2024 20:10,Ayam,55000,4.02310385,38,4,Enak bgt!!,FALSE,Tidak Ada,Selesai
ORD-2024-001942,3/23/2024 19:06,Ayam,48500,8.891795507,50,,,FALSE,Tinggi,Refund
ORD-2024-001943,3/18/2024 10:01,Martabak,30000,0.5,5,5,Akan order lg nih,FALSE,Tidak Ada,Selesai
ORD-2024-001944,3/10/2024 12:38,Martabak,22500,1.741405751,12,4,Top bgt kualitasnya,FALSE,Tidak Ada,Refund
ORD-2024-001945,2/9/2024 12:40,Martabak,19000,3.130421142,9,4,Buruan order!11,FALSE,Tidak Ada,Selesai
ORD-2024-001946,2/4/2024 11:36,Kopi,19500,3.629728882,35,5,Wow enak bgt,FALSE,Tidak Ada,Selesai
ORD-2024-001947,1/7/2024 13:00,Kopi,19500,0.581073772,9,2,Ayamnya keras,FALSE,Tinggi,Selesai
ORD-2024-001948,2/20/2024 19:48,Ayam,78000,10.74635349,51,3,Gapapa,FALSE,Rendah,Selesai
ORD-2024-001949,17/01/2024 03:21,Ayam,38500,2.865604349,20,4,Nggg enak 😋,FALSE,Tidak Ada,Selesai
ORD-2024-001950,3/5/2024 12:01,Kopi,19500,0.5386025,16,4,Makasih ya,FALSE,Tidak Ada,Selesai
ORD-2024-001951,3/2/2024 17:18,Ayam,46500,0.5,5,4,Puas bgt,TRUE,Tidak Ada,Selesai
ORD-2024-001952,29/02/2024 11:45,Ayam,71500,4.587228519,32,3,Yaudah minum teh,FALSE,Tinggi,Selesai
ORD-2024-001953,3/28/2024 22:10,Kopi,21000,0.5,7,,,TRUE,Tinggi,Dibatalkan
ORD-2024-001954,3/18/2024 10:28,Martabak,31500,0.5,18,5,Cepat sampai,TRUE,Tidak Ada,Selesai
ORD-2024-001955,2/7/2024 20:02,Mie,23500,2.56579876,23,5,Puas bgt,TRUE,Tidak Ada,Selesai
ORD-2024-001956,3/28/2024 18:39,Mie,32500,2.775279354,28,,,TRUE,Tidak Ada,Selesai
ORD-2024-001957,1/20/2024 20:06,Martabak,35000,3.48357453,18,3,Gapapa,FALSE,Rendah,Selesai
ORD-2024-001958,2/9/2024 17:31,Kopi,13500,1.500220965,7,1,Paket berantakan,FALSE,Tinggi,Selesai
ORD-2024-001959,1/22/2024 5:04,Martabak,20000,4.460316038,31,5,Buruan order!11,FALSE,Tidak Ada,Selesai
ORD-2024-001960,2/15/2024 12:45,Martabak,28000,10.99064109,57,4,Makanan hangat sampai,TRUE,Tinggi,Dibatalkan
ORD-2024-001961,3/1/2024 14:41,Ayam,77000,0.948635379,18,4,Wow enak bgt,FALSE,Rendah,Selesai
ORD-2024-001962,16/01/2024 15:02,Kopi,21500,3.64235849,23,4,Buruan order!11,TRUE,Tidak Ada,Selesai
ORD-2024-001963,2/21/2024 21:58,Mie,18000,7.912858492,45,3,Lumayan,FALSE,Tidak Ada,Selesai
ORD-2024-001964,2/16/2024 21:20,Kopi,11500,3.477827901,12,,,FALSE,Rendah,Selesai
ORD-2024-001965,22/02/2024 19:56,Kopi,22000,3.428722473,35,5,Rekomendasi deh,TRUE,Tidak Ada,Selesai
ORD-2024-001966,1/6/2024 17:47,Kopi,11500,0.759929162,13,4,Makanan hangat sampai,FALSE,Tidak Ada,Selesai
ORD-2024-001967,3/12/2024 11:18,Ayam,60000,2.29799374,19,,,FALSE,Tidak Ada,Selesai
ORD-2024-001968,2/21/2024 7:24,Kopi,14000,2.480192366,14,,,FALSE,Tidak Ada,Selesai
ORD-2024-001969,12/1/2024 14:41,Ayam,78500,3.613214317,5,1,Kecewa bgt,FALSE,Tinggi,Dibatalkan
ORD-2024-001970,29/02/2024 12:46,Ayam,38500,,80,3,Standar lah,FALSE,Rendah,Selesai
ORD-2024-001971,2/20/2024 6:25,Ayam,4810500,0.5,5,5,Top bgt kualitasnya,FALSE,Tidak Ada,Selesai
ORD-2024-001972,2/13/2024 15:13,Mie,23000,0.5,12,3,Gapapa,FALSE,Rendah,Selesai
ORD-2024-001973,15/01/2024 11:34,Ayam,4532000,0.5,6,5,Makasih ya,FALSE,Tidak Ada,Selesai
ORD-2024-001974,19/01/2024 19:36,Kopi,20000,4.075794026,23,4,Mantap gan!,FALSE,Tidak Ada,Selesai
ORD-2024-001975,18/02/2024 13:50,Ayam,14500,,10,3,Standar lah,TRUE,Tidak Ada,Selesai
ORD-2024-001976,1/28/2024 11:48,Mie,24500,2.922171701,14,,,FALSE,Tidak Ada,Selesai
ORD-2024-001977,2/2/2024 17:09,Ayam,55500,1.177656471,14,5,Mantap gan!,FALSE,Tidak Ada,Selesai
ORD-2024-001978,1/11/2024 14:55,Kopi,11500,1.833706112,14,5,Wow enak bgt,FALSE,Tidak Ada,Selesai
ORD-2024-001979,3/26/2024 5:53,Mie,18500,0.728750123,5,5,Akan order lg nih,FALSE,Tidak Ada,Selesai
ORD-2024-001980,2/24/2024 13:10,Mie,30000,6.032133087,45,3,Gapapa,FALSE,Rendah,Selesai
ORD-2024-001981,2/23/2024 21:44,Ayam,61000,2.646757419,14,5,Top bgt kualitasnya,TRUE,Tidak Ada,Selesai
ORD-2024-001982,3/30/2024 21:24,Mie,1046500,,49,4,Rekomendasi deh,FALSE,Tidak Ada,Selesai
ORD-2024-001983,17/03/2024 12:20,Kopi,16000,,28,4,Puas bgt,FALSE,Tidak Ada,Selesai
ORD-2024-001984,2/10/2024 14:59,Kopi,21500,0.5,23,5,Mantap gan!!!,FALSE,Tidak Ada,Selesai
ORD-2024-001985,2/10/2024 14:16,Ayam,65500,0.562136532,9,4,Cepat sampai,FALSE,Tidak Ada,Selesai
ORD-2024-001986,2/27/2024 4:40,Ayam,63500,13.54982354,49,,,FALSE,Tidak Ada,Selesai
ORD-2024-001987,3/15/2024 12:47,Martabak,29500,3.879124678,24,,,FALSE,Tidak Ada,Refund
ORD-2024-001988,3/10/2024 19:24,Kopi,15000,0.5,19,5,Enak bgt!!,TRUE,Tidak Ada,Selesai
ORD-2024-001989,25/01/2024 18:00,Kopi,23500,3.649968751,23,3,OK,TRUE,Rendah,Selesai
ORD-2024-001990,3/1/2024 13:32,Martabak,43500,1.593968015,22,4,Nggg enak 😋,TRUE,Rendah,Selesai
ORD-2024-001991,3/30/2024 20:26,Martabak,35000,1.101078082,14,4,Nggg enak 😋,TRUE,Tidak Ada,Selesai
ORD-2024-001992,3/10/2024 19:07,Ayam,67500,0.501923346,25,5,Enak bgt!!,FALSE,Tidak Ada,Selesai
ORD-2024-001993,2/24/2024 21:38,Martabak,32000,,32,4,Driver ramah,FALSE,Rendah,Selesai
ORD-2024-001994,2/18/2024 14:40,Ayam,500,0.5,13,,,TRUE,Tidak Ada,Selesai
ORD-2024-001995,1/13/2024 3:05,Martabak,22500,1.026775778,16,4,Mantap gan!!!,FALSE,Tidak Ada,Selesai
ORD-2024-001996,2/22/2024 11:40,Martabak,25000,1.097505573,32,1,😠😠😠,FALSE,Rendah,Selesai
ORD-2024-001997,1/5/2024 13:13,Mie,28500,0.526295062,8,4,Sesuai pesanan,TRUE,Tidak Ada,Selesai
ORD-2024-001998,11/3/2024 18:54,Ayam,65000,2.128957236,30,5,Top bgt kualitasnya,FALSE,Tidak Ada,Selesai
ORD-2024-001999,14/02/2024 14:26,Ayam,70500,0.5,6,5,Mantap gan!,FALSE,Tidak Ada,Selesai
ORD-2024-002000,2/20/2024 13:50,Ayam,78000,1.074208528,16,2,Makanannya dingin,TRUE,Tinggi,Refund
ORD-2024-002001,4/2/2024 8:19,Ayam,50500,8.137505265,28,4,Buruan order!11,TRUE,Tidak Ada,Selesai
ORD-2024-002002,2/23/2024 0:57,Ayam,71500,1.115494404,10,5,Buruan order!11,FALSE,Tinggi,Dibatalkan
ORD-2024-002003,1/2/2024 13:53,Mie,23500,1.341015458,10,,,FALSE,Rendah,Selesai
ORD-2024-002004,3/17/2024 12:36,Ayam,66500,,26,5,Puas bgt,FALSE,Tinggi,Selesai
ORD-2024-002005,20/02/2024 14:53,Ayam,55000,2.474509668,16,5,Makanan hangat sampai,FALSE,Rendah,Selesai
ORD-2024-002006,3/14/2024 20:46,Martabak,33500,4.96187278,35,,,FALSE,Tinggi,Dibatalkan
ORD-2024-002007,2/10/2024 20:14,Kopi,18500,0.633353045,9,5,Cepat sampai,FALSE,Tidak Ada,Selesai
ORD-2024-002008,17/01/2024 21:50,Martabak,18000,6.161236642,34,5,Makanan hangat sampai,TRUE,Tidak Ada,Dibatalkan
ORD-2024-002009,3/21/2024 17:10,Ayam,1000,4.250871372,41,5,Top bgt kualitasnya,FALSE,Tidak Ada,Refund
ORD-2024-002010,1/12/2024 11:40,Kopi,17500,3.847428717,19,5,Driver ramah,FALSE,Tidak Ada,Selesai
ORD-2024-002011,1/4/2024 21:58,Ayam,34000,0.5,7,5,Akan order lg nih,TRUE,Tidak Ada,Selesai
ORD-2024-002012,1/4/2024 4:29,Ayam,46000,0.5,10,4,Nggg enak 😋,FALSE,Tidak Ada,Selesai
ORD-2024-002013,2/15/2024 12:19,Mie,25000,2.704300209,22,,,FALSE,Tidak Ada,Selesai
ORD-2024-002014,2/1/2024 12:49,Ayam,54000,5.966257981,39,4,Cepat sampai,FALSE,Tidak Ada,Selesai
ORD-2024-002015,2/5/2024 12:40,Kopi,18500,2.634395382,22,5,Nggg enak 😋,FALSE,Tidak Ada,Selesai
ORD-2024-002016,3/15/2024 3:29,Kopi,18000,0.719476519,14,4,Wow enak bgt,TRUE,Tidak Ada,Selesai
ORD-2024-002017,1/14/2024 13:57,Ayam,64500,0.5,5,,,TRUE,Tidak Ada,Selesai
ORD-2024-002018,3/4/2024 6:25,Mie,27500,,23,4,Top bgt kualitasnya,FALSE,Rendah,Dibatalkan
ORD-2024-002019,1/3/2024 20:40,Ayam,14000,3.837924498,29,4,Rekomendasi deh,FALSE,Rendah,Selesai
ORD-2024-002020,2/23/2024 19:40,Martabak,3070000,0.568153444,20,1,Kurang sambelnya,FALSE,Rendah,Selesai
ORD-2024-002021,1/21/2024 11:57,Mie,29500,0.5,11,4,Makanan hangat sampai,TRUE,Tinggi,Selesai
ORD-2024-002022,21/03/2024 17:07,Kopi,17500,1.574182999,18,4,Cepat sampai,FALSE,Tinggi,Selesai
ORD-2024-002023,3/2/2024 19:34,Mie,29500,2.621984128,28,5,Top bgt kualitasnya,TRUE,Tidak Ada,Selesai
ORD-2024-002024,2/2/2024 6:38,Ayam,49500,3.672551122,13,5,Nggg enak 😋,FALSE,Rendah,Selesai
ORD-2024-002025,3/7/2024 18:13,Kopi,16500,4.98132547,13,,,TRUE,Tidak Ada,Selesai
ORD-2024-002026,1/28/2024 12:14,Ayam,4004500,2.828962527,12,,,FALSE,Tinggi,Selesai
ORD-2024-002027,1/17/2024 14:12,Martabak,37000,0.5,8,5,Top bgt kualitasnya,FALSE,Tidak Ada,Selesai
ORD-2024-002028,3/11/2024 14:47,Mie,18000,3.442604187,35,4,Buruan order!11,FALSE,Rendah,Selesai
ORD-2024-002029,3/6/2024 6:16,Ayam,55000,12.4388044,64,,,FALSE,Tinggi,Dibatalkan
ORD-2024-002030,2/5/2024 3:37,Martabak,39500,7.080152761,24,5,Buruan order!11,FALSE,Tidak Ada,Selesai
ORD-2024-002031,2/9/2024 12:46,Ayam,49500,6.159425125,33,5,Enak bgt!!!!,FALSE,Tidak Ada,Selesai
ORD-2024-002032,2/27/2024 19:52,Kopi,20000,1.079339936,11,4,Makanan hangat sampai,FALSE,Tidak Ada,Selesai
ORD-2024-002033,3/18/2024 18:36,Kopi,19500,4.168356142,32,,,FALSE,Rendah,Dibatalkan
ORD-2024-002034,3/21/2024 14:10,Mie,27000,5.713510447,35,5,Top bgt kualitasnya,FALSE,Tidak Ada,Selesai
ORD-2024-002035,6/3/2024 14:18,Martabak,34500,3.402651914,16,5,Enak bgttt,FALSE,Rendah,Selesai
ORD-2024-002036,3/23/2024 16:22,Ayam,55500,0.865294086,8,5,Makanan hangat sampai,FALSE,Tidak Ada,Dibatalkan
ORD-2024-002037,1/24/2024 13:50,Ayam,49000,9.22653322,44,3,Yaudah minum teh,TRUE,Tinggi,Selesai
ORD-2024-002038,1/10/2024 13:23,Ayam,58000,1.797983852,30,,,FALSE,Rendah,Selesai
ORD-2024-002039,1/16/2024 11:45,Ayam,75500,0.5,8,5,Makanan hangat sampai,FALSE,Tidak Ada,Selesai
ORD-2024-002040,3/13/2024 7:35,Ayam,59500,0.5,5,4,Wow enak bgt,FALSE,Tidak Ada,Selesai
ORD-2024-002041,3/18/2024 12:06,Mie,27500,3.128275569,36,4,Rekomendasi deh,FALSE,Tidak Ada,Selesai
ORD-2024-002042,18/03/2024 21:04,Kopi,13000,1.727210757,23,4,Rekomendasi deh,FALSE,Rendah,Refund
ORD-2024-002043,2/23/2024 13:20,Kopi,1797000,0.5,5,4,Enak bgt,FALSE,Tidak Ada,Selesai
ORD-2024-002044,26/01/2024 14:31,Ayam,75000,4.045430498,30,,,TRUE,Tidak Ada,Selesai
ORD-2024-002045,2/23/2024 14:10,Mie,25000,4.818208285,37,,,FALSE,Tidak Ada,Selesai
ORD-2024-002046,2/19/2024 11:18,Martabak,26500,3.877490128,27,3,Yaudah minum teh,FALSE,Rendah,Dibatalkan
ORD-2024-002047,14/03/2024 14:18,Ayam,32000,0.677920948,28,5,Makanan hangat sampai,FALSE,Tidak Ada,Selesai
ORD-2024-002048,2/21/2024 11:21,Martabak,27500,3.511376725,30,,,FALSE,Rendah,Selesai
ORD-2024-002049,3/1/2024 14:46,Kopi,21000,0.5,17,5,Top bgt kualitasnya,FALSE,Tidak Ada,Selesai
ORD-2024-002050,2/14/2024 21:49,Ayam,61000,1.092014395,18,5,Puas bgt,TRUE,Tidak Ada,Selesai
ORD-2024-002051,1/7/2024 20:31,Kopi,19000,1.526590307,19,3,Gapapa,FALSE,Tidak Ada,Selesai
ORD-2024-002052,1/16/2024 19:06,Kopi,17000,5.409922758,40,5,Cepat sampai,FALSE,Tidak Ada,Selesai
ORD-2024-002053,1/2/2024 13:55,Ayam,60500,1.484829132,16,3,Lumayan,TRUE,Tidak Ada,Refund
ORD-2024-002054,29/01/2024 12:46,Mie,20500,0.5,23,4,Cepat sampai,TRUE,Tidak Ada,Selesai
ORD-2024-002055,3/9/2024 22:55,Mie,24000,,16,3,Biasa saja,FALSE,Rendah,Selesai
ORD-2024-002056,1/6/2024 13:04,Martabak,31500,2.072993067,20,,,TRUE,Rendah,Dibatalkan
ORD-2024-002057,3/19/2024 12:17,Kopi,17500,,41,,,TRUE,Tidak Ada,Selesai
ORD-2024-002058,18/01/2024 17:08,Kopi,18000,8.492398273,40,5,Sesuai pesanan,FALSE,Tidak Ada,Selesai
ORD-2024-002059,3/15/2024 13:40,Martabak,29000,0.598552222,17,5,Sesuai pesanan,FALSE,Tidak Ada,Selesai
ORD-2024-002060,3/7/2024 21:30,Kopi,15000,0.614240963,24,5,Nggg enak 😋,FALSE,Tidak Ada,Refund
ORD-2024-002061,2/5/2024 14:14,Ayam,104500,0.535161165,19,4,Puas bgt,FALSE,Tidak Ada,Selesai
ORD-2024-002062,7/2/2024 11:35,Kopi,20500,4.666581676,22,1,Buruk skli layanannya,FALSE,Tinggi,Selesai
ORD-2024-002063,3/25/2024 18:44,Mie,29000,0.5,5,5,Top bgt kualitasnya,FALSE,Tidak Ada,Selesai
ORD-2024-002064,3/4/2024 11:42,Kopi,500,0.5,21,5,Cepat sampai,FALSE,Tidak Ada,Selesai
ORD-2024-002065,19/02/2024 11:21,Ayam,47500,2.316309043,46,5,Enak bgt,FALSE,Tidak Ada,Selesai
ORD-2024-002066,3/8/2024 19:48,Martabak,29500,0.8533103,12,4,Wow enak bgt,FALSE,Tidak Ada,Selesai
ORD-2024-002067,3/24/2024 11:58,Ayam,49000,0.5,9,5,Nggg enak 😋,FALSE,Tidak Ada,Selesai
ORD-2024-002068,2/16/2024 20:55,Ayam,11000,,25,,,FALSE,Tidak Ada,Selesai
ORD-2024-002069,2/21/2024 13:27,Ayam,65500,0.961473787,7,,,FALSE,Tidak Ada,Selesai
ORD-2024-002070,3/14/2024 18:29,Ayam,40500,2.146818354,34,5,Mantap gan!,FALSE,Tidak Ada,Selesai
ORD-2024-002071,1/15/2024 14:11,Martabak,27000,11.62325606,58,2,Bau gak tauu,FALSE,Tinggi,Selesai
ORD-2024-002072,25/03/2024 19:16,Kopi,12000,0.5,14,4,Makasih ya,FALSE,Tidak Ada,Selesai
ORD-2024-002073,1/11/2024 18:09,Ayam,5318500,1.399118868,10,5,Makanan hangat sampai,TRUE,Tidak Ada,Selesai
ORD-2024-002074,3/6/2024 14:17,Mie,15000,8.064081818,49,4,Top bgt kualitasnya,FALSE,Tidak Ada,Selesai
ORD-2024-002075,3/24/2024 20:12,Mie,20500,6.283617868,30,,,FALSE,Rendah,Selesai
ORD-2024-002076,1/23/2024 21:38,Mie,36500,1.503967935,24,5,Sesuai pesanan,FALSE,Tidak Ada,Selesai
ORD-2024-002077,1/14/2024 20:15,Ayam,53500,3.601469277,29,,,FALSE,Tidak Ada,Selesai
ORD-2024-002078,1/7/2024 18:17,Kopi,20500,0.5,26,4,Enak bgt,FALSE,Rendah,Selesai
ORD-2024-002079,1/13/2024 14:25,Mie,40500,3.740025692,27,4,Buruan order!11,FALSE,Tidak Ada,Selesai
ORD-2024-002080,3/29/2024 12:10,Martabak,25000,10.81998891,81,3,Lumayan,FALSE,Tinggi,Selesai
ORD-2024-002081,3/22/2024 13:46,Ayam,50000,2.313249321,26,,,FALSE,Tidak Ada,Selesai
ORD-2024-002082,3/5/2024 19:30,Ayam,47000,2.070396553,21,5,Mantap gan!,FALSE,Tidak Ada,Selesai
ORD-2024-002083,3/29/2024 13:43,Kopi,8000,0.622248457,11,5,Puas bgt,FALSE,Tinggi,Selesai
ORD-2024-002084,2/12/2024 4:00,Mie,24000,3.013630264,26,5,Rekomendasi deh,TRUE,Tidak Ada,Selesai
ORD-2024-002085,2/12/2024 13:56,Kopi,20000,2.677995681,18,,,FALSE,Tidak Ada,Selesai
ORD-2024-002086,1/2/2024 20:37,Kopi,19000,3.16608138,16,5,Enak bgt,FALSE,Rendah,Selesai
ORD-2024-002087,2/1/2024 17:52,Ayam,62000,0.5,9,5,Nggg enak 😋,TRUE,Tidak Ada,Selesai
ORD-2024-002088,2/7/2024 16:32,Martabak,27000,2.387025058,16,3,Biasa saja,FALSE,Tidak Ada,Selesai
ORD-2024-002089,1/13/2024 13:28,Mie,21500,2.711122034,43,2,Kurang sambelnya,FALSE,Tinggi,Selesai
ORD-2024-002090,3/10/2024 14:16,Kopi,22000,0.697802399,17,4,Buruan order!11,FALSE,Tidak Ada,Selesai
ORD-2024-002091,2/15/2024 13:57,Martabak,26500,0.70084275,8,5,Akan order lg nih,TRUE,Tidak Ada,Selesai
ORD-2024-002092,3/17/2024 19:43,Mie,28000,0.969795809,26,5,Wow enak bgt,TRUE,Tidak Ada,Selesai
ORD-2024-002093,1/3/2024 14:54,Ayam,54000,3.731485711,27,4,Makanan hangat sampai,TRUE,Tidak Ada,Selesai
ORD-2024-002094,1/19/2024 17:15,Kopi,22500,2.796239658,34,5,Cepat sampai,FALSE,Tidak Ada,Selesai
ORD-2024-002095,25/02/2024 17:12,Ayam,68000,5.607787812,51,3,Biasa saja,TRUE,Tidak Ada,Selesai
ORD-2024-002096,3/22/2024 13:56,Martabak,20500,1.051476172,5,,,TRUE,Tidak Ada,Selesai
ORD-2024-002097,27/02/2024 16:11,Kopi,11500,7.293576515,13,,,FALSE,Rendah,Selesai
ORD-2024-002098,14/02/2024 12:37,Martabak,34500,4.084292064,46,3,Standar lah,FALSE,Tidak Ada,Selesai
ORD-2024-002099,2/5/2024 11:37,Martabak,0,1.507638331,11,4,Rekomendasi deh,TRUE,Tidak Ada,Selesai
ORD-2024-002100,3/19/2024 14:36,Kopi,24500,0.5,5,1,"Narik duit banyak😡",TRUE,Tinggi,Dibatalkan
ORD-2024-002101,2/6/2024 11:31,Mie,13500,,10,,,TRUE,Tinggi,Selesai
ORD-2024-002102,2/29/2024 16:18,Kopi,23500,,31,5,Buruan order!11,TRUE,Tidak Ada,Selesai
ORD-2024-002103,1/21/2024 13:04,Ayam,54500,1.114771355,9,3,OK,TRUE,Tidak Ada,Selesai
ORD-2024-002104,2/28/2024 13:52,Martabak,42000,1.200989271,25,5,Puas bgt,FALSE,Tidak Ada,Selesai
ORD-2024-002105,3/3/2024 14:22,Martabak,27000,0.630641003,11,,,FALSE,Tidak Ada,Selesai
ORD-2024-002106,1/7/2024 13:56,Ayam,42500,4.932873906,14,4,Enak bgttt,TRUE,Tidak Ada,Selesai
ORD-2024-002107,3/5/2024 17:09,Mie,17500,0.967417838,16,5,Buruan order!!!11,FALSE,Tinggi,Refund
ORD-2024-002108,19/01/2024 06:27,Mie,31500,1.202589259,7,5,Puas bgt,FALSE,Tidak Ada,Selesai
ORD-2024-002109,2/7/2024 14:59,Ayam,60000,1.605089123,15,4,Makasih ya,TRUE,Tidak Ada,Selesai
ORD-2024-002110,3/27/2024 20:25,Mie,18000,,16,5,Wow enak bgt,TRUE,Tidak Ada,Selesai
ORD-2024-002111,2/3/2024 19:19,Ayam,15500,,26,5,Nggg enak 😋,FALSE,Tidak Ada,Selesai
ORD-2024-002112,3/27/2024 18:08,Ayam,58500,2.101988228,15,1,Makanannya dingin,FALSE,Tinggi,Selesai
ORD-2024-002113,2/2/2024 12:19,Ayam,60500,,37,4,Makanan hangat sampai,TRUE,Tidak Ada,Selesai
ORD-2024-002114,3/13/2024 14:34,Mie,19000,5.132502899,15,5,Driver ramah,TRUE,Tidak Ada,Selesai
ORD-2024-002115,2/25/2024 14:44,Martabak,21000,4.803116854,38,,,FALSE,Tidak Ada,Selesai
ORD-2024-002116,3/28/2024 14:22,Ayam,62500,,26,3,Lumayan,FALSE,Tinggi,Dibatalkan
ORD-2024-002117,2/22/2024 21:01,Kopi,24500,4.823499651,27,4,Cepat sampai,FALSE,Tidak Ada,Selesai
ORD-2024-002118,1/18/2024 19:50,Martabak,26500,0.5,6,5,Driver ramah,FALSE,Tidak Ada,Selesai
ORD-2024-002119,17/02/2024 13:03,Ayam,37000,0.5,5,4,Wow enak bgt,TRUE,Tidak Ada,Selesai
ORD-2024-002120,1/17/2024 17:29,Mie,28000,8.861628088,44,,,TRUE,Rendah,Selesai
ORD-2024-002121,3/7/2024 17:05,Mie,30500,5.134376112,42,4,Buruan order!11,FALSE,Rendah,Selesai
ORD-2024-002122,3/24/2024 11:52,Kopi,15000,2.411636062,17,4,Makasih ya,FALSE,Tidak Ada,Selesai
ORD-2024-002123,3/29/2024 11:07,Mie,40000,,45,3,Gapapa,TRUE,Rendah,Selesai
ORD-2024-002124,3/6/2024 1:44,Kopi,20500,13.63071366,42,4,Driver ramah,FALSE,Tidak Ada,Selesai
ORD-2024-002125,12/3/2024 15:08,Mie,23500,2.829768664,16,5,Wow enak bgt,FALSE,Rendah,Selesai
ORD-2024-002126,3/22/2024 9:40,Martabak,18000,2.847204551,18,5,Makanan hangat sampai,TRUE,Tidak Ada,Selesai
ORD-2024-002127,1/1/2024 19:44,Martabak,40000,4.212483427,29,4,Puas bgt,FALSE,Rendah,Selesai
ORD-2024-002128,1/1/2024 11:33,Ayam,71500,0.792439469,12,5,Cepat sampai,FALSE,Rendah,Selesai
ORD-2024-002129,1/14/2024 21:28,Mie,24000,0.548614625,26,3,Standar lah,FALSE,Rendah,Selesai
ORD-2024-002130,1/16/2024 14:11,Kopi,18000,4.276113014,40,5,Makasih ya,FALSE,Tidak Ada,Selesai
ORD-2024-002131,3/10/2024 14:54,Ayam,49000,1.268924108,15,4,Top bgt kualitasnya,TRUE,Tidak Ada,Selesai
ORD-2024-002132,25/02/2024 11:11,Ayam,60000,0.5,9,5,Buruan order!11,FALSE,Tidak Ada,Selesai
ORD-2024-002133,3/25/2024 12:30,Kopi,12000,1.134473863,10,4,Makasih ya,FALSE,Tidak Ada,Selesai
ORD-2024-002134,3/26/2024 14:23,Kopi,11500,1.332478421,27,,,TRUE,Tinggi,Selesai
ORD-2024-002135,19/02/2024 03:29,Martabak,36000,10.07679906,35,4,Buruan order!11,FALSE,Tidak Ada,Selesai
ORD-2024-002136,1/19/2024 14:07,Mie,32500,3.591584591,11,3,Standar lah,TRUE,Rendah,Selesai
ORD-2024-002137,15/03/2024 14:02,Ayam,43500,2.270538594,8,4,Sesuai pesanan,TRUE,Tidak Ada,Selesai
ORD-2024-002138,18/01/2024 20:17,Martabak,24500,10.40905237,56,3,OK,FALSE,Rendah,Selesai
ORD-2024-002139,15/02/2024 21:13,Ayam,70500,7.003457888,24,4,Puas bgt,TRUE,Tidak Ada,Selesai
ORD-2024-002140,3/8/2024 17:11,Mie,21000,2.152324885,16,3,Yaudah minum teh,FALSE,Tidak Ada,Selesai
ORD-2024-002141,24/03/2024 10:29,Mie,26500,7.083174471,32,,,FALSE,Tidak Ada,Selesai
ORD-2024-002142,1/18/2024 13:59,Kopi,16000,1.554077742,5,5,Buruan order!!11,TRUE,Tidak Ada,Selesai
ORD-2024-002143,3/23/2024 20:38,Martabak,19000,0.785733696,17,4,Top bgt kualitasnya,FALSE,Tidak Ada,Selesai
ORD-2024-002144,3/5/2024 16:16,Ayam,54500,0.794546936,10,4,Nggg enak 😋,FALSE,Rendah,Selesai
ORD-2024-002145,16/03/2024 11:37,Kopi,17000,3.256929971,5,4,Top bgt kualitasnya,FALSE,Tidak Ada,Selesai
ORD-2024-002146,1/9/2024 12:14,Mie,28500,2.085870349,21,4,Nggg enak 😋,FALSE,Tidak Ada,Selesai
ORD-2024-002147,3/4/2024 15:20,Kopi,17000,3.227186005,23,,,FALSE,Tidak Ada,Selesai
ORD-2024-002148,1/31/2024 12:46,Kopi,25500,3.47581274,26,,,TRUE,Tidak Ada,Selesai
ORD-2024-002149,2/23/2024 1:39,Kopi,2443500,0.5,16,5,Mantap gan!,TRUE,Tidak Ada,Selesai
ORD-2024-002150,10/1/2024 19:38,Mie,34000,0.5,16,5,Wow enak bgt,FALSE,Tidak Ada,Selesai
ORD-2024-002151,23/01/2024 14:24,Ayam,47000,,27,4,Sesuai pesanan,TRUE,Tidak Ada,Selesai
ORD-2024-002152,3/14/2024 18:16,Ayam,6199500,0.63600065,5,5,Akan order lg nih,FALSE,Tidak Ada,Selesai
ORD-2024-002153,2/6/2024 12:27,Martabak,30500,,9,,,FALSE,Tidak Ada,Selesai
ORD-2024-002154,1/25/2024 11:40,Mie,38500,2.410130187,10,3,OK,TRUE,Tidak Ada,Selesai
ORD-2024-002155,1/5/2024 0:23,Ayam,66000,2.643931884,11,5,Sesuai pesanan,TRUE,Tidak Ada,Selesai
ORD-2024-002156,3/10/2024 10:11,Ayam,31000,,29,4,Nggg enak 😋,TRUE,Tidak Ada,Selesai
ORD-2024-002157,3/23/2024 18:53,Ayam,67500,3.063649912,15,5,Buruan order!11,FALSE,Tidak Ada,Selesai
ORD-2024-002158,3/1/2024 19:39,Ayam,72500,5.306930386,26,5,Driver ramah,FALSE,Tidak Ada,Dibatalkan
ORD-2024-002159,1/18/2024 14:27,Kopi,23500,18.75265505,77,2,Kecewa bgt,TRUE,Tinggi,Selesai
ORD-2024-002160,1/10/2024 18:50,Martabak,0,5.468717513,28,4,Cepat sampai,TRUE,Tidak Ada,Selesai
ORD-2024-002161,1/16/2024 17:38,Martabak,34000,2.445936035,38,5,Driver ramah,FALSE,Tidak Ada,Selesai
ORD-2024-002162,1/29/2024 9:59,Martabak,20500,0.644892252,5,2,Makanannya dingin,TRUE,Tinggi,Selesai
ORD-2024-002163,2/15/2024 12:18,Kopi,364000,3.431888654,45,1,"Narik duit banyak😡",FALSE,Tinggi,Dibatalkan
ORD-2024-002164,1/31/2024 19:32,Mie,31000,8.32515697,43,5,Makanan hangat sampai,FALSE,Tidak Ada,Selesai
ORD-2024-002165,8/1/2024 17:37,Kopi,14500,0.714263513,24,5,Top bgt kualitasnya,TRUE,Tidak Ada,Selesai
ORD-2024-002166,2/3/2024 1:21,Mie,25000,,13,,,FALSE,Tidak Ada,Selesai
ORD-2024-002167,2/12/2024 1:08,Martabak,14500,0.5,18,4,Driver ramah,FALSE,Rendah,Selesai
ORD-2024-002168,2/12/2024 21:58,Ayam,77000,4.003630252,17,,,TRUE,Tidak Ada,Selesai
ORD-2024-002169,4/3/2024 11:22,Martabak,18500,1.565465096,5,,,TRUE,Tidak Ada,Selesai
ORD-2024-002170,3/17/2024 2:56,Ayam,58000,0.5,32,4,Puas bgt,FALSE,Tidak Ada,Selesai
ORD-2024-002171,1/17/2024 11:06,Martabak,32000,6.237124661,53,4,Makasih ya,FALSE,Tidak Ada,Selesai
ORD-2024-002172,1/29/2024 13:30,Ayam,52500,2.447110126,11,5,Top bgt kualitasnya,TRUE,Tidak Ada,Selesai
ORD-2024-002173,1/30/2024 11:01,Ayam,52500,1.20633652,23,5,Puas bgt,TRUE,Tidak Ada,Selesai
ORD-2024-002174,1/26/2024 20:43,Mie,19000,1.264705618,28,5,Driver ramah,TRUE,Rendah,Selesai
ORD-2024-002175,3/11/2024 20:49,Ayam,46000,1.028532608,22,,,TRUE,Tinggi,Selesai
ORD-2024-002176,2/25/2024 17:08,Mie,33000,1.823552769,17,5,Makanan hangat sampai,FALSE,Tidak Ada,Selesai
ORD-2024-002177,3/19/2024 11:22,Ayam,72500,1.233129508,36,5,Cepat sampai,TRUE,Rendah,Selesai
ORD-2024-002178,1/8/2024 11:37,Martabak,284000,2.38186293,27,5,Makanan hangat sampai,FALSE,Tidak Ada,Selesai
ORD-2024-002179,3/9/2024 17:55,Martabak,26500,4.455259518,19,5,Nggg enak 😋,TRUE,Tidak Ada,Selesai
ORD-2024-002180,1/8/2024 12:28,Kopi,19500,,20,5,Enak bgttt,FALSE,Tidak Ada,Selesai
ORD-2024-002181,2/10/2024 12:18,Ayam,83000,1.046362224,5,3,OK,FALSE,Tidak Ada,Selesai
ORD-2024-002182,3/2/2024 21:04,Ayam,39000,2.2570424,19,,,FALSE,Rendah,Selesai
ORD-2024-002183,10/3/2024 13:57,Ayam,23500,5.500110823,30,3,Lumayan,TRUE,Rendah,Selesai
ORD-2024-002184,2/26/2024 11:49,Ayam,18000,0.5,21,5,Nggg enak 😋,TRUE,Tidak Ada,Selesai
ORD-2024-002185,3/24/2024 13:20,Martabak,29000,0.5,21,,,TRUE,Tidak Ada,Selesai
ORD-2024-002186,1/14/2024 14:45,Mie,21500,2.436941478,25,,,FALSE,Tinggi,Selesai
ORD-2024-002187,1/11/2024 12:53,Mie,27500,3.05758886,26,,,TRUE,Tidak Ada,Selesai
ORD-2024-002188,3/11/2024 13:46,Martabak,31000,0.712537688,25,3,Yaudah minum teh,TRUE,Tidak Ada,Selesai
ORD-2024-002189,1/5/2024 22:28,Martabak,18000,4.102066046,20,3,Gapapa,FALSE,Tinggi,Selesai
ORD-2024-002190,1/15/2024 11:17,Martabak,16500,3.117607937,5,4,Puas bgt,TRUE,Rendah,Selesai
ORD-2024-002191,8/2/2024 2:03,Ayam,56500,7.703140985,50,3,Lumayan,FALSE,Tinggi,Selesai
ORD-2024-002192,2/19/2024 20:24,Mie,27000,0.555211121,5,,,FALSE,Tidak Ada,Selesai
ORD-2024-002193,1/27/2024 20:34,Martabak,27000,4.175419761,34,3,Gapapa,FALSE,Rendah,Selesai
ORD-2024-002194,5/1/2024 19:59,Kopi,500,0.5,11,,,FALSE,Tidak Ada,Selesai
ORD-2024-002195,2/13/2024 8:51,Ayam,23500,2.499245039,29,1,Driver gak ramah,TRUE,Tinggi,Selesai
ORD-2024-002196,1/4/2024 14:55,Kopi,12500,2.408184031,11,4,Sesuai pesanan,TRUE,Tidak Ada,Selesai
ORD-2024-002197,8/1/2024 17:24,Kopi,17500,1.474957057,10,5,Mantap gan!,TRUE,Tidak Ada,Selesai
ORD-2024-002198,2/6/2024 17:29,Mie,18000,5.58470158,27,5,Makanan hangat sampai,TRUE,Tidak Ada,Selesai
ORD-2024-002199,3/13/2024 8:10,Kopi,18500,0.5,16,5,Cepat sampai,TRUE,Tidak Ada,Selesai
ORD-2024-002200,1/31/2024 11:17,Kopi,30000,2.203028997,22,3,Biasa saja,FALSE,Rendah,Selesai
ORD-2024-002201,2/5/2024 12:49,Mie,33500,0.73445612,20,5,Makasih ya,TRUE,Tidak Ada,Selesai
ORD-2024-002202,3/14/2024 21:17,Ayam,49500,,28,,,TRUE,Rendah,Selesai
ORD-2024-002203,2/2/2024 19:00,Kopi,21000,0.5,23,4,Rekomendasi deh,FALSE,Tidak Ada,Selesai
ORD-2024-002204,3/25/2024 13:54,Ayam,36000,5.343432422,40,4,Wow enak bgt,TRUE,Tidak Ada,Selesai
ORD-2024-002205,1/3/2024 20:02,Martabak,24500,5.46218522,46,2,😠😠😠,FALSE,Tinggi,Dibatalkan
ORD-2024-002206,3/12/2024 11:37,Mie,25500,5.366878402,35,4,Nggg enak 😋,TRUE,Tidak Ada,Selesai
ORD-2024-002207,3/19/2024 17:28,Ayam,53000,0.5,17,5,Nggg enak 😋,FALSE,Tidak Ada,Selesai
ORD-2024-002208,2/5/2024 14:08,Mie,500,2.986054729,40,5,Makanan hangat sampai,FALSE,Tidak Ada,Selesai
ORD-2024-002209,1/19/2024 20:03,Ayam,61000,0.5,25,5,Akan order lg nih,FALSE,Tidak Ada,Dibatalkan
ORD-2024-002210,1/5/2024 14:37,Mie,21500,5.650886035,37,5,Top bgt kualitasnya,TRUE,Tidak Ada,Selesai
ORD-2024-002211,1/30/2024 13:16,Martabak,14000,3.850944668,12,5,Driver ramah,FALSE,Tinggi,Refund
ORD-2024-002212,2/15/2024 17:38,Mie,23500,2.272441046,5,4,Driver ramah,TRUE,Tidak Ada,Selesai
ORD-2024-002213,1/10/2024 17:32,Ayam,68000,3.934578647,32,,,FALSE,Tidak Ada,Selesai
ORD-2024-002214,2/11/2024 20:04,Mie,23500,0.5,20,5,Makanan hangat sampai,FALSE,Tidak Ada,Selesai
ORD-2024-002215,2/6/2024 13:38,Martabak,43000,2.256500204,13,4,Wow enak bgt,FALSE,Tinggi,Dibatalkan
ORD-2024-002216,2/22/2024 11:30,Ayam,58500,1.032869409,19,5,Cepat sampai,FALSE,Tidak Ada,Selesai
ORD-2024-002217,21/01/2024 19:59,Mie,28500,10.79376856,42,,,TRUE,Rendah,Selesai
ORD-2024-002218,1/4/2024 12:51,Ayam,49500,5.837207456,39,5,Mantap gan!,FALSE,Rendah,Selesai
ORD-2024-002219,3/6/2024 22:22,Mie,25500,3.964619168,27,5,Cepat sampai,FALSE,Rendah,Selesai
ORD-2024-002220,15/03/2024 12:24,Ayam,47000,8.142852361,47,4,Puas bgt,TRUE,Tidak Ada,Selesai
ORD-2024-002221,11/1/2024 7:36,Martabak,27500,1.277814648,17,5,Mantap gan!!!,FALSE,Tidak Ada,Selesai
ORD-2024-002222,3/21/2024 20:34,Kopi,19000,6.934269068,34,5,Sesuai pesanan,FALSE,Tidak Ada,Selesai
ORD-2024-002223,3/8/2024 19:30,Ayam,36000,1.180186761,14,3,Biasa saja,FALSE,Tidak Ada,Selesai
ORD-2024-002224,2/26/2024 12:53,Ayam,33500,3.959236682,37,1,Ayamnya keras,FALSE,Tinggi,Selesai
ORD-2024-002225,2/1/2024 13:14,Ayam,32500,,30,4,Wow enak bgt,TRUE,Tidak Ada,Dibatalkan
ORD-2024-002226,1/15/2024 14:46,Kopi,25000,0.5,18,5,Mantap gan!,TRUE,Tidak Ada,Selesai
ORD-2024-002227,1/11/2024 21:04,Ayam,60500,1.343832761,18,,,TRUE,Tidak Ada,Selesai
ORD-2024-002228,3/2/2024 20:50,Kopi,18000,0.5,20,5,Rekomendasi deh,FALSE,Tinggi,Selesai
ORD-2024-002229,1/17/2024 7:49,Ayam,34000,17.52088733,70,2,Lama bgt nunggunya,FALSE,Tinggi,Selesai
ORD-2024-002230,3/15/2024 19:16,Ayam,62000,0.5,8,5,Enak bgttt,FALSE,Tidak Ada,Selesai
ORD-2024-002231,10/2/2024 14:26,Martabak,29000,2.347974536,26,,,FALSE,Tidak Ada,Selesai
ORD-2024-002232,14/03/2024 18:57,Ayam,55000,4.689900055,27,4,Buruan order!11,TRUE,Tidak Ada,Selesai
ORD-2024-002233,1/2/2024 14:16,Mie,19000,0.674172909,17,4,Buruan order!11,FALSE,Tidak Ada,Selesai
ORD-2024-002234,1/3/2024 4:55,Mie,27000,1.991071955,23,5,Cepat sampai,FALSE,Tidak Ada,Selesai
ORD-2024-002235,4/1/2024 2:08,Martabak,27000,2.805111772,7,4,Puas bgt,FALSE,Tidak Ada,Selesai
ORD-2024-002236,2/19/2024 11:08,Kopi,13000,0.523791516,5,5,Sesuai pesanan,FALSE,Tidak Ada,Selesai
ORD-2024-002237,31/01/2024 03:21,Mie,31000,4.522749313,18,4,Buruan order!11,FALSE,Tidak Ada,Selesai
ORD-2024-002238,2/13/2024 21:06,Ayam,25500,1.067182424,9,,,FALSE,Tidak Ada,Selesai
ORD-2024-002239,2/15/2024 13:40,Ayam,61000,0.711054618,13,5,Buruan order!11,FALSE,Tinggi,Dibatalkan
ORD-2024-002240,2/25/2024 14:44,Ayam,63000,2.451296649,37,5,Akan order lg nih,FALSE,Tidak Ada,Selesai
ORD-2024-002241,16/03/2024 16:05,Martabak,23500,1.584493367,24,4,Nggg enak 😋,FALSE,Tidak Ada,Selesai
ORD-2024-002242,3/16/2024 20:24,Ayam,38000,,34,5,Mantap gan!!!,FALSE,Rendah,Selesai
ORD-2024-002243,3/6/2024 8:49,Kopi,15500,6.362358473,36,,,TRUE,Tinggi,Selesai
ORD-2024-002244,3/4/2024 14:18,Mie,28000,1.981172701,19,4,Makanan hangat sampai,FALSE,Tidak Ada,Selesai
ORD-2024-002245,23/01/2024 01:52,Mie,25000,1.335412235,17,4,Top bgt kualitasnya,TRUE,Tidak Ada,Selesai
ORD-2024-002246,1/27/2024 19:36,Kopi,18500,1.181430789,7,4,Buruan order!11,TRUE,Tidak Ada,Selesai
ORD-2024-002247,1/13/2024 12:07,Ayam,81000,0.934136398,5,5,Sesuai pesanan,TRUE,Tidak Ada,Selesai
ORD-2024-002248,2/26/2024 12:18,Mie,22500,2.359393876,28,5,Wow enak bgt,TRUE,Tidak Ada,Selesai
ORD-2024-002249,3/18/2024 7:42,Kopi,1490000,,25,4,Rekomendasi deh,TRUE,Rendah,Selesai
ORD-2024-002250,1/27/2024 21:48,Ayam,61000,1.11648245,21,4,Akan order lg nih,FALSE,Tidak Ada,Selesai
ORD-2024-002251,1/6/2024 17:34,Ayam,20000,0.632511595,30,4,Rekomendasi deh,FALSE,Tidak Ada,Selesai
ORD-2024-002252,3/3/2024 0:23,Mie,26000,1.935836931,14,4,Puas bgt,TRUE,Tidak Ada,Selesai
ORD-2024-002253,14/03/2024 20:33,Martabak,28000,0.5,12,4,Makanan hangat sampai,FALSE,Rendah,Selesai
ORD-2024-002254,7/2/2024 22:45,Mie,28500,3.624735816,35,4,Makasih ya,TRUE,Tidak Ada,Selesai
ORD-2024-002255,26/02/2024 15:16,Mie,20000,2.191664197,17,5,Makanan hangat sampai,TRUE,Tidak Ada,Selesai
ORD-2024-002256,2/5/2024 3:22,Kopi,15000,2.057768863,10,,,FALSE,Tidak Ada,Selesai
ORD-2024-002257,1/29/2024 10:10,Kopi,10500,1.071934209,19,4,Makanan hangat sampai,FALSE,Tidak Ada,Selesai
ORD-2024-002258,2/28/2024 21:43,Kopi,17500,7.051340347,35,5,Enak bgttt,TRUE,Tidak Ada,Selesai
ORD-2024-002259,29/03/2024 11:27,Ayam,28500,0.5,6,4,Buruan order!!11,TRUE,Tidak Ada,Selesai
ORD-2024-002260,3/7/2024 11:40,Kopi,18500,6.116603899,35,5,Driver ramah,TRUE,Tidak Ada,Selesai
ORD-2024-002261,1/18/2024 18:43,Martabak,24500,1.418207045,25,3,Standar lah,FALSE,Rendah,Selesai
ORD-2024-002262,1/20/2024 18:46,Martabak,6500,6.376419146,24,5,Top bgt kualitasnya,TRUE,Tidak Ada,Selesai
ORD-2024-002263,1/26/2024 17:33,Mie,31500,3.914269853,15,4,Makanan hangat sampai,FALSE,Tidak Ada,Selesai
ORD-2024-002264,1/28/2024 11:31,Kopi,18500,0.5,13,5,Mantap gan!,FALSE,Tidak Ada,Selesai
ORD-2024-002265,1/23/2024 13:39,Martabak,2096500,5.343104708,21,4,Driver ramah,FALSE,Tidak Ada,Selesai
ORD-2024-002266,31/01/2024 20:33,Martabak,40000,3.438780395,12,4,Driver ramah,FALSE,Tidak Ada,Selesai
ORD-2024-002267,2/8/2024 9:42,Kopi,18500,0.5,12,5,Mantap gan!!!,FALSE,Tidak Ada,Selesai
ORD-2024-002268,3/21/2024 19:34,Martabak,29000,0.5,24,5,Buruan order!11,FALSE,Tidak Ada,Selesai
ORD-2024-002269,1/29/2024 13:26,Ayam,75000,3.028740325,30,4,Top bgt kualitasnya,FALSE,Tidak Ada,Selesai
ORD-2024-002270,3/25/2024 18:29,Kopi,24500,3.259462798,23,4,Sesuai pesanan,TRUE,Tidak Ada,Selesai
ORD-2024-002271,14/02/2024 22:08,Ayam,49000,4.118967008,33,1,Bau gak tauu,FALSE,Tinggi,Selesai
ORD-2024-002272,3/3/2024 18:01,Kopi,18000,3.821527474,42,1,Gajadi orderan,TRUE,Tinggi,Selesai
ORD-2024-002273,1/28/2024 13:03,Kopi,500,3.232196277,28,,,FALSE,Rendah,Selesai
ORD-2024-002274,2/3/2024 13:25,Martabak,24500,4.360366898,24,,,TRUE,Tidak Ada,Selesai
ORD-2024-002275,2/21/2024 11:17,Mie,29500,2.567603374,36,5,Enak bgttt,TRUE,Tidak Ada,Selesai
ORD-2024-002276,2/13/2024 17:19,Martabak,16500,,30,,,TRUE,Tidak Ada,Selesai
ORD-2024-002277,3/14/2024 17:13,Martabak,35000,7.30412205,41,4,Nggg enak 😋,FALSE,Rendah,Selesai
ORD-2024-002278,3/19/2024 18:38,Kopi,17500,0.5,26,5,Nggg enak 😋,TRUE,Tidak Ada,Selesai
ORD-2024-002279,1/3/2024 2:49,Martabak,28000,1.369778132,8,5,Buruan order!11,TRUE,Tidak Ada,Selesai
ORD-2024-002280,2/15/2024 17:04,Ayam,24000,3.915473848,6,,,TRUE,Tidak Ada,Selesai
ORD-2024-002281,1/27/2024 18:10,Ayam,25500,1.671425767,9,5,Makasih ya,TRUE,Tidak Ada,Selesai
ORD-2024-002282,1/30/2024 12:58,Kopi,15000,0.5,16,5,Top bgt kualitasnya,FALSE,Rendah,Dibatalkan
ORD-2024-002283,28/01/2024 18:00,Kopi,11500,0.5,13,,,FALSE,Rendah,Selesai
ORD-2024-002284,3/8/2024 14:50,Ayam,46000,3.137809357,33,,,TRUE,Tidak Ada,Selesai
ORD-2024-002285,2/6/2024 12:40,Ayam,66500,10.04563828,34,3,OK,FALSE,Tinggi,Dibatalkan
ORD-2024-002286,1/5/2024 11:52,Ayam,47000,2.407973126,7,,,FALSE,Tidak Ada,Selesai
ORD-2024-002287,2/21/2024 13:55,Mie,24000,2.120264953,27,3,Standar lah,FALSE,Tidak Ada,Selesai
ORD-2024-002288,3/5/2024 23:26,Ayam,46500,,5,5,Nggg enak 😋,FALSE,Tidak Ada,Selesai
ORD-2024-002289,3/10/2024 18:06,Kopi,21000,0.889929001,13,5,Driver ramah,TRUE,Tidak Ada,Selesai
ORD-2024-002290,2/20/2024 13:50,Ayam,73000,0.5,14,5,Driver ramah,FALSE,Tidak Ada,Selesai
ORD-2024-002291,1/3/2024 14:12,Martabak,33000,0.956300169,9,,,FALSE,Tidak Ada,Selesai
ORD-2024-002292,3/24/2024 20:18,Ayam,54000,1.788662781,24,,,FALSE,Tidak Ada,Selesai
ORD-2024-002293,2/22/2024 20:18,Ayam,55500,0.661752175,5,4,Sesuai pesanan,FALSE,Rendah,Selesai
ORD-2024-002294,3/5/2024 11:31,Kopi,22500,0.5,31,,,TRUE,Tidak Ada,Selesai
ORD-2024-002295,2/17/2024 22:06,Ayam,59500,3.794650991,19,4,Wow enak bgt,TRUE,Tidak Ada,Selesai
ORD-2024-002296,1/4/2024 18:28,Ayam,77000,6.750554903,35,5,Buruan order!11,FALSE,Tidak Ada,Selesai
ORD-2024-002297,1/14/2024 19:09,Ayam,3267000,8.28302742,68,2,Makanannya dingin,TRUE,Rendah,Dibatalkan
ORD-2024-002298,11/1/2024 12:13,Ayam,44500,2.886994026,9,4,Puas bgt,FALSE,Tidak Ada,Selesai
ORD-2024-002299,16/03/2024 12:25,Ayam,65000,0.5,5,1,Buruk skli layanannya,FALSE,Tinggi,Selesai
ORD-2024-002300,3/7/2024 18:48,Ayam,36000,4.051190915,40,4,Cepat sampai,FALSE,Tidak Ada,Selesai
ORD-2024-002301,4/3/2024 13:47,Mie,28000,0.5,5,5,Rekomendasi deh,TRUE,Tidak Ada,Selesai
ORD-2024-002302,1/5/2024 14:55,Kopi,16500,3.323698908,29,4,Nggg enak 😋,TRUE,Tidak Ada,Selesai
ORD-2024-002303,1/27/2024 15:34,Kopi,19000,4.533747943,19,4,Enak bgt!!!,TRUE,Rendah,Selesai
ORD-2024-002304,3/24/2024 14:45,Ayam,7941500,3.882400615,10,,,TRUE,Tidak Ada,Selesai
ORD-2024-002305,1/11/2024 13:44,Mie,24500,9.10240944,50,,,TRUE,Tidak Ada,Selesai
ORD-2024-002306,1/2/2024 11:10,Kopi,19500,,32,,,TRUE,Tidak Ada,Selesai
ORD-2024-002307,1/15/2024 14:31,Ayam,41000,3.544773243,25,,,TRUE,Tidak Ada,Selesai
ORD-2024-002308,3/8/2024 21:26,Martabak,36000,0.910390529,35,5,Rekomendasi deh,TRUE,Tidak Ada,Selesai
ORD-2024-002309,16/01/2024 19:46,Ayam,49500,7.761563193,33,5,Top bgt kualitasnya,FALSE,Tidak Ada,Selesai
ORD-2024-002310,2/4/2024 21:56,Ayam,79000,0.593684515,22,5,Sesuai pesanan,FALSE,Tidak Ada,Selesai
ORD-2024-002311,22/01/2024 12:51,Kopi,15000,7.058372037,41,4,Driver ramah,TRUE,Tidak Ada,Selesai
ORD-2024-002312,2/17/2024 19:30,Mie,15000,1.124789712,25,,,TRUE,Tidak Ada,Selesai
ORD-2024-002313,2/12/2024 23:54,Kopi,15500,0.5,7,,,FALSE,Tidak Ada,Selesai
ORD-2024-002314,3/8/2024 15:00,Martabak,27500,5.257899446,15,,,TRUE,Tinggi,Refund
ORD-2024-002315,1/20/2024 17:19,Mie,16500,0.5,7,4,Cepat sampai,FALSE,Tidak Ada,Selesai
ORD-2024-002316,3/29/2024 14:21,Ayam,61500,5.352951415,31,4,Top bgt kualitasnya,FALSE,Tidak Ada,Selesai
ORD-2024-002317,2/29/2024 17:22,Ayam,75500,0.912702282,22,5,Makasih ya,TRUE,Tidak Ada,Selesai
ORD-2024-002318,1/29/2024 11:59,Kopi,11500,6.481207104,35,4,Cepat sampai,FALSE,Tidak Ada,Dibatalkan
ORD-2024-002319,2/24/2024 19:23,Kopi,20500,3.527897872,27,5,Driver ramah,FALSE,Rendah,Selesai
ORD-2024-002320,2/2/2024 18:04,Kopi,14000,3.291490012,40,5,Makanan hangat sampai,FALSE,Tidak Ada,Selesai
ORD-2024-002321,1/28/2024 13:36,Mie,26000,1.363900968,17,5,Cepat sampai,TRUE,Tidak Ada,Selesai
ORD-2024-002322,3/7/2024 20:21,Martabak,29000,0.5,9,4,Mantap gan!!,FALSE,Rendah,Selesai
ORD-2024-002323,3/16/2024 21:42,Martabak,30000,5.317160772,35,,,FALSE,Tidak Ada,Selesai
ORD-2024-002324,22/01/2024 12:13,Ayam,59500,0.562257244,5,5,Makanan hangat sampai,FALSE,Tidak Ada,Selesai
ORD-2024-002325,3/19/2024 12:30,Mie,19000,1.396881142,5,4,Wow enak bgt,FALSE,Tinggi,Selesai
ORD-2024-002326,10/1/2024 1:08,Mie,35000,2.751533517,17,,,FALSE,Tidak Ada,Selesai
ORD-2024-002327,2/24/2024 10:19,Mie,29500,1.974809999,8,3,Lumayan,FALSE,Tidak Ada,Selesai
ORD-2024-002328,1/31/2024 20:49,Ayam,65500,0.664412236,9,4,Mantap gan!,TRUE,Rendah,Selesai
ORD-2024-002329,15/02/2024 13:33,Martabak,24000,,23,5,Driver ramah,FALSE,Tidak Ada,Selesai
ORD-2024-002330,1/28/2024 20:53,Ayam,33000,0.5,19,5,Makasih ya,FALSE,Rendah,Selesai
ORD-2024-002331,2/25/2024 20:44,Ayam,71500,5.963495652,33,4,Makanan hangat sampai,FALSE,Tidak Ada,Selesai
ORD-2024-002332,1/16/2024 20:41,Ayam,32000,0.5,15,5,Puas bgt,FALSE,Rendah,Selesai
ORD-2024-002333,2/16/2024 21:22,Martabak,31000,11.31864371,49,4,Wow enak bgt,FALSE,Tidak Ada,Selesai
ORD-2024-002334,3/19/2024 18:24,Martabak,37500,0.66391831,23,5,Wow enak bgt,FALSE,Tidak Ada,Refund
ORD-2024-002335,1/2/2024 13:33,Ayam,49500,0.5,21,,,TRUE,Tidak Ada,Selesai
ORD-2024-002336,2/9/2024 13:58,Kopi,21500,,31,4,Sesuai pesanan,FALSE,Tidak Ada,Selesai
ORD-2024-002337,1/2/2024 17:41,Kopi,15500,0.5,23,4,Mantap gan!!,TRUE,Tidak Ada,Selesai
ORD-2024-002338,2/20/2024 13:17,Kopi,11000,2.767328325,22,5,Cepat sampai,FALSE,Tidak Ada,Selesai
ORD-2024-002339,14/03/2024 22:59,Ayam,58000,5.703919103,22,5,Buruan order!11,FALSE,Rendah,Selesai
ORD-2024-002340,21/03/2024 18:30,Kopi,17500,0.5,12,,,FALSE,Tidak Ada,Selesai
ORD-2024-002341,3/10/2024 1:23,Martabak,50000,4.826343452,25,3,Standar lah,FALSE,Tinggi,Selesai
ORD-2024-002342,1/20/2024 5:55,Ayam,35500,1.50499038,9,5,Akan order lg nih,FALSE,Rendah,Selesai
ORD-2024-002343,2/23/2024 3:03,Ayam,47500,0.521241548,25,4,Makanan hangat sampai,TRUE,Tidak Ada,Selesai
ORD-2024-002344,1/8/2024 13:54,Kopi,13500,0.581105531,30,4,Wow enak bgt,FALSE,Rendah,Selesai
ORD-2024-002345,1/3/2024 13:57,Mie,25000,7.531210419,38,3,Standar lah,FALSE,Tidak Ada,Selesai
ORD-2024-002346,16/03/2024 11:33,Martabak,28500,0.5,24,1,Kecewa bgt,FALSE,Tinggi,Selesai
ORD-2024-002347,21/02/2024 17:04,Martabak,23500,6.04732291,39,,,FALSE,Tidak Ada,Selesai
ORD-2024-002348,3/5/2024 13:05,Kopi,18500,2.357397189,16,4,Cepat sampai,FALSE,Tidak Ada,Selesai
ORD-2024-002349,2/5/2024 21:26,Kopi,15500,0.5,18,5,Driver ramah,TRUE,Rendah,Selesai
ORD-2024-002350,1/1/2024 13:07,Ayam,74000,1.873529533,11,5,Cepat sampai,FALSE,Tidak Ada,Selesai
ORD-2024-002351,30/03/2024 14:05,Martabak,25000,5.102185534,22,,,TRUE,Tidak Ada,Refund
ORD-2024-002352,1/24/2024 5:20,Mie,39000,3.886102642,25,4,Driver ramah,TRUE,Tidak Ada,Selesai
ORD-2024-002353,1/3/2024 0:13,Martabak,32000,2.012879947,20,4,Rekomendasi deh,FALSE,Tidak Ada,Selesai
ORD-2024-002354,1/11/2024 7:19,Mie,35000,5.89940761,49,3,Yaudah minum teh,FALSE,Rendah,Selesai
ORD-2024-002355,1/25/2024 23:08,Martabak,31000,0.5,10,5,Top bgt kualitasnya,TRUE,Tidak Ada,Selesai
ORD-2024-002356,2/6/2024 12:36,Ayam,38500,7.221872582,33,4,Cepat sampai,FALSE,Tidak Ada,Selesai
ORD-2024-002357,1/25/2024 12:11,Mie,24000,5.621015336,41,2,Gak sesuai foto,FALSE,Tinggi,Refund
ORD-2024-002358,2/26/2024 14:22,Ayam,28500,3.695849878,25,,,FALSE,Tidak Ada,Selesai
ORD-2024-002359,3/23/2024 18:02,Kopi,1587000,5.109395942,24,,,FALSE,Tidak Ada,Selesai
ORD-2024-002360,1/20/2024 18:44,Ayam,49500,2.354573883,15,4,Rekomendasi deh,TRUE,Tidak Ada,Dibatalkan
ORD-2024-002361,28/03/2024 06:21,Ayam,51000,3.37329001,19,3,Biasa saja,FALSE,Tinggi,Dibatalkan
ORD-2024-002362,3/11/2024 8:05,Kopi,18000,2.467022185,26,5,Makasih ya,FALSE,Tidak Ada,Selesai
ORD-2024-002363,2/3/2024 13:02,Ayam,6980000,1.317508714,21,4,Makasih ya,FALSE,Tidak Ada,Selesai
ORD-2024-002364,3/25/2024 20:08,Kopi,8500,2.523972795,13,4,Wow enak bgt,FALSE,Tidak Ada,Selesai
ORD-2024-002365,2/17/2024 21:57,Kopi,31500,0.893057158,33,5,Puas bgt,TRUE,Tidak Ada,Selesai
ORD-2024-002366,1/14/2024 17:10,Ayam,40000,,10,,,TRUE,Tinggi,Refund
ORD-2024-002367,2/13/2024 17:11,Ayam,67500,0.988744805,8,5,Wow enak bgt,TRUE,Rendah,Selesai
ORD-2024-002368,1/21/2024 18:48,Kopi,10000,0.5,25,,,FALSE,Tidak Ada,Selesai
ORD-2024-002369,3/19/2024 21:44,Ayam,1000,1.16521278,31,4,Akan order lg nih,FALSE,Tidak Ada,Selesai
ORD-2024-002370,3/1/2024 8:46,Martabak,32000,5.731369936,30,5,Puas bgt,FALSE,Tidak Ada,Selesai
ORD-2024-002371,2/3/2024 9:02,Martabak,39500,1.439341502,5,,,TRUE,Tidak Ada,Selesai
ORD-2024-002372,5/3/2024 14:49,Mie,25500,4.135022015,28,4,Mantap gan!,FALSE,Tidak Ada,Selesai
ORD-2024-002373,21/02/2024 18:32,Martabak,28500,0.577835234,5,3,Gapapa,FALSE,Rendah,Selesai
ORD-2024-002374,3/17/2024 16:12,Kopi,20500,,35,5,Mantap gan!,TRUE,Tinggi,Dibatalkan
ORD-2024-002375,1/17/2024 1:05,Martabak,33000,0.5,14,5,Cepat sampai,FALSE,Rendah,Selesai
ORD-2024-002376,1/19/2024 14:25,Ayam,32500,0.5,21,4,Sesuai pesanan,TRUE,Rendah,Selesai
ORD-2024-002377,3/25/2024 12:19,Ayam,50500,,19,3,Biasa saja,TRUE,Rendah,Selesai
ORD-2024-002378,1/31/2024 13:05,Martabak,27500,2.805517254,39,5,Akan order lg nih,TRUE,Tidak Ada,Selesai
ORD-2024-002379,3/28/2024 19:00,Kopi,9000,0.719999117,10,5,Makanan hangat sampai,FALSE,Tidak Ada,Selesai
ORD-2024-002380,13/01/2024 20:44,Martabak,25000,1.929776826,11,5,Wow enak bgt,TRUE,Tidak Ada,Selesai
ORD-2024-002381,3/26/2024 20:45,Mie,24500,5.970034948,36,5,Enak bgttt,FALSE,Rendah,Selesai
ORD-2024-002382,1/13/2024 19:48,Mie,25000,0.574213477,23,4,Top bgt kualitasnya,FALSE,Rendah,Selesai
ORD-2024-002383,2/11/2024 21:46,Mie,15500,0.5,34,5,Makasih ya,FALSE,Tidak Ada,Selesai
ORD-2024-002384,2/20/2024 19:31,Kopi,21500,3.166616507,39,3,OK,TRUE,Rendah,Selesai
ORD-2024-002385,3/16/2024 12:49,Ayam,50000,0.5,25,,,FALSE,Tidak Ada,Selesai
ORD-2024-002386,2/13/2024 17:39,Kopi,16500,11.72711817,48,3,Biasa saja,FALSE,Rendah,Selesai
ORD-2024-002387,1/10/2024 18:31,Kopi,18000,2.821906147,15,5,Driver ramah,FALSE,Tidak Ada,Selesai
ORD-2024-002388,2/8/2024 19:24,Martabak,24000,1.906879163,10,,,FALSE,Rendah,Selesai
ORD-2024-002389,1/20/2024 14:43,Martabak,33500,1.686317492,17,,,TRUE,Tidak Ada,Selesai
ORD-2024-002390,2/3/2024 13:11,Martabak,27000,2.553410268,5,5,Cepat sampai,FALSE,Tinggi,Dibatalkan
ORD-2024-002391,3/7/2024 14:51,Kopi,12500,0.5,27,5,Akan order lg nih,FALSE,Tidak Ada,Selesai
ORD-2024-002392,1/13/2024 12:51,Ayam,61000,7.978597029,31,,,FALSE,Tidak Ada,Selesai
ORD-2024-002393,2/10/2024 14:43,Kopi,23000,2.94762871,12,4,Cepat sampai,TRUE,Tidak Ada,Selesai
ORD-2024-002394,3/24/2024 12:27,Ayam,63500,0.60994372,10,,,TRUE,Rendah,Selesai
ORD-2024-002395,24/02/2024 11:38,Mie,32500,2.480591568,8,5,Makanan hangat sampai,TRUE,Tidak Ada,Selesai
ORD-2024-002396,27/02/2024 20:45,Ayam,43000,0.5,20,4,Cepat sampai,FALSE,Rendah,Selesai
ORD-2024-002397,2/16/2024 12:27,Ayam,24500,0.5,5,2,Lama org kerjanyaa,TRUE,Tinggi,Dibatalkan
ORD-2024-002398,3/27/2024 11:21,Ayam,76500,2.986951523,28,5,Puas bgt,TRUE,Rendah,Selesai
ORD-2024-002399,2/3/2024 14:27,Martabak,45500,3.136494532,32,4,Wow enak bgt,FALSE,Tidak Ada,Selesai
ORD-2024-002400,1/6/2024 14:29,Martabak,41500,2.629022749,16,,,FALSE,Tidak Ada,Selesai
ORD-2024-002401,3/17/2024 8:27,Ayam,1549000,0.608123389,6,,,FALSE,Tidak Ada,Selesai
ORD-2024-002402,1/4/2024 18:18,Ayam,23000,2.774707056,14,,,FALSE,Tidak Ada,Selesai
ORD-2024-002403,2/27/2024 11:38,Kopi,12000,0.5,5,,,FALSE,Tidak Ada,Selesai
ORD-2024-002404,1/5/2024 20:15,Ayam,75500,2.81897253,18,4,Nggg enak 😋,FALSE,Tidak Ada,Dibatalkan
ORD-2024-002405,1/13/2024 12:40,Martabak,26000,2.422423461,21,,,TRUE,Tinggi,Selesai
ORD-2024-002406,2/5/2024 14:44,Martabak,35500,3.194849325,10,5,Cepat sampai,FALSE,Tidak Ada,Selesai
ORD-2024-002407,3/8/2024 17:04,Kopi,16500,6.775004391,30,4,Top bgt kualitasnya,TRUE,Tidak Ada,Selesai
ORD-2024-002408,19/01/2024 17:24,Ayam,40000,5.698530622,34,,,TRUE,Tinggi,Dibatalkan
ORD-2024-002409,1/11/2024 13:27,Mie,14500,11.8358385,55,3,Standar lah,TRUE,Tinggi,Selesai
ORD-2024-002410,2/2/2024 23:56,Kopi,17500,11.21938578,22,,,FALSE,Rendah,Selesai
ORD-2024-002411,25/02/2024 06:36,Martabak,41000,4.439438394,28,5,Akan order lg nih,FALSE,Tidak Ada,Selesai
ORD-2024-002412,3/19/2024 18:44,Ayam,40500,9.39944484,58,3,Yaudah minum teh,FALSE,Rendah,Refund
ORD-2024-002413,3/14/2024 20:17,Kopi,17000,6.058628737,28,5,Akan order lg nih,FALSE,Tidak Ada,Selesai
ORD-2024-002414,24/01/2024 11:38,Ayam,26000,3.901257837,9,,,TRUE,Tidak Ada,Selesai
ORD-2024-002415,3/27/2024 11:26,Kopi,13500,0.5,6,5,Cepat sampai,TRUE,Tidak Ada,Selesai
ORD-2024-002416,2/23/2024 8:17,Mie,28500,0.5,5,2,Kecewa bgt,FALSE,Tinggi,Dibatalkan
ORD-2024-002417,3/22/2024 12:14,Kopi,19500,5.453070564,43,2,Lama org kerjanyaa,TRUE,Tinggi,Selesai
ORD-2024-002418,1/29/2024 13:46,Ayam,61000,2.018009977,9,5,Rekomendasi deh,TRUE,Tidak Ada,Selesai
ORD-2024-002419,2/28/2024 21:21,Ayam,17500,5.055827041,27,,,FALSE,Rendah,Selesai
ORD-2024-002420,12/3/2024 13:20,Kopi,14500,1.125906085,32,3,Gapapa,FALSE,Rendah,Selesai
ORD-2024-002421,1/20/2024 20:13,Ayam,35500,,19,4,Cepat sampai,TRUE,Tidak Ada,Selesai
ORD-2024-002422,27/03/2024 20:02,Ayam,46500,3.613786204,27,5,Enak bgt!!,FALSE,Tidak Ada,Selesai
ORD-2024-002423,1/11/2024 21:22,Martabak,29000,7.40686618,38,1,Bau gak tauu,FALSE,Tinggi,Selesai
ORD-2024-002424,3/8/2024 19:48,Kopi,21000,0.5,23,4,Makanan hangat sampai,TRUE,Tidak Ada,Selesai
ORD-2024-002425,2/29/2024 12:39,Ayam,56500,5.930181496,37,,,FALSE,Rendah,Selesai
ORD-2024-002426,2/23/2024 0:48,Mie,36000,4.725293881,39,4,Enak bgttt,TRUE,Tidak Ada,Selesai
ORD-2024-002427,3/3/2024 12:58,Ayam,40000,1.137372022,35,3,OK,TRUE,Rendah,Selesai
ORD-2024-002428,3/18/2024 3:06,Mie,16000,1.316522563,16,5,Makasih ya,TRUE,Rendah,Selesai
ORD-2024-002429,1/15/2024 18:55,Ayam,76000,0.5,13,5,Cepat sampai,FALSE,Tidak Ada,Selesai
ORD-2024-002430,2/21/2024 19:48,Mie,29000,0.5,15,5,Makanan hangat sampai,FALSE,Tidak Ada,Selesai
ORD-2024-002431,3/17/2024 13:40,Martabak,24500,1.944556587,14,5,Akan order lg nih,FALSE,Tidak Ada,Selesai
ORD-2024-002432,3/28/2024 20:20,Mie,29000,0.5,15,,,TRUE,Tidak Ada,Selesai
ORD-2024-002433,2/20/2024 14:31,Mie,32000,0.647021363,5,5,Top bgt kualitasnya,TRUE,Tidak Ada,Selesai
ORD-2024-002434,2/27/2024 12:25,Ayam,53500,5.627390827,25,4,Buruan order!11,FALSE,Tidak Ada,Dibatalkan
ORD-2024-002435,12/2/2024 20:11,Mie,21000,2.539093627,29,,,FALSE,Tidak Ada,Selesai
ORD-2024-002436,2/19/2024 20:26,Kopi,14500,3.012354539,28,3,Gapapa,FALSE,Rendah,Selesai
ORD-2024-002437,1/4/2024 18:39,Kopi,17500,0.622841778,13,5,Top bgt kualitasnya,TRUE,Tidak Ada,Dibatalkan
ORD-2024-002438,1/11/2024 20:01,Ayam,55000,5.292347772,35,5,Sesuai pesanan,FALSE,Rendah,Dibatalkan
ORD-2024-002439,22/01/2024 20:43,Kopi,21500,6.074400387,48,5,Akan order lg nih,FALSE,Tidak Ada,Selesai
ORD-2024-002440,1/3/2024 20:24,Ayam,1000,2.22277741,16,5,Puas bgt,TRUE,Tidak Ada,Selesai
ORD-2024-002441,1/25/2024 5:29,Kopi,21000,7.310330861,20,5,Akan order lg nih,FALSE,Rendah,Selesai
ORD-2024-002442,1/31/2024 12:20,Kopi,15000,5.589675382,38,3,Standar lah,FALSE,Rendah,Selesai
ORD-2024-002443,1/4/2024 14:29,Martabak,30000,3.942749232,31,5,Nggg enak 😋,TRUE,Tidak Ada,Selesai
ORD-2024-002444,2/26/2024 5:29,Mie,32500,3.973633225,28,4,Makanan hangat sampai,FALSE,Tidak Ada,Selesai
ORD-2024-002445,3/18/2024 5:15,Kopi,23500,0.5,5,,,FALSE,Tidak Ada,Selesai
ORD-2024-002446,1/9/2024 11:43,Ayam,63500,0.947569975,5,4,Nggg enak 😋,TRUE,Tidak Ada,Selesai
ORD-2024-002447,3/7/2024 12:04,Ayam,50000,0.5,16,2,Gajadi orderan,TRUE,Rendah,Selesai
ORD-2024-002448,2/3/2024 17:07,Ayam,74500,0.5,16,,,FALSE,Tidak Ada,Selesai
ORD-2024-002449,3/23/2024 22:01,Ayam,15000,0.51702884,9,5,Top bgt kualitasnya,TRUE,Tinggi,Selesai
ORD-2024-002450,1/8/2024 14:53,Ayam,27500,6.372994966,49,,,FALSE,Rendah,Selesai
ORD-2024-002451,1/6/2024 21:40,Ayam,63000,0.822813443,15,4,Rekomendasi deh,FALSE,Tidak Ada,Selesai
ORD-2024-002452,1/16/2024 13:48,Mie,26000,10.53510959,62,4,Puas bgt,FALSE,Rendah,Selesai
ORD-2024-002453,1/15/2024 11:26,Kopi,500,2.728623183,30,4,Puas bgt,FALSE,Tidak Ada,Selesai
ORD-2024-002454,2/1/2024 6:16,Ayam,65500,0.812508249,5,,,TRUE,Tidak Ada,Selesai
ORD-2024-002455,3/29/2024 14:48,Kopi,19000,2.062275568,11,5,Enak bgttt,FALSE,Rendah,Selesai
ORD-2024-002456,2/13/2024 14:21,Ayam,67500,0.741904645,5,,,TRUE,Tidak Ada,Selesai
ORD-2024-002457,2/3/2024 21:02,Kopi,23500,12.40054592,61,2,Driver gak ramah,TRUE,Rendah,Dibatalkan
ORD-2024-002458,3/7/2024 12:56,Martabak,38000,5.63715234,33,5,Akan order lg nih,FALSE,Tidak Ada,Selesai
ORD-2024-002459,2/7/2024 12:36,Kopi,17500,,27,5,Buruan order!11,FALSE,Rendah,Selesai
ORD-2024-002460,2/26/2024 4:47,Kopi,16000,8.856641167,41,,,FALSE,Tinggi,Selesai
ORD-2024-002461,1/19/2024 20:16,Mie,27000,3.830330652,13,5,Buruan order!11,FALSE,Tidak Ada,Selesai
ORD-2024-002462,1/28/2024 18:37,Mie,24000,0.5,9,1,Driver gak ramah,FALSE,Rendah,Selesai
ORD-2024-002463,3/6/2024 16:25,Martabak,38500,3.331791177,5,5,Makanan hangat sampai,FALSE,Tidak Ada,Selesai
ORD-2024-002464,22/01/2024 20:09,Kopi,19000,3.123238767,26,5,Nggg enak 😋,TRUE,Tidak Ada,Selesai
ORD-2024-002465,2/10/2024 20:55,Martabak,27000,0.740729021,41,3,Lumayan,FALSE,Tidak Ada,Selesai
ORD-2024-002466,22/01/2024 15:11,Ayam,3769000,4.261995379,24,,,TRUE,Tidak Ada,Selesai
ORD-2024-002467,1/2/2024 2:21,Kopi,14000,0.5,13,4,Makanan hangat sampai,TRUE,Tidak Ada,Dibatalkan
ORD-2024-002468,1/29/2024 11:41,Ayam,65000,2.016771794,19,4,Enak bgt!!,TRUE,Tidak Ada,Selesai
ORD-2024-002469,28/02/2024 17:53,Kopi,16500,0.5,17,2,Lama bgt nunggunya,TRUE,Tinggi,Dibatalkan
ORD-2024-002470,3/8/2024 23:12,Kopi,15500,10.39600688,40,4,Driver ramah,FALSE,Tidak Ada,Selesai
ORD-2024-002471,2/21/2024 19:32,Ayam,55500,4.177705589,33,4,Makasih ya,FALSE,Tidak Ada,Selesai
ORD-2024-002472,9/3/2024 17:55,Mie,23500,0.518963232,6,4,Wow enak bgt,FALSE,Rendah,Selesai
ORD-2024-002473,1/8/2024 21:15,Mie,23000,1.254165271,9,,,FALSE,Tidak Ada,Selesai
ORD-2024-002474,1/24/2024 20:54,Martabak,17000,0.525069326,5,,,FALSE,Rendah,Dibatalkan
ORD-2024-002475,2/28/2024 13:35,Kopi,15500,4.36522916,27,4,Puas bgt,FALSE,Tidak Ada,Selesai
ORD-2024-002476,1/25/2024 2:57,Mie,22500,0.5,5,5,Nggg enak 😋,FALSE,Tidak Ada,Selesai
ORD-2024-002477,2/8/2024 12:15,Ayam,43000,5.505378889,46,4,Sesuai pesanan,TRUE,Tinggi,Selesai
ORD-2024-002478,3/2/2024 21:56,Martabak,33000,8.55210949,39,4,Top bgt kualitasnya,TRUE,Tidak Ada,Selesai
ORD-2024-002479,3/22/2024 14:07,Ayam,62500,3.386855216,5,5,Top bgt kualitasnya,FALSE,Tidak Ada,Selesai
ORD-2024-002480,1/26/2024 12:38,Martabak,31500,0.718449392,5,2,"Narik duit banyak😡",FALSE,Tinggi,Selesai
ORD-2024-002481,1/2/2024 17:46,Ayam,68000,1.339283662,18,5,Mantap gan!!!,TRUE,Rendah,Selesai
ORD-2024-002482,3/23/2024 14:00,Mie,30000,1.945897715,25,5,Puas bgt,FALSE,Tidak Ada,Selesai
ORD-2024-002483,3/17/2024 12:21,Mie,24000,2.783760064,25,,,FALSE,Tinggi,Refund
ORD-2024-002484,2/6/2024 9:16,Ayam,43500,3.313858697,13,4,Top bgt kualitasnya,TRUE,Tidak Ada,Selesai
ORD-2024-002485,2/13/2024 13:40,Kopi,18000,,15,5,Makasih ya,FALSE,Tidak Ada,Selesai
ORD-2024-002486,1/24/2024 19:57,Mie,30000,1.298419136,10,4,Puas bgt,FALSE,Tidak Ada,Selesai
ORD-2024-002487,1/21/2024 14:43,Kopi,22500,6.646946372,41,,,TRUE,Tinggi,Selesai
ORD-2024-002488,2/26/2024 12:12,Mie,34500,,15,5,Nggg enak 😋,FALSE,Tidak Ada,Selesai
ORD-2024-002489,1/30/2024 13:20,Kopi,14000,1.883517172,14,,,FALSE,Tidak Ada,Selesai
ORD-2024-002490,1/14/2024 19:13,Kopi,16000,4.482505279,22,4,Wow enak bgt,FALSE,Tidak Ada,Selesai
ORD-2024-002491,11/2/2024 14:50,Ayam,62500,0.5,9,,,TRUE,Rendah,Selesai
ORD-2024-002492,3/19/2024 10:33,Ayam,69500,3.665750691,21,5,Buruan order!11,FALSE,Tidak Ada,Selesai
ORD-2024-002493,2/23/2024 8:14,Martabak,37000,5.139592843,36,,,TRUE,Tinggi,Dibatalkan
ORD-2024-002494,2/8/2024 19:21,Kopi,16000,3.243772953,25,4,Top bgt kualitasnya,TRUE,Tidak Ada,Selesai
ORD-2024-002495,2/10/2024 20:36,Kopi,11000,0.5,11,,,FALSE,Tidak Ada,Selesai
ORD-2024-002496,1/1/2024 12:03,Kopi,12500,0.595854177,10,,,FALSE,Tidak Ada,Selesai
ORD-2024-002497,1/18/2024 8:01,Kopi,17500,1.256166645,27,5,Buruan order!!!11,FALSE,Tidak Ada,Selesai
ORD-2024-002498,1/27/2024 8:18,Mie,28500,0.798505614,19,4,Buruan order!11,FALSE,Tidak Ada,Selesai
ORD-2024-002499,2/11/2024 20:20,Mie,18500,9.862439013,57,3,Biasa saja,FALSE,Rendah,Selesai
ORD-2024-002500,26/01/2024 19:32,Kopi,16500,3.163159698,31,,,FALSE,Tidak Ada,Selesai
ORD-2024-002501,1/14/2024 12:20,Mie,30500,1.057071227,15,5,Mantap gan!,TRUE,Tidak Ada,Selesai
ORD-2024-002502,3/16/2024 17:49,Martabak,21500,7.9648437,52,4,Sesuai pesanan,FALSE,Tidak Ada,Selesai
ORD-2024-002503,3/3/2024 14:03,Kopi,21000,4.048084938,12,5,Akan order lg nih,FALSE,Tidak Ada,Selesai
ORD-2024-002504,2/13/2024 13:28,Mie,23500,1.004770599,31,5,Enak bgttt,TRUE,Tidak Ada,Selesai
ORD-2024-002505,3/1/2024 11:20,Ayam,72500,1.428700517,24,3,Yaudah minum teh,TRUE,Tidak Ada,Selesai
ORD-2024-002506,1/20/2024 18:19,Ayam,42500,0.667289637,19,5,Wow enak bgt,FALSE,Rendah,Refund
ORD-2024-002507,1/12/2024 19:36,Mie,19000,10.62904312,43,3,Lumayan,TRUE,Rendah,Dibatalkan
ORD-2024-002508,2/3/2024 19:44,Kopi,14500,2.185058031,29,5,Sesuai pesanan,TRUE,Tidak Ada,Selesai
ORD-2024-002509,1/9/2024 22:45,Mie,25500,6.791728802,40,5,Nggg enak 😋,FALSE,Tidak Ada,Selesai
ORD-2024-002510,2/16/2024 14:47,Mie,23500,1.276237187,10,,,FALSE,Tidak Ada,Selesai
ORD-2024-002511,2/11/2024 20:23,Ayam,48000,5.916427346,27,5,Makasih ya,TRUE,Tidak Ada,Selesai
ORD-2024-002512,2/3/2024 11:08,Mie,28500,0.5,5,5,Nggg enak 😋,FALSE,Tidak Ada,Selesai
ORD-2024-002513,24/02/2024 20:51,Kopi,16000,12.06724138,61,1,Bau gak tauu,FALSE,Tinggi,Selesai
ORD-2024-002514,1/8/2024 16:23,Kopi,16000,7.292427226,31,5,Enak bgt!!,FALSE,Rendah,Selesai
ORD-2024-002515,1/5/2024 10:50,Martabak,4137500,,31,,,FALSE,Tidak Ada,Selesai
ORD-2024-002516,3/14/2024 11:47,Mie,27000,4.471262453,13,5,Makanan hangat sampai,FALSE,Tidak Ada,Selesai
ORD-2024-002517,3/12/2024 17:10,Ayam,33000,4.1861013,19,,,FALSE,Rendah,Selesai
ORD-2024-002518,12/1/2024 20:39,Kopi,15500,6.945637364,37,4,Driver ramah,FALSE,Tidak Ada,Selesai
ORD-2024-002519,1/10/2024 13:52,Martabak,29000,,22,5,Makanan hangat sampai,TRUE,Tidak Ada,Selesai
ORD-2024-002520,1/20/2024 2:11,Martabak,310000,,21,5,Buruan order!11,TRUE,Tidak Ada,Selesai
ORD-2024-002521,2/28/2024 20:56,Martabak,29500,6.007432893,34,5,Top bgt kualitasnya,FALSE,Tidak Ada,Selesai
ORD-2024-002522,2/7/2024 14:01,Ayam,78500,4.52307439,32,,,FALSE,Tidak Ada,Selesai
ORD-2024-002523,2/24/2024 12:37,Ayam,36000,1.499987033,19,3,Gapapa,TRUE,Rendah,Selesai
ORD-2024-002524,3/9/2024 18:49,Kopi,9000,5.607060193,42,5,Cepat sampai,TRUE,Rendah,Selesai
ORD-2024-002525,2/15/2024 22:55,Mie,30500,0.5,7,3,Yaudah minum teh,FALSE,Rendah,Selesai
ORD-2024-002526,1/19/2024 12:06,Ayam,57500,4.570417913,24,5,Nggg enak 😋,FALSE,Rendah,Selesai
ORD-2024-002527,1/6/2024 17:22,Ayam,2832500,0.694910525,21,3,Gapapa,TRUE,Rendah,Selesai
ORD-2024-002528,2/10/2024 21:13,Mie,36000,1.011125009,31,,,FALSE,Rendah,Selesai
ORD-2024-002529,2/24/2024 7:59,Ayam,26000,2.039004359,11,4,Buruan order!11,TRUE,Rendah,Selesai
ORD-2024-002530,15/02/2024 14:07,Mie,2524500,1.792063176,21,5,Wow enak bgt,FALSE,Tidak Ada,Selesai
ORD-2024-002531,1/4/2024 18:24,Martabak,11500,2.205472811,16,5,Rekomendasi deh,FALSE,Tidak Ada,Selesai
ORD-2024-002532,2/21/2024 14:37,Mie,23000,2.360894356,26,5,Wow enak bgt,FALSE,Tidak Ada,Selesai
ORD-2024-002533,1/23/2024 21:46,Ayam,79500,,5,4,Rekomendasi deh,TRUE,Tidak Ada,Selesai
ORD-2024-002534,1/27/2024 14:47,Ayam,43500,,11,2,Lama org kerjanyaa,FALSE,Rendah,Dibatalkan
ORD-2024-002535,2/10/2024 18:05,Martabak,26500,4.389282977,22,5,Akan order lg nih,TRUE,Rendah,Selesai
ORD-2024-002536,3/2/2024 11:29,Mie,24000,,14,5,Sesuai pesanan,FALSE,Tidak Ada,Selesai
ORD-2024-002537,23/02/2024 17:22,Martabak,21500,2.114693019,5,4,Buruan order!11,FALSE,Tidak Ada,Selesai
ORD-2024-002538,1/9/2024 19:14,Ayam,23000,3.104350619,43,2,Makanannya dingin,FALSE,Tinggi,Dibatalkan
ORD-2024-002539,3/23/2024 15:01,Martabak,38000,7.211791782,12,4,Wow enak bgt,FALSE,Rendah,Selesai
ORD-2024-002540,2/11/2024 12:11,Martabak,16000,3.688413744,30,5,Akan order lg nih,FALSE,Rendah,Selesai
ORD-2024-002541,3/7/2024 14:48,Martabak,32000,0.5,5,4,Mantap gan!,TRUE,Tidak Ada,Selesai
ORD-2024-002542,1/27/2024 21:18,Martabak,36500,5.47087192,20,5,Rekomendasi deh,TRUE,Tidak Ada,Selesai
ORD-2024-002543,21/01/2024 18:59,Mie,16000,13.62799921,62,,,FALSE,Tinggi,Selesai
ORD-2024-002544,3/26/2024 11:50,Martabak,23000,,26,5,Nggg enak 😋,TRUE,Tidak Ada,Selesai
ORD-2024-002545,1/27/2024 13:58,Ayam,72000,10.47898452,39,4,Makasih ya,TRUE,Tidak Ada,Selesai
ORD-2024-002546,11/2/2024 11:21,Kopi,19000,2.377767352,10,4,Makasih ya,FALSE,Rendah,Selesai
ORD-2024-002547,1/5/2024 4:58,Ayam,41000,1.84642582,5,5,Enak bgttt,FALSE,Tidak Ada,Selesai
ORD-2024-002548,2/18/2024 23:33,Kopi,21500,1.207729294,15,5,Puas bgt,TRUE,Tidak Ada,Selesai
ORD-2024-002549,2/1/2024 12:05,Kopi,21500,3.214931567,14,,,FALSE,Tidak Ada,Selesai
ORD-2024-002550,15/01/2024 14:26,Ayam,56000,0.783394714,27,5,Cepat sampai,FALSE,Rendah,Selesai
ORD-2024-002551,2/26/2024 11:19,Ayam,36500,0.5,5,5,Top bgt kualitasnya,FALSE,Tidak Ada,Selesai
ORD-2024-002552,2/2/2024 13:39,Ayam,44500,0.5,19,4,Makanan hangat sampai,TRUE,Tidak Ada,Selesai
ORD-2024-002553,3/2/2024 21:12,Mie,28000,1.037544635,31,5,Akan order lg nih,FALSE,Rendah,Selesai
ORD-2024-002554,1/17/2024 4:14,Mie,24500,1.511405208,15,5,Puas bgt,FALSE,Tidak Ada,Selesai
ORD-2024-002555,1/13/2024 9:56,Ayam,67000,2.409399775,5,5,Cepat sampai,FALSE,Tidak Ada,Selesai
ORD-2024-002556,29/01/2024 13:21,Mie,15500,1.039112465,20,5,Mantap gan!!!,FALSE,Tidak Ada,Selesai
ORD-2024-002557,3/26/2024 21:36,Kopi,10000,12.41669034,54,4,Buruan order!!!11,FALSE,Tidak Ada,Selesai
ORD-2024-002558,1/17/2024 13:42,Ayam,54500,1.034853955,15,,,FALSE,Tidak Ada,Selesai
ORD-2024-002559,1/5/2024 12:40,Ayam,43500,1.744685337,34,5,Nggg enak 😋,TRUE,Tidak Ada,Selesai
ORD-2024-002560,1/24/2024 11:53,Kopi,14000,0.5,14,5,Top bgt kualitasnya,TRUE,Tidak Ada,Selesai
ORD-2024-002561,2/20/2024 14:30,Martabak,16500,0.905856273,20,5,Makanan hangat sampai,FALSE,Tidak Ada,Dibatalkan
ORD-2024-002562,21/03/2024 18:25,Martabak,30000,0.5,7,4,Driver ramah,TRUE,Tinggi,Dibatalkan
ORD-2024-002563,2/28/2024 21:28,Ayam,50500,2.459593299,18,5,Nggg enak 😋,TRUE,Rendah,Selesai
ORD-2024-002564,3/24/2024 10:21,Ayam,62500,4.171686564,32,,,FALSE,Tidak Ada,Selesai
ORD-2024-002565,2/13/2024 15:49,Kopi,17000,0.653385442,13,5,Makanan hangat sampai,FALSE,Rendah,Selesai
ORD-2024-002566,1/13/2024 10:48,Ayam,49500,1.376174921,16,4,Nggg enak 😋,TRUE,Tinggi,Selesai
ORD-2024-002567,2/16/2024 17:34,Ayam,71000,0.5,23,5,Cepat sampai,FALSE,Tidak Ada,Selesai
ORD-2024-002568,2/28/2024 3:35,Ayam,29500,5.488796294,40,,,FALSE,Tidak Ada,Refund
ORD-2024-002569,14/02/2024 14:35,Mie,30000,4.541885852,17,5,Buruan order!11,FALSE,Rendah,Selesai
ORD-2024-002570,3/5/2024 12:09,Mie,1000,0.5,9,3,Biasa saja,FALSE,Tinggi,Selesai
ORD-2024-002571,1/3/2024 13:33,Kopi,9500,1.361765438,31,5,Top bgt kualitasnya,FALSE,Tidak Ada,Selesai
ORD-2024-002572,3/13/2024 16:03,Mie,25000,9.322447067,54,3,Standar lah,FALSE,Tinggi,Selesai
ORD-2024-002573,3/10/2024 12:23,Ayam,55500,1.492874694,15,5,Makanan hangat sampai,FALSE,Tidak Ada,Selesai
ORD-2024-002574,22/01/2024 21:14,Kopi,14500,2.240964901,23,5,Rekomendasi deh,FALSE,Tidak Ada,Refund
ORD-2024-002575,1/20/2024 21:27,Ayam,17500,1.316644685,20,3,OK,FALSE,Rendah,Selesai
ORD-2024-002576,7/1/2024 12:18,Martabak,22500,2.719997016,24,4,Top bgt kualitasnya,FALSE,Tidak Ada,Selesai
ORD-2024-002577,2/23/2024 14:20,Mie,26000,11.47160724,56,5,Buruan order!11,FALSE,Tidak Ada,Selesai
ORD-2024-002578,2/8/2024 13:45,Martabak,23000,17.97739932,90,,,TRUE,Rendah,Selesai
ORD-2024-002579,1/27/2024 19:38,Kopi,14500,4.471166742,11,4,Akan order lg nih,TRUE,Tidak Ada,Selesai
ORD-2024-002580,2/22/2024 14:52,Martabak,33500,1.554110174,11,5,Makanan hangat sampai,FALSE,Tidak Ada,Selesai
ORD-2024-002581,2/1/2024 18:41,Ayam,54000,2.04621938,25,5,Rekomendasi deh,TRUE,Tidak Ada,Selesai
ORD-2024-002582,25/01/2024 13:04,Mie,33500,1.323578402,12,,,FALSE,Tidak Ada,Selesai
ORD-2024-002583,2/5/2024 14:07,Kopi,18000,12.71630043,61,,,TRUE,Tinggi,Selesai
ORD-2024-002584,3/27/2024 14:09,Kopi,18000,3.690542829,36,4,Makasih ya,FALSE,Tidak Ada,Selesai
ORD-2024-002585,2/11/2024 11:33,Kopi,500,1.787688177,34,3,Standar lah,FALSE,Rendah,Selesai
ORD-2024-002586,3/21/2024 18:42,Martabak,24500,0.5,16,5,Wow enak bgt,FALSE,Tidak Ada,Selesai
ORD-2024-002587,1/16/2024 21:29,Ayam,44000,2.204930388,34,4,Buruan order!11,TRUE,Tinggi,Selesai
ORD-2024-002588,13/02/2024 01:24,Martabak,20000,12.3920676,48,3,Biasa saja,FALSE,Tidak Ada,Selesai
ORD-2024-002589,15/01/2024 20:37,Ayam,55000,2.221099464,17,5,Mantap gan!,TRUE,Tidak Ada,Selesai
ORD-2024-002590,3/29/2024 15:48,Martabak,26500,0.604244097,5,5,Buruan order!11,FALSE,Rendah,Selesai
ORD-2024-002591,14/01/2024 13:15,Mie,20000,0.5,5,3,Lumayan,FALSE,Rendah,Selesai
ORD-2024-002592,3/4/2024 13:26,Mie,18500,1.314137334,17,4,Akan order lg nih,FALSE,Tidak Ada,Selesai
ORD-2024-002593,2/5/2024 23:17,Kopi,28500,7.51146322,33,5,Enak bgt,TRUE,Tidak Ada,Selesai
ORD-2024-002594,3/6/2024 13:22,Kopi,15500,17.0117176,75,,,FALSE,Rendah,Selesai
ORD-2024-002595,3/3/2024 14:14,Ayam,19000,8.721405079,61,,,FALSE,Tidak Ada,Selesai
ORD-2024-002596,4/2/2024 14:35,Martabak,41000,3.921562353,33,1,Makanannya dingin,TRUE,Tinggi,Refund
ORD-2024-002597,2/18/2024 20:02,Ayam,61500,2.450305092,29,5,Akan order lg nih,FALSE,Tinggi,Selesai
ORD-2024-002598,23/03/2024 18:06,Kopi,13000,2.679819147,39,1,Gak sesuai foto,FALSE,Tinggi,Selesai
ORD-2024-002599,1/31/2024 21:26,Ayam,36000,2.323019707,17,,,FALSE,Tinggi,Selesai
ORD-2024-002600,1/6/2024 14:54,Ayam,63000,,20,3,OK,TRUE,Rendah,Selesai
ORD-2024-002601,3/7/2024 14:52,Martabak,28000,,30,5,Driver ramah,FALSE,Tidak Ada,Selesai
ORD-2024-002602,2/25/2024 0:13,Ayam,19000,,24,4,Sesuai pesanan,FALSE,Tidak Ada,Selesai
ORD-2024-002603,3/21/2024 3:18,Martabak,43500,0.5,11,5,Cepat sampai,FALSE,Tidak Ada,Selesai
ORD-2024-002604,1/4/2024 8:22,Ayam,44000,0.926493668,12,4,Makanan hangat sampai,FALSE,Tidak Ada,Selesai
ORD-2024-002605,2/15/2024 7:17,Ayam,76500,5.423722142,25,5,Wow enak bgt,FALSE,Tidak Ada,Selesai
ORD-2024-002606,2/11/2024 19:49,Kopi,500,7.02238559,36,5,Cepat sampai,FALSE,Tidak Ada,Selesai
ORD-2024-002607,3/12/2024 17:41,Ayam,73000,2.323125315,20,4,Nggg enak 😋,FALSE,Rendah,Selesai
ORD-2024-002608,14/02/2024 05:54,Ayam,34500,0.5,9,4,Makasih ya,FALSE,Tidak Ada,Selesai
ORD-2024-002609,12/2/2024 21:47,Martabak,21000,7.850801578,46,2,Ayamnya keras,FALSE,Tinggi,Selesai
ORD-2024-002610,1/30/2024 13:06,Ayam,21000,,32,1,Driver gak ramah,TRUE,Tinggi,Dibatalkan
ORD-2024-002611,3/22/2024 21:31,Mie,22000,1.603449426,12,4,Makasih ya,FALSE,Tidak Ada,Selesai
ORD-2024-002612,18/02/2024 14:22,Ayam,53000,2.736738839,31,,,FALSE,Tidak Ada,Selesai
ORD-2024-002613,2/16/2024 5:20,Ayam,34500,1.685171907,5,5,Top bgt kualitasnya,FALSE,Tidak Ada,Selesai
ORD-2024-002614,3/15/2024 13:48,Martabak,33000,1.878368406,24,,,FALSE,Tidak Ada,Selesai
ORD-2024-002615,2/20/2024 17:12,Ayam,1966000,6.536058808,41,1,😠😠😠,TRUE,Rendah,Selesai
ORD-2024-002616,3/17/2024 21:25,Ayam,62500,0.526934973,13,4,Buruan order!11,FALSE,Rendah,Selesai
ORD-2024-002617,2/13/2024 20:08,Kopi,17500,0.5,14,5,Driver ramah,FALSE,Tidak Ada,Selesai
ORD-2024-002618,2/7/2024 17:20,Ayam,9500,0.5,12,,,TRUE,Rendah,Selesai
ORD-2024-002619,1/6/2024 12:42,Mie,29000,1.130634596,11,4,Enak bgt!!!,FALSE,Rendah,Selesai
ORD-2024-002620,1/29/2024 7:15,Ayam,58000,0.5,12,4,Rekomendasi deh,FALSE,Tidak Ada,Selesai
ORD-2024-002621,3/23/2024 4:00,Martabak,30000,0.74532829,8,4,Akan order lg nih,TRUE,Tidak Ada,Selesai
ORD-2024-002622,1/3/2024 15:53,Mie,1000,0.5,21,3,Gapapa,FALSE,Rendah,Selesai
ORD-2024-002623,11/3/2024 6:26,Kopi,20500,0.773187188,5,5,Makanan hangat sampai,FALSE,Tidak Ada,Selesai
ORD-2024-002624,15/03/2024 21:56,Mie,27000,1.213598747,15,4,Nggg enak 😋,TRUE,Tidak Ada,Selesai
ORD-2024-002625,2/3/2024 11:51,Kopi,12500,0.5,5,5,Enak bgt!!,FALSE,Tidak Ada,Selesai
ORD-2024-002626,2/17/2024 18:20,Mie,23000,2.808746665,12,5,Wow enak bgt,FALSE,Tidak Ada,Selesai
ORD-2024-002627,3/29/2024 12:50,Ayam,25500,2.523552205,16,5,Nggg enak 😋,TRUE,Tidak Ada,Selesai
ORD-2024-002628,1/13/2024 16:45,Martabak,20000,0.5,22,4,Rekomendasi deh,TRUE,Tidak Ada,Selesai
ORD-2024-002629,1/14/2024 19:14,Kopi,19500,,33,4,Puas bgt,FALSE,Rendah,Dibatalkan
ORD-2024-002630,3/30/2024 21:52,Kopi,15500,19.83167274,84,2,Paket berantakan,TRUE,Rendah,Selesai
ORD-2024-002631,3/14/2024 14:39,Martabak,27000,8.672439018,44,3,Biasa saja,FALSE,Tidak Ada,Selesai
ORD-2024-002632,2/25/2024 12:01,Martabak,24500,0.5,24,5,Akan order lg nih,FALSE,Tidak Ada,Selesai
ORD-2024-002633,3/24/2024 13:30,Ayam,45000,4.759777278,40,3,Standar lah,FALSE,Tinggi,Selesai
ORD-2024-002634,1/9/2024 2:46,Ayam,70500,1.309034803,9,5,Wow enak bgt,FALSE,Rendah,Selesai
ORD-2024-002635,1/4/2024 15:27,Martabak,31000,0.5,17,5,Cepat sampai,TRUE,Tidak Ada,Refund
ORD-2024-002636,1/18/2024 6:42,Martabak,21000,1.052859237,6,5,Cepat sampai,FALSE,Tidak Ada,Selesai
ORD-2024-002637,3/30/2024 10:14,Mie,33000,1.164658343,10,5,Sesuai pesanan,FALSE,Tidak Ada,Selesai
ORD-2024-002638,6/3/2024 4:49,Martabak,43000,2.222252854,21,5,Makanan hangat sampai,FALSE,Tidak Ada,Selesai
ORD-2024-002639,3/16/2024 11:39,Mie,29500,3.24600691,17,5,Enak bgttt,FALSE,Tidak Ada,Refund
ORD-2024-002640,2/15/2024 17:39,Martabak,36500,4.147571781,24,,,TRUE,Rendah,Selesai
ORD-2024-002641,1/21/2024 7:38,Ayam,72000,0.846702985,5,3,Biasa saja,TRUE,Rendah,Selesai
ORD-2024-002642,1/23/2024 0:41,Ayam,24000,1.164808969,17,4,Buruan order!11,TRUE,Rendah,Selesai
ORD-2024-002643,1/16/2024 11:25,Martabak,44000,1.106163225,8,4,Enak bgt!!!!!!,FALSE,Rendah,Selesai
ORD-2024-002644,3/28/2024 20:24,Martabak,38000,1.351717886,9,4,Cepat sampai,TRUE,Tidak Ada,Selesai
ORD-2024-002645,2/13/2024 13:22,Ayam,59500,,111,1,Buruk skli layanannya,TRUE,Tinggi,Selesai
ORD-2024-002646,2/2/2024 18:16,Kopi,16000,4.514467611,22,2,Ayamnya keras,FALSE,Tinggi,Dibatalkan
ORD-2024-002647,2/14/2024 20:05,Mie,16500,11.06549441,59,4,Driver ramah,TRUE,Tidak Ada,Selesai
ORD-2024-002648,1/13/2024 17:56,Kopi,15000,3.543808063,35,4,Akan order lg nih,TRUE,Rendah,Selesai
ORD-2024-002649,3/12/2024 13:06,Kopi,18500,1.563995371,26,,,FALSE,Tidak Ada,Selesai
ORD-2024-002650,3/8/2024 13:24,Kopi,12000,1.481631116,15,,,FALSE,Rendah,Selesai
ORD-2024-002651,3/13/2024 17:11,Ayam,50500,2.011699042,15,5,Mantap gan!!,TRUE,Tidak Ada,Selesai
ORD-2024-002652,4/3/2024 12:22,Kopi,11500,1.618034284,9,,,FALSE,Rendah,Selesai
ORD-2024-002653,1/20/2024 21:11,Kopi,15000,5.286478149,14,,,FALSE,Rendah,Dibatalkan
ORD-2024-002654,1/23/2024 20:01,Ayam,29000,1.876476884,26,4,Cepat sampai,FALSE,Tidak Ada,Selesai
ORD-2024-002655,3/9/2024 3:51,Martabak,19000,1.051287867,19,3,Gapapa,FALSE,Rendah,Selesai
ORD-2024-002656,2/7/2024 12:37,Kopi,18000,4.473102125,33,5,Rekomendasi deh,TRUE,Tinggi,Refund
ORD-2024-002657,13/01/2024 21:09,Mie,22000,5.781096982,6,5,Buruan order!11,FALSE,Tidak Ada,Selesai
ORD-2024-002658,2/28/2024 17:53,Mie,22500,1.636401086,16,4,Akan order lg nih,FALSE,Tidak Ada,Selesai
ORD-2024-002659,1/15/2024 2:21,Ayam,41000,3.306131657,25,5,Sesuai pesanan,FALSE,Tidak Ada,Selesai
ORD-2024-002660,1/31/2024 15:12,Martabak,50500,0.5,22,,,FALSE,Tidak Ada,Selesai
ORD-2024-002661,15/02/2024 14:51,Kopi,19000,2.261653858,23,4,Mantap gan!,FALSE,Tinggi,Selesai
ORD-2024-002662,3/16/2024 11:42,Mie,31000,0.5,16,,,FALSE,Tidak Ada,Selesai
ORD-2024-002663,3/8/2024 21:33,Ayam,38500,0.5,7,4,Top bgt kualitasnya,FALSE,Tidak Ada,Selesai
ORD-2024-002664,3/23/2024 13:08,Martabak,34000,2.84740926,26,4,Sesuai pesanan,FALSE,Tidak Ada,Selesai
ORD-2024-002665,2/7/2024 13:25,Martabak,28500,1.084353492,14,4,Driver ramah,FALSE,Tidak Ada,Selesai
ORD-2024-002666,3/3/2024 11:20,Ayam,38500,4.070639669,20,4,Buruan order!11,TRUE,Tidak Ada,Selesai
ORD-2024-002667,2/19/2024 13:49,Ayam,84000,6.792475642,25,3,Lumayan,TRUE,Rendah,Selesai
ORD-2024-002668,8/3/2024 6:05,Martabak,34500,0.5,5,1,Kurang sambelnya,FALSE,Tinggi,Dibatalkan
ORD-2024-002669,3/14/2024 19:47,Martabak,34000,,29,5,Top bgt kualitasnya,TRUE,Tidak Ada,Selesai
ORD-2024-002670,7/1/2024 12:12,Ayam,35000,2.16785155,6,,,FALSE,Tidak Ada,Selesai
ORD-2024-002671,1/7/2024 21:55,Martabak,20500,0.5,11,3,Lumayan,TRUE,Rendah,Selesai
ORD-2024-002672,3/8/2024 16:23,Kopi,16500,3.163148439,30,5,Nggg enak 😋,TRUE,Tidak Ada,Selesai
ORD-2024-002673,1/28/2024 12:57,Martabak,25500,2.820726906,8,4,Wow enak bgt,FALSE,Tidak Ada,Selesai
ORD-2024-002674,1/10/2024 15:13,Ayam,62000,2.174792108,20,4,Wow enak bgt,TRUE,Tidak Ada,Selesai
ORD-2024-002675,1/2/2024 14:13,Mie,31000,7.830234524,45,5,Puas bgt,TRUE,Tidak Ada,Selesai
ORD-2024-002676,7/2/2024 12:42,Ayam,52500,2.208663227,17,5,Akan order lg nih,FALSE,Tidak Ada,Selesai
ORD-2024-002677,2/12/2024 12:52,Kopi,20000,13.97416754,68,1,Paket berantakan,FALSE,Tinggi,Dibatalkan
ORD-2024-002678,2/21/2024 12:38,Ayam,54500,2.135331827,18,,,TRUE,Tidak Ada,Dibatalkan
ORD-2024-002679,2/3/2024 13:43,Ayam,37000,,21,5,Akan order lg nih,FALSE,Tidak Ada,Selesai
ORD-2024-002680,3/21/2024 13:26,Kopi,15500,1.907303463,9,5,Driver ramah,TRUE,Tidak Ada,Selesai
ORD-2024-002681,2/22/2024 18:52,Ayam,54000,0.6038848,32,5,Buruan order!11,FALSE,Tidak Ada,Selesai
ORD-2024-002682,3/17/2024 14:02,Mie,32500,2.727450002,36,4,Nggg enak 😋,FALSE,Tidak Ada,Selesai
ORD-2024-002683,1/17/2024 7:04,Ayam,55500,3.544014487,5,,,FALSE,Tidak Ada,Selesai
ORD-2024-002684,1/21/2024 15:04,Kopi,14000,1.895790953,25,,,FALSE,Tidak Ada,Selesai
ORD-2024-002685,22/01/2024 08:43,Ayam,67500,0.5,7,5,Puas bgt,FALSE,Tidak Ada,Selesai
ORD-2024-002686,2/20/2024 13:18,Ayam,8279500,,33,5,Akan order lg nih,FALSE,Tidak Ada,Selesai
ORD-2024-002687,14/01/2024 12:52,Ayam,61500,0.5,23,,,TRUE,Tidak Ada,Selesai
ORD-2024-002688,1/12/2024 20:12,Kopi,15000,3.438300183,14,4,Wow enak bgt,TRUE,Tidak Ada,Selesai
ORD-2024-002689,1/5/2024 17:07,Kopi,18000,4.687208217,34,5,Cepat sampai,FALSE,Tidak Ada,Selesai
ORD-2024-002690,2/19/2024 11:15,Kopi,18500,9.84068446,41,4,Puas bgt,TRUE,Tidak Ada,Selesai
ORD-2024-002691,2/26/2024 14:38,Kopi,12000,0.5,19,3,Yaudah minum teh,FALSE,Tidak Ada,Selesai
ORD-2024-002692,3/5/2024 6:49,Kopi,17000,2.280556618,17,5,Puas bgt,TRUE,Rendah,Selesai
ORD-2024-002693,6/1/2024 18:21,Ayam,15500,2.514778066,14,5,Puas bgt,FALSE,Tidak Ada,Selesai
ORD-2024-002694,1/23/2024 18:57,Kopi,18500,7.671523796,27,4,Makanan hangat sampai,FALSE,Tidak Ada,Selesai
ORD-2024-002695,2/18/2024 13:32,Mie,30500,2.960756395,25,4,Driver ramah,FALSE,Tidak Ada,Selesai
ORD-2024-002696,3/21/2024 14:01,Kopi,19500,0.5,18,4,Top bgt kualitasnya,FALSE,Tidak Ada,Selesai
ORD-2024-002697,2/1/2024 19:35,Martabak,27000,1.719972409,17,5,Makasih ya,FALSE,Tidak Ada,Dibatalkan
ORD-2024-002698,2/10/2024 11:26,Ayam,56500,3.190568327,16,,,FALSE,Tidak Ada,Selesai
ORD-2024-002699,3/20/2024 23:59,Martabak,40500,,17,5,Puas bgt,TRUE,Tidak Ada,Selesai
ORD-2024-002700,1/19/2024 21:14,Martabak,40500,5.964943904,23,5,Sesuai pesanan,FALSE,Tidak Ada,Dibatalkan
ORD-2024-002701,3/13/2024 14:49,Kopi,16500,0.597208707,21,4,Top bgt kualitasnya,FALSE,Tidak Ada,Selesai
ORD-2024-002702,1/29/2024 1:36,Mie,27000,9.081182592,20,3,Gapapa,FALSE,Rendah,Selesai
ORD-2024-002703,3/24/2024 15:59,Ayam,70000,0.5,19,5,Buruan order!11,TRUE,Rendah,Selesai
ORD-2024-002704,2/6/2024 12:28,Ayam,26500,12.36122818,56,4,Top bgt kualitasnya,TRUE,Tidak Ada,Refund
ORD-2024-002705,3/28/2024 19:22,Martabak,27500,5.850868122,38,4,Top bgt kualitasnya,FALSE,Tidak Ada,Selesai
ORD-2024-002706,1/20/2024 19:14,Mie,35500,3.238836857,30,2,Gajadi orderan,TRUE,Tinggi,Selesai
ORD-2024-002707,1/23/2024 12:16,Ayam,5459000,3.984025419,27,,,FALSE,Tidak Ada,Selesai
ORD-2024-002708,1/3/2024 19:09,Ayam,51000,0.5,10,5,Enak bgt!!!,TRUE,Tidak Ada,Selesai
ORD-2024-002709,3/10/2024 12:08,Ayam,71000,0.5,24,,,TRUE,Tinggi,Selesai
ORD-2024-002710,1/27/2024 13:56,Ayam,42000,0.5,5,5,Cepat sampai,FALSE,Tinggi,Selesai
ORD-2024-002711,2/27/2024 20:29,Martabak,26500,0.5,26,5,Top bgt kualitasnya,FALSE,Tidak Ada,Selesai
ORD-2024-002712,3/26/2024 21:13,Kopi,15500,2.378115248,10,4,Makasih ya,FALSE,Tidak Ada,Dibatalkan
ORD-2024-002713,1/25/2024 21:23,Ayam,500,0.72791193,11,5,Top bgt kualitasnya,FALSE,Tidak Ada,Dibatalkan
ORD-2024-002714,2/22/2024 19:13,Kopi,14500,5.90274832,47,4,Makanan hangat sampai,FALSE,Tidak Ada,Selesai
ORD-2024-002715,14/01/2024 20:19,Ayam,17000,1.770410839,40,,,FALSE,Tidak Ada,Selesai
ORD-2024-002716,3/20/2024 18:13,Ayam,72000,3.567355794,27,5,Akan order lg nih,FALSE,Tidak Ada,Selesai
ORD-2024-002717,21/01/2024 16:27,Martabak,27000,3.174194519,9,5,Enak bgttt,FALSE,Tidak Ada,Selesai
ORD-2024-002718,1/4/2024 12:36,Mie,27000,1.156339155,24,5,Buruan order!11,FALSE,Rendah,Selesai
ORD-2024-002719,3/28/2024 18:41,Mie,26000,0.835840246,15,4,Makasih ya,FALSE,Tidak Ada,Selesai
ORD-2024-002720,26/01/2024 13:29,Ayam,33500,1.257732093,6,5,Wow enak bgt,FALSE,Tidak Ada,Selesai
ORD-2024-002721,17/01/2024 15:20,Mie,17000,4.778603481,26,4,Rekomendasi deh,TRUE,Rendah,Selesai
ORD-2024-002722,3/19/2024 17:43,Martabak,22500,2.647674735,9,4,Driver ramah,TRUE,Tidak Ada,Selesai
ORD-2024-002723,1/11/2024 11:21,Martabak,24500,0.877234365,17,4,Makanan hangat sampai,TRUE,Tidak Ada,Selesai
ORD-2024-002724,15/02/2024 12:13,Kopi,0,5.108715685,22,5,Akan order lg nih,FALSE,Tidak Ada,Selesai
ORD-2024-002725,16/02/2024 19:37,Kopi,18000,0.5,5,4,Driver ramah,TRUE,Tidak Ada,Selesai
ORD-2024-002726,3/1/2024 12:18,Ayam,80000,3.603763257,9,5,Cepat sampai,FALSE,Tidak Ada,Selesai
ORD-2024-002727,3/12/2024 12:10,Ayam,40000,1.734642237,12,4,Akan order lg nih,FALSE,Tidak Ada,Selesai
ORD-2024-002728,3/20/2024 21:35,Ayam,64500,3.942371954,31,,,FALSE,Tidak Ada,Selesai
ORD-2024-002729,5/2/2024 7:07,Ayam,63500,7.870904382,44,2,Lama bgt nunggunya,TRUE,Tidak Ada,Dibatalkan
ORD-2024-002730,2/26/2024 11:08,Kopi,5500,4.159292287,41,,,FALSE,Tinggi,Selesai
ORD-2024-002731,18/02/2024 17:37,Martabak,24000,1.750002694,5,,,TRUE,Tidak Ada,Selesai
ORD-2024-002732,2/16/2024 18:36,Kopi,11000,0.5,12,,,FALSE,Rendah,Selesai
ORD-2024-002733,3/1/2024 21:36,Ayam,59000,4.925123736,24,,,FALSE,Tidak Ada,Selesai
ORD-2024-002734,1/11/2024 2:11,Mie,28500,1.852480575,15,5,Akan order lg nih,TRUE,Tidak Ada,Selesai
ORD-2024-002735,3/27/2024 18:07,Mie,28500,0.5,27,5,Sesuai pesanan,TRUE,Tidak Ada,Selesai
ORD-2024-002736,3/26/2024 13:18,Martabak,27500,3.808793323,27,,,TRUE,Tidak Ada,Selesai
ORD-2024-002737,11/1/2024 20:01,Mie,24500,1.035306358,24,,,TRUE,Tidak Ada,Selesai
ORD-2024-002738,2/23/2024 11:54,Kopi,16500,0.5,35,5,Rekomendasi deh,TRUE,Tidak Ada,Dibatalkan
ORD-2024-002739,5/2/2024 0:31,Mie,23000,6.9914422,18,3,Standar lah,FALSE,Tidak Ada,Selesai
ORD-2024-002740,7/1/2024 19:16,Ayam,64500,1.979723879,15,4,Sesuai pesanan,FALSE,Tidak Ada,Selesai
ORD-2024-002741,2/13/2024 14:42,Kopi,12000,0.989519264,21,4,Makanan hangat sampai,FALSE,Tidak Ada,Selesai
ORD-2024-002742,1/5/2024 11:47,Ayam,38500,3.780429262,28,4,Wow enak bgt,FALSE,Tidak Ada,Refund
ORD-2024-002743,2/18/2024 14:24,Ayam,53500,6.512102583,46,3,Biasa saja,FALSE,Tidak Ada,Selesai
ORD-2024-002744,27/03/2024 14:21,Ayam,45500,0.5,10,4,Nggg enak 😋,TRUE,Rendah,Selesai
ORD-2024-002745,2/24/2024 19:08,Martabak,21500,3.492835312,27,,,TRUE,Tidak Ada,Selesai
ORD-2024-002746,11/3/2024 13:17,Martabak,34000,4.370301047,20,,,FALSE,Tidak Ada,Selesai
ORD-2024-002747,26/03/2024 13:55,Kopi,14000,0.706891421,25,4,Sesuai pesanan,FALSE,Tidak Ada,Selesai
ORD-2024-002748,1/3/2024 3:15,Ayam,37500,2.017821719,16,4,Enak bgttt,TRUE,Tidak Ada,Selesai
ORD-2024-002749,9/1/2024 12:49,Mie,25000,0.5,27,5,Wow enak bgt,FALSE,Rendah,Selesai
ORD-2024-002750,2/1/2024 23:51,Martabak,23500,4.120133016,34,5,Enak bgt!!,TRUE,Tidak Ada,Selesai
ORD-2024-002751,3/20/2024 14:40,Kopi,16500,5.640906965,20,4,Mantap gan!,FALSE,Tidak Ada,Selesai
ORD-2024-002752,3/26/2024 11:03,Martabak,27500,0.5,29,3,Yaudah minum teh,FALSE,Rendah,Selesai
ORD-2024-002753,1/11/2024 11:00,Ayam,43000,5.085972097,39,5,Top bgt kualitasnya,FALSE,Rendah,Selesai
ORD-2024-002754,1/30/2024 11:24,Ayam,43000,4.429578623,26,5,Puas bgt,TRUE,Rendah,Selesai
ORD-2024-002755,1/25/2024 18:45,Mie,33000,1.278136254,25,2,Driver gak ramah,TRUE,Tinggi,Selesai
ORD-2024-002756,1/24/2024 21:55,Ayam,57500,3.516352156,20,1,Paket berantakan,FALSE,Rendah,Selesai
ORD-2024-002757,1/24/2024 17:11,Kopi,9000,0.5,27,,,FALSE,Tidak Ada,Selesai
ORD-2024-002758,3/10/2024 18:44,Mie,32000,8.055828968,42,,,FALSE,Tidak Ada,Refund
ORD-2024-002759,1/10/2024 13:48,Martabak,34000,2.398079079,29,5,Rekomendasi deh,FALSE,Tidak Ada,Selesai
ORD-2024-002760,3/22/2024 9:38,Ayam,59000,2.905428515,14,5,Akan order lg nih,FALSE,Tidak Ada,Selesai
ORD-2024-002761,2/6/2024 13:52,Ayam,66500,3.277825763,27,,,TRUE,Tidak Ada,Selesai
ORD-2024-002762,3/8/2024 13:18,Ayam,52000,2.472290416,29,5,Enak bgt,FALSE,Tidak Ada,Selesai
ORD-2024-002763,1/8/2024 13:57,Martabak,34500,5.829782623,36,4,Buruan order!11,TRUE,Tinggi,Selesai
ORD-2024-002764,2/25/2024 14:00,Kopi,14500,2.822532897,28,,,FALSE,Rendah,Selesai
ORD-2024-002765,2/10/2024 19:44,Ayam,65500,7.150083924,30,,,FALSE,Tidak Ada,Selesai
ORD-2024-002766,1/9/2024 19:28,Mie,27500,2.619202548,24,4,Top bgt kualitasnya,FALSE,Tidak Ada,Selesai
ORD-2024-002767,3/2/2024 19:48,Kopi,10500,,7,4,Enak bgt!!!,TRUE,Tidak Ada,Selesai
ORD-2024-002768,1/25/2024 12:02,Ayam,69000,7.345002947,38,5,Akan order lg nih,FALSE,Tidak Ada,Selesai
ORD-2024-002769,29/02/2024 10:59,Kopi,16000,3.433599579,16,5,Makasih ya,TRUE,Tidak Ada,Selesai
ORD-2024-002770,2/21/2024 20:28,Martabak,28000,3.604317993,23,5,Makasih ya,FALSE,Tidak Ada,Selesai
ORD-2024-002771,2/19/2024 17:55,Ayam,44000,12.69704652,41,1,Kurang sambelnya,FALSE,Tinggi,Selesai
ORD-2024-002772,2/18/2024 20:09,Ayam,45500,0.5,14,2,Lama org kerjanyaa,FALSE,Tinggi,Dibatalkan
ORD-2024-002773,2/25/2024 21:57,Mie,27500,1.678958553,17,4,Makanan hangat sampai,TRUE,Rendah,Selesai
ORD-2024-002774,1/24/2024 11:25,Kopi,12500,0.819741843,5,4,Makanan hangat sampai,FALSE,Tidak Ada,Selesai
ORD-2024-002775,2/13/2024 14:25,Kopi,10000,2.986216636,26,4,Sesuai pesanan,TRUE,Tidak Ada,Selesai
ORD-2024-002776,3/11/2024 12:31,Kopi,12000,4.932269502,38,,,FALSE,Rendah,Selesai
ORD-2024-002777,2/25/2024 18:31,Ayam,58000,10.17172579,52,4,Makasih ya,TRUE,Tidak Ada,Selesai
ORD-2024-002778,1/14/2024 13:45,Ayam,49000,1.818686012,26,5,Makanan hangat sampai,FALSE,Tidak Ada,Selesai
ORD-2024-002779,1/19/2024 14:51,Kopi,21000,4.628398661,24,4,Cepat sampai,TRUE,Tidak Ada,Selesai
ORD-2024-002780,1/2/2024 20:10,Ayam,50500,7.468609366,37,5,Makanan hangat sampai,TRUE,Tidak Ada,Selesai
ORD-2024-002781,3/28/2024 21:07,Ayam,65500,3.4496419,25,,,TRUE,Tidak Ada,Selesai
ORD-2024-002782,6/2/2024 13:51,Mie,21000,0.834116366,16,4,Enak bgttt,TRUE,Rendah,Selesai
ORD-2024-002783,2/17/2024 20:04,Mie,23000,2.808364335,5,5,Cepat sampai,FALSE,Rendah,Selesai
ORD-2024-002784,23/02/2024 13:44,Martabak,30000,10.5148823,41,4,Mantap gan!,FALSE,Tidak Ada,Selesai
ORD-2024-002785,2/10/2024 20:50,Mie,25000,13.15902673,69,1,Kurang sambelnya,TRUE,Rendah,Selesai
ORD-2024-002786,3/14/2024 22:12,Ayam,47500,3.084683677,13,,,TRUE,Tidak Ada,Selesai
ORD-2024-002787,2/11/2024 18:58,Mie,20000,6.540777386,33,,,FALSE,Tidak Ada,Selesai
ORD-2024-002788,3/19/2024 12:31,Ayam,25000,0.670741055,14,,,FALSE,Rendah,Selesai
ORD-2024-002789,1/3/2024 11:24,Mie,30500,0.847401501,5,5,Nggg enak 😋,FALSE,Tidak Ada,Selesai
ORD-2024-002790,11/2/2024 14:29,Mie,29500,9.165657949,60,2,Bau gak tauu,FALSE,Tinggi,Selesai
ORD-2024-002791,2/4/2024 14:49,Martabak,25500,0.5,13,,,FALSE,Tidak Ada,Selesai
ORD-2024-002792,2/5/2024 11:54,Mie,28500,0.636263814,6,5,Akan order lg nih,FALSE,Tidak Ada,Selesai
ORD-2024-002793,1/2/2024 11:20,Kopi,16000,1.637020451,24,5,Rekomendasi deh,FALSE,Tidak Ada,Selesai
ORD-2024-002794,2/3/2024 19:20,Ayam,70000,2.671754102,19,,,TRUE,Rendah,Selesai
ORD-2024-002795,3/18/2024 6:52,Kopi,11000,2.777638818,19,4,Buruan order!11,FALSE,Tidak Ada,Selesai
ORD-2024-002796,3/17/2024 19:46,Kopi,16000,1.035831899,29,5,Makanan hangat sampai,TRUE,Tinggi,Selesai
ORD-2024-002797,1/25/2024 21:18,Ayam,48000,7.60029589,34,4,Mantap gan!,FALSE,Rendah,Selesai
ORD-2024-002798,2/24/2024 0:19,Martabak,31000,7.398840292,41,4,Driver ramah,FALSE,Tidak Ada,Selesai
ORD-2024-002799,2/7/2024 14:05,Mie,37000,1.493076998,14,1,Ayamnya keras,FALSE,Tinggi,Selesai
ORD-2024-002800,1/19/2024 20:35,Ayam,49500,,19,2,Kecewa bgt,TRUE,Rendah,Dibatalkan
ORD-2024-002801,2/10/2024 13:29,Martabak,35500,3.636994088,28,,,FALSE,Rendah,Selesai
ORD-2024-002802,3/18/2024 18:37,Mie,25000,3.262980516,20,5,Puas bgt,TRUE,Tidak Ada,Selesai
ORD-2024-002803,1/3/2024 13:35,Mie,33500,1.445242631,7,,,FALSE,Rendah,Selesai
ORD-2024-002804,2/10/2024 12:35,Mie,31500,1.604557163,22,4,Akan order lg nih,FALSE,Rendah,Selesai
ORD-2024-002805,23/03/2024 12:20,Kopi,15000,1.283311344,27,3,Biasa saja,FALSE,Tidak Ada,Selesai
ORD-2024-002806,1/5/2024 19:36,Mie,23000,0.805148547,21,4,Enak bgttt,FALSE,Tidak Ada,Selesai
ORD-2024-002807,6/3/2024 12:31,Martabak,33500,1.838233777,24,5,Driver ramah,FALSE,Tidak Ada,Selesai
ORD-2024-002808,1/18/2024 12:45,Ayam,1000,3.479237506,20,4,Akan order lg nih,FALSE,Tidak Ada,Selesai
ORD-2024-002809,2/16/2024 10:05,Kopi,22500,4.06399996,28,4,Wow enak bgt,TRUE,Tidak Ada,Dibatalkan
ORD-2024-002810,1/9/2024 21:03,Martabak,16000,4.52706304,32,4,Akan order lg nih,TRUE,Tidak Ada,Selesai
ORD-2024-002811,20/02/2024 17:52,Ayam,40000,1.408724828,25,5,Driver ramah,FALSE,Tidak Ada,Selesai
ORD-2024-002812,2/27/2024 13:14,Martabak,29500,4.339866008,29,3,Standar lah,FALSE,Rendah,Selesai
ORD-2024-002813,3/28/2024 17:41,Martabak,33000,0.5,20,4,Puas bgt,FALSE,Rendah,Selesai
ORD-2024-002814,2/3/2024 12:48,Ayam,78000,1.944807908,14,4,Top bgt kualitasnya,TRUE,Tidak Ada,Selesai
ORD-2024-002815,1/18/2024 19:24,Kopi,8500,,36,4,Makanan hangat sampai,FALSE,Tidak Ada,Selesai
ORD-2024-002816,2/20/2024 13:31,Martabak,26000,2.983119442,11,5,Mantap gan!,FALSE,Tidak Ada,Selesai
ORD-2024-002817,3/30/2024 17:02,Kopi,7500,1.927722244,16,5,Mantap gan!!,FALSE,Tidak Ada,Selesai
ORD-2024-002818,1/27/2024 14:00,Ayam,52000,3.103888697,16,4,Mantap gan!!,FALSE,Tidak Ada,Selesai
ORD-2024-002819,3/15/2024 16:57,Ayam,56000,7.123726029,59,4,Cepat sampai,FALSE,Tidak Ada,Selesai
ORD-2024-002820,1/28/2024 11:58,Kopi,23500,2.506772571,27,5,Rekomendasi deh,FALSE,Tidak Ada,Selesai
ORD-2024-002821,2/6/2024 13:32,Mie,27000,4.825108322,19,5,Enak bgt!!!,FALSE,Tidak Ada,Selesai
ORD-2024-002822,1/26/2024 8:21,Ayam,69000,11.84959914,35,5,Akan order lg nih,FALSE,Tidak Ada,Selesai
ORD-2024-002823,2/3/2024 19:28,Martabak,34500,3.668123666,8,4,Nggg enak 😋,FALSE,Tidak Ada,Selesai
ORD-2024-002824,3/24/2024 12:13,Ayam,44000,2.55520341,10,5,Makasih ya,FALSE,Tidak Ada,Selesai
ORD-2024-002825,2/19/2024 23:59,Ayam,28000,0.5,5,5,Wow enak bgt,FALSE,Tidak Ada,Selesai
ORD-2024-002826,3/13/2024 9:53,Mie,28000,1.407505846,6,5,Wow enak bgt,FALSE,Rendah,Selesai
ORD-2024-002827,3/16/2024 11:29,Martabak,19000,2.500282633,17,5,Rekomendasi deh,TRUE,Tidak Ada,Selesai
ORD-2024-002828,1/30/2024 19:13,Ayam,73000,4.786702238,37,5,Cepat sampai,TRUE,Tidak Ada,Selesai
ORD-2024-002829,1/2/2024 12:55,Kopi,16000,1.729319715,16,4,Makanan hangat sampai,FALSE,Tidak Ada,Selesai
ORD-2024-002830,2/19/2024 14:25,Ayam,71500,9.661001344,54,4,Rekomendasi deh,TRUE,Rendah,Selesai
ORD-2024-002831,3/3/2024 21:18,Kopi,14500,,5,5,Cepat sampai,FALSE,Tidak Ada,Selesai
ORD-2024-002832,1/2/2024 11:56,Martabak,32000,4.094387697,23,,,TRUE,Tinggi,Selesai
ORD-2024-002833,3/20/2024 11:17,Ayam,3469000,1.629175793,9,5,Buruan order!!11,TRUE,Tidak Ada,Selesai
ORD-2024-002834,2/26/2024 21:10,Ayam,43000,1.996528889,23,5,Buruan order!!11,TRUE,Tidak Ada,Selesai
ORD-2024-002835,1/28/2024 20:47,Kopi,13500,4.866080978,28,,,FALSE,Tinggi,Selesai
ORD-2024-002836,2/5/2024 17:19,Mie,34000,1.053848217,33,5,Enak bgttt,TRUE,Tidak Ada,Selesai
ORD-2024-002837,16/01/2024 13:29,Mie,16500,0.5,7,,,FALSE,Tidak Ada,Selesai
ORD-2024-002838,27/01/2024 11:56,Ayam,65000,2.203505355,10,5,Puas bgt,FALSE,Tidak Ada,Selesai
ORD-2024-002839,1/23/2024 11:46,Martabak,36000,2.257383635,23,4,Cepat sampai,FALSE,Tidak Ada,Selesai
ORD-2024-002840,3/15/2024 8:17,Kopi,22500,4.786128317,23,5,Enak bgt!!!,FALSE,Rendah,Dibatalkan
ORD-2024-002841,3/2/2024 12:13,Kopi,16500,10.35613397,54,3,Yaudah minum teh,FALSE,Tinggi,Dibatalkan
ORD-2024-002842,2/18/2024 14:27,Martabak,22500,0.5,13,5,Enak bgt!!!!!!,FALSE,Tidak Ada,Dibatalkan
ORD-2024-002843,1/23/2024 18:57,Mie,25000,,20,5,Wow enak bgt,FALSE,Tidak Ada,Selesai
ORD-2024-002844,5/2/2024 23:30,Mie,30000,3.43031308,15,,,FALSE,Tidak Ada,Selesai
ORD-2024-002845,1/4/2024 6:15,Kopi,17000,12.76382533,46,4,Mantap gan!!,TRUE,Tidak Ada,Selesai
ORD-2024-002846,1/1/2024 1:55,Kopi,18000,8.572621522,23,5,Buruan order!11,TRUE,Tidak Ada,Selesai
ORD-2024-002847,2/25/2024 20:50,Martabak,40000,3.739083541,37,,,TRUE,Rendah,Selesai
ORD-2024-002848,1/7/2024 11:38,Ayam,5558000,2.213112244,32,4,Top bgt kualitasnya,FALSE,Tidak Ada,Selesai
ORD-2024-002849,3/1/2024 19:42,Kopi,16000,0.528507684,23,5,Makasih ya,FALSE,Tidak Ada,Selesai
ORD-2024-002850,3/11/2024 19:47,Kopi,19500,1.454384916,13,5,Mantap gan!,FALSE,Tidak Ada,Selesai
ORD-2024-002851,1/23/2024 19:29,Martabak,27000,2.639314684,15,5,Makasih ya,FALSE,Rendah,Selesai
ORD-2024-002852,1/19/2024 15:43,Ayam,65500,3.875139486,26,2,Lama org kerjanyaa,FALSE,Tinggi,Selesai
ORD-2024-002853,2/25/2024 13:56,Ayam,11500,,14,5,Enak bgt!!!,FALSE,Tidak Ada,Selesai
ORD-2024-002854,15/02/2024 20:48,Mie,19000,3.756578812,36,,,FALSE,Tidak Ada,Selesai
ORD-2024-002855,22/01/2024 10:32,Ayam,68000,1.681899565,5,5,Buruan order!11,FALSE,Rendah,Selesai
ORD-2024-002856,21/03/2024 13:34,Kopi,15500,3.901751686,22,5,Sesuai pesanan,TRUE,Tidak Ada,Selesai
ORD-2024-002857,1/21/2024 18:08,Ayam,55000,0.5,5,3,Biasa saja,FALSE,Rendah,Selesai
ORD-2024-002858,29/03/2024 20:56,Ayam,29000,,26,5,Nggg enak 😋,FALSE,Rendah,Selesai
ORD-2024-002859,3/10/2024 11:36,Ayam,82500,,24,4,Driver ramah,FALSE,Tidak Ada,Selesai
ORD-2024-002860,3/11/2024 5:47,Ayam,71500,6.645507712,34,5,Wow enak bgt,FALSE,Tidak Ada,Selesai
ORD-2024-002861,2/12/2024 19:46,Mie,24500,0.5,32,5,Cepat sampai,TRUE,Tidak Ada,Selesai
ORD-2024-002862,3/11/2024 16:42,Ayam,44500,4.851025079,25,,,TRUE,Tidak Ada,Selesai
ORD-2024-002863,14/03/2024 20:44,Mie,33000,0.798039242,21,4,Nggg enak 😋,TRUE,Tinggi,Dibatalkan
ORD-2024-002864,1/29/2024 20:09,Kopi,500,1.895760826,5,5,Driver ramah,FALSE,Rendah,Selesai
ORD-2024-002865,1/25/2024 16:51,Kopi,1395500,7.429265679,30,3,OK,FALSE,Tidak Ada,Selesai
ORD-2024-002866,1/10/2024 9:15,Kopi,25000,2.645213093,19,1,Lama org kerjanyaa,FALSE,Rendah,Dibatalkan
ORD-2024-002867,1/27/2024 17:52,Kopi,12500,0.707613944,6,,,FALSE,Tinggi,Dibatalkan
ORD-2024-002868,1/4/2024 12:11,Martabak,24000,1.002602708,18,,,TRUE,Tidak Ada,Selesai
ORD-2024-002869,10/1/2024 14:07,Ayam,31500,7.593981255,20,,,TRUE,Tidak Ada,Selesai
ORD-2024-002870,3/25/2024 21:19,Kopi,18500,1.671362316,23,5,Cepat sampai,FALSE,Tidak Ada,Selesai
ORD-2024-002871,1/27/2024 14:40,Mie,27000,2.65281761,17,5,Sesuai pesanan,FALSE,Tidak Ada,Selesai
ORD-2024-002872,3/27/2024 17:31,Mie,25000,1.848181757,11,,,FALSE,Tidak Ada,Selesai
ORD-2024-002873,2/2/2024 12:48,Mie,31500,1.426559268,24,5,Sesuai pesanan,FALSE,Tidak Ada,Selesai
ORD-2024-002874,24/02/2024 19:56,Kopi,21500,0.75802269,29,5,Cepat sampai,TRUE,Tidak Ada,Selesai
ORD-2024-002875,28/03/2024 17:24,Martabak,18500,3.47691706,33,5,Rekomendasi deh,TRUE,Tidak Ada,Selesai
ORD-2024-002876,1/12/2024 21:05,Kopi,14000,3.800120477,18,,,FALSE,Rendah,Selesai
ORD-2024-002877,3/21/2024 14:24,Kopi,20000,0.964275427,22,4,Nggg enak 😋,FALSE,Rendah,Selesai
ORD-2024-002878,3/18/2024 1:20,Ayam,43500,,22,4,Rekomendasi deh,FALSE,Tidak Ada,Selesai
ORD-2024-002879,2/27/2024 14:06,Kopi,13000,5.783463444,44,,,FALSE,Tidak Ada,Selesai
ORD-2024-002880,3/16/2024 0:59,Ayam,68500,7.602609464,35,4,Puas bgt,FALSE,Tidak Ada,Selesai
ORD-2024-002881,3/5/2024 13:44,Ayam,30000,0.527393339,5,4,Mantap gan!!,FALSE,Tidak Ada,Selesai
ORD-2024-002882,3/9/2024 1:16,Mie,24000,1.086887924,11,,,FALSE,Tidak Ada,Selesai
ORD-2024-002883,3/7/2024 20:18,Ayam,57000,5.905919873,25,,,FALSE,Tidak Ada,Selesai
ORD-2024-002884,2/7/2024 20:07,Ayam,42000,0.663961403,7,4,Enak bgttt,FALSE,Tidak Ada,Selesai
ORD-2024-002885,1/10/2024 14:15,Ayam,64500,0.5,11,2,Paket berantakan,TRUE,Tinggi,Selesai
ORD-2024-002886,3/24/2024 12:02,Mie,22000,6.139815269,37,5,Puas bgt,FALSE,Tidak Ada,Selesai
ORD-2024-002887,2/13/2024 18:54,Kopi,22500,1.185576654,25,4,Puas bgt,FALSE,Tidak Ada,Selesai
ORD-2024-002888,2/26/2024 3:06,Kopi,500,1.605854607,11,5,Sesuai pesanan,FALSE,Tidak Ada,Selesai
ORD-2024-002889,3/18/2024 20:31,Mie,25000,1.773581126,30,5,Enak bgt!!!,FALSE,Tidak Ada,Selesai
ORD-2024-002890,2/25/2024 13:40,Mie,1000,5.657048926,16,3,Gapapa,FALSE,Rendah,Refund
ORD-2024-002891,3/1/2024 14:35,Ayam,500,1.236980438,8,4,Mantap gan!,TRUE,Rendah,Selesai
ORD-2024-002892,1/9/2024 13:30,Martabak,47000,6.684656854,56,4,Wow enak bgt,FALSE,Tidak Ada,Refund
ORD-2024-002893,2/1/2024 4:07,Martabak,22000,2.878684182,9,5,Makasih ya,FALSE,Tidak Ada,Selesai
ORD-2024-002894,14/03/2024 12:28,Martabak,28500,2.247798769,32,,,FALSE,Rendah,Selesai
ORD-2024-002895,2/17/2024 20:04,Ayam,57000,1.181860151,16,5,Enak bgttt,TRUE,Tidak Ada,Refund
ORD-2024-002896,3/15/2024 21:02,Mie,42000,0.837997864,14,5,Buruan order!11,FALSE,Tidak Ada,Selesai
ORD-2024-002897,2/8/2024 14:00,Kopi,13500,,32,5,Mantap gan!!,FALSE,Tidak Ada,Selesai
ORD-2024-002898,1/2/2024 13:37,Ayam,36000,1.77661771,26,5,Akan order lg nih,FALSE,Tidak Ada,Selesai
ORD-2024-002899,18/01/2024 12:55,Kopi,12500,7.241086655,51,,,TRUE,Rendah,Selesai
ORD-2024-002900,1/25/2024 15:30,Ayam,72000,2.029688686,14,4,Enak bgt!!,FALSE,Rendah,Dibatalkan
ORD-2024-002901,2/19/2024 21:54,Ayam,39500,2.151059126,21,,,TRUE,Tidak Ada,Selesai
ORD-2024-002902,3/26/2024 12:55,Martabak,23500,1.617280676,15,3,OK,FALSE,Rendah,Selesai
ORD-2024-002903,3/6/2024 2:36,Ayam,55500,4.671433063,15,4,Enak bgt!!,TRUE,Tidak Ada,Dibatalkan
ORD-2024-002904,2/22/2024 11:14,Kopi,18000,1.659316865,20,5,Enak bgt,FALSE,Tidak Ada,Selesai
ORD-2024-002905,1/8/2024 1:55,Kopi,1000,0.941429342,12,5,Akan order lg nih,FALSE,Tinggi,Selesai
ORD-2024-002906,1/4/2024 13:25,Ayam,69500,5.942176037,15,5,Top bgt kualitasnya,FALSE,Tidak Ada,Refund
ORD-2024-002907,29/01/2024 04:30,Mie,19000,2.725177674,27,4,Enak bgt,TRUE,Tidak Ada,Selesai
ORD-2024-002908,3/6/2024 20:55,Ayam,60000,2.685865148,23,5,Akan order lg nih,TRUE,Tidak Ada,Selesai
ORD-2024-002909,1/31/2024 19:31,Ayam,87500,,15,4,Rekomendasi deh,FALSE,Tidak Ada,Selesai
ORD-2024-002910,3/17/2024 11:35,Ayam,45000,3.806491443,29,3,Biasa saja,FALSE,Tinggi,Selesai
ORD-2024-002911,1/19/2024 1:23,Ayam,45000,1.126559872,9,5,Puas bgt,FALSE,Tidak Ada,Selesai
ORD-2024-002912,2/29/2024 10:19,Ayam,42000,0.5,13,5,Makanan hangat sampai,FALSE,Tidak Ada,Selesai
ORD-2024-002913,2/11/2024 15:32,Martabak,26500,4.991573968,36,5,Nggg enak 😋,FALSE,Rendah,Selesai
ORD-2024-002914,3/29/2024 21:59,Mie,7000,0.5,18,5,Wow enak bgt,FALSE,Tidak Ada,Selesai
ORD-2024-002915,3/25/2024 4:30,Ayam,1320000,3.838457844,18,5,Buruan order!11,FALSE,Rendah,Selesai
ORD-2024-002916,3/3/2024 17:33,Martabak,37000,0.5,5,2,Buruk sx layanannya,TRUE,Tinggi,Selesai
ORD-2024-002917,2/2/2024 19:55,Martabak,42500,1.411488893,10,5,Mantap gan!,FALSE,Tidak Ada,Selesai
ORD-2024-002918,1/30/2024 13:58,Mie,24500,0.5,22,4,Nggg enak 😋,TRUE,Rendah,Selesai
ORD-2024-002919,2/14/2024 6:52,Kopi,13500,2.215775025,16,5,Sesuai pesanan,FALSE,Rendah,Selesai
ORD-2024-002920,2/22/2024 14:42,Ayam,45500,3.176465555,29,4,Cepat sampai,FALSE,Tidak Ada,Selesai
ORD-2024-002921,3/19/2024 4:51,Ayam,34000,0.56417324,9,4,Makanan hangat sampai,TRUE,Tidak Ada,Selesai
ORD-2024-002922,1/25/2024 11:45,Martabak,36000,1.393866972,8,,,TRUE,Tidak Ada,Selesai
ORD-2024-002923,1/27/2024 18:33,Mie,41000,7.988061611,47,3,Gapapa,FALSE,Tidak Ada,Selesai
ORD-2024-002924,2/7/2024 18:38,Ayam,40000,1.752281707,11,4,Top bgt kualitasnya,TRUE,Tidak Ada,Selesai
ORD-2024-002925,2/13/2024 14:23,Kopi,11500,4.866711964,26,4,Nggg enak 😋,FALSE,Tidak Ada,Selesai
ORD-2024-002926,2/4/2024 14:34,Mie,33000,7.8594894,29,3,Yaudah minum teh,TRUE,Tinggi,Selesai
ORD-2024-002927,3/18/2024 11:24,Mie,28000,10.98914686,43,,,TRUE,Tidak Ada,Selesai
ORD-2024-002928,2/20/2024 12:51,Mie,28500,6.857833547,45,,,TRUE,Tinggi,Selesai
ORD-2024-002929,3/4/2024 21:37,Martabak,42000,1.145562149,26,5,Buruan order!11,TRUE,Tidak Ada,Selesai
ORD-2024-002930,3/13/2024 19:03,Kopi,10500,9.856079605,58,3,Yaudah minum teh,FALSE,Rendah,Selesai
ORD-2024-002931,3/3/2024 20:27,Kopi,500,5.020253637,41,,,FALSE,Tidak Ada,Refund
ORD-2024-002932,18/01/2024 13:48,Martabak,19500,5.445248577,28,5,Driver ramah,TRUE,Tidak Ada,Selesai
ORD-2024-002933,1/6/2024 8:06,Ayam,72500,0.5,17,,,TRUE,Rendah,Selesai
ORD-2024-002934,1/17/2024 23:43,Kopi,21500,9.252960276,46,3,Lumayan,TRUE,Tinggi,Selesai
ORD-2024-002935,25/03/2024 17:07,Martabak,31000,4.51645318,20,5,Sesuai pesanan,FALSE,Tidak Ada,Selesai
ORD-2024-002936,2/5/2024 12:14,Ayam,44000,,30,4,Driver ramah,FALSE,Tidak Ada,Selesai
ORD-2024-002937,3/14/2024 17:22,Martabak,22500,0.5,13,5,Rekomendasi deh,TRUE,Tidak Ada,Selesai
ORD-2024-002938,1/3/2024 19:48,Kopi,16500,0.794118324,5,,,TRUE,Tidak Ada,Selesai
ORD-2024-002939,2/19/2024 11:10,Mie,30000,9.831236584,51,1,Kecewa bgt,FALSE,Tinggi,Dibatalkan
ORD-2024-002940,3/19/2024 8:51,Ayam,46000,2.083506744,11,5,Top bgt kualitasnya,TRUE,Tidak Ada,Selesai
ORD-2024-002941,2/1/2024 7:15,Ayam,14500,1.521786034,23,4,Makasih ya,FALSE,Tidak Ada,Selesai
ORD-2024-002942,1/23/2024 8:06,Martabak,39500,5.496634918,20,5,Sesuai pesanan,FALSE,Tidak Ada,Selesai
ORD-2024-002943,2/9/2024 21:54,Ayam,54500,0.5,17,4,Buruan order!11,TRUE,Tidak Ada,Selesai
ORD-2024-002944,1/30/2024 11:26,Martabak,27000,1.61840592,19,5,Nggg enak 😋,TRUE,Tidak Ada,Selesai
ORD-2024-002945,1/20/2024 12:54,Martabak,36500,1.413376492,5,4,Rekomendasi deh,TRUE,Tidak Ada,Selesai
ORD-2024-002946,1/3/2024 19:13,Ayam,77000,1.291662921,14,2,Kecewa bgt,FALSE,Tinggi,Selesai
ORD-2024-002947,2/25/2024 16:21,Kopi,4500,1.103174063,16,3,Biasa saja,TRUE,Tidak Ada,Selesai
ORD-2024-002948,3/5/2024 20:38,Kopi,18500,0.70745166,24,3,Yaudah minum teh,FALSE,Tinggi,Selesai
ORD-2024-002949,1/10/2024 20:10,Kopi,10500,0.569528201,14,3,Biasa saja,FALSE,Rendah,Selesai
ORD-2024-002950,1/28/2024 14:17,Mie,29500,3.068339961,32,4,Sesuai pesanan,TRUE,Tidak Ada,Selesai
ORD-2024-002951,30/01/2024 20:01,Mie,27000,7.55457788,44,3,Lumayan,FALSE,Tinggi,Selesai
ORD-2024-002952,1/2/2024 17:28,Martabak,35000,,25,,,FALSE,Tidak Ada,Selesai
ORD-2024-002953,2/19/2024 19:24,Martabak,26500,1.061356876,22,4,Top bgt kualitasnya,TRUE,Rendah,Selesai
ORD-2024-002954,2/27/2024 2:27,Kopi,8500,0.520062366,9,4,Buruan order!11,TRUE,Tidak Ada,Selesai
ORD-2024-002955,2/4/2024 19:30,Mie,23000,5.318401565,22,5,Sesuai pesanan,FALSE,Tidak Ada,Selesai
ORD-2024-002956,3/15/2024 21:33,Martabak,33000,10.67271753,65,1,Buruk skli layanannya,TRUE,Tinggi,Dibatalkan
ORD-2024-002957,1/5/2024 11:03,Martabak,37500,,24,5,Makanan hangat sampai,FALSE,Rendah,Selesai
ORD-2024-002958,1/21/2024 11:16,Mie,18000,1.0314895,15,5,Enak bgttt,TRUE,Tidak Ada,Selesai
ORD-2024-002959,2/2/2024 19:09,Ayam,68500,2.760090291,28,5,Mantap gan!,FALSE,Tidak Ada,Selesai
ORD-2024-002960,1/24/2024 13:10,Mie,21500,,32,2,Bau gak tauu,FALSE,Rendah,Refund
ORD-2024-002961,1/12/2024 21:41,Ayam,1256500,1.82312654,10,5,Nggg enak 😋,TRUE,Tidak Ada,Dibatalkan
ORD-2024-002962,1/23/2024 14:27,Ayam,21000,2.983349986,19,4,Makanan hangat sampai,TRUE,Tidak Ada,Selesai
ORD-2024-002963,1/3/2024 6:38,Ayam,68500,3.782148751,32,5,Makasih ya,TRUE,Tidak Ada,Selesai
ORD-2024-002964,1/13/2024 12:34,Mie,30000,9.701381226,47,5,Sesuai pesanan,FALSE,Rendah,Selesai
ORD-2024-002965,3/11/2024 23:11,Mie,16500,0.541104787,15,5,Puas bgt,FALSE,Tidak Ada,Selesai
ORD-2024-002966,1/24/2024 11:20,Martabak,32000,,88,3,Gapapa,TRUE,Rendah,Dibatalkan
ORD-2024-002967,4/2/2024 17:32,Martabak,30000,1.493514261,17,5,Nggg enak 😋,FALSE,Tidak Ada,Selesai
ORD-2024-002968,20/02/2024 11:30,Kopi,14500,,17,1,Buruk sx layanannya,FALSE,Rendah,Selesai
ORD-2024-002969,1/31/2024 11:36,Mie,5500,2.548802176,22,5,Mantap gan!,FALSE,Tidak Ada,Selesai
ORD-2024-002970,2/1/2024 17:45,Kopi,13500,2.000501015,14,,,FALSE,Tidak Ada,Selesai
ORD-2024-002971,3/18/2024 2:24,Kopi,18000,3.592733574,10,5,Mantap gan!!!,FALSE,Tidak Ada,Selesai
ORD-2024-002972,2/28/2024 20:43,Ayam,500,1.511320894,25,1,Lama org kerjanyaa,FALSE,Tinggi,Selesai
ORD-2024-002973,10/3/2024 16:29,Martabak,29500,0.5,9,4,Driver ramah,FALSE,Tidak Ada,Selesai
ORD-2024-002974,2/15/2024 18:45,Martabak,19500,2.013531201,5,5,Puas bgt,TRUE,Rendah,Selesai
ORD-2024-002975,2/2/2024 20:10,Kopi,16000,2.213905678,22,4,Driver ramah,TRUE,Tidak Ada,Selesai
ORD-2024-002976,17/01/2024 06:04,Ayam,76500,0.676572223,14,5,Cepat sampai,FALSE,Tidak Ada,Selesai
ORD-2024-002977,2/8/2024 14:24,Mie,21500,8.228826765,60,3,Standar lah,FALSE,Rendah,Selesai
ORD-2024-002978,1/4/2024 12:48,Ayam,47500,,15,5,Akan order lg nih,TRUE,Tinggi,Selesai
ORD-2024-002979,3/22/2024 14:55,Martabak,17000,1.578973307,28,4,Puas bgt,FALSE,Tidak Ada,Dibatalkan
ORD-2024-002980,1/18/2024 19:25,Mie,28500,,20,5,Rekomendasi deh,FALSE,Tidak Ada,Selesai
ORD-2024-002981,1/30/2024 8:31,Kopi,17500,2.302297681,12,5,Makasih ya,TRUE,Tidak Ada,Selesai
ORD-2024-002982,2/29/2024 18:29,Ayam,52500,1.102937318,19,4,Cepat sampai,TRUE,Tidak Ada,Selesai
ORD-2024-002983,7/1/2024 12:57,Martabak,28500,2.015757415,18,5,Top bgt kualitasnya,TRUE,Tidak Ada,Selesai
ORD-2024-002984,2/7/2024 19:29,Mie,24000,0.763194211,8,4,Mantap gan!!,FALSE,Tinggi,Refund
ORD-2024-002985,3/24/2024 2:38,Kopi,18500,0.5,7,,,TRUE,Tidak Ada,Selesai
ORD-2024-002986,6/3/2024 17:59,Mie,26000,4.531856023,22,1,Gak sesuai foto,TRUE,Tinggi,Refund
ORD-2024-002987,1/9/2024 18:19,Ayam,57000,3.074019794,23,5,Nggg enak 😋,FALSE,Tidak Ada,Selesai
ORD-2024-002988,1/2/2024 4:47,Kopi,17500,1.249908923,14,4,Wow enak bgt,TRUE,Rendah,Selesai
ORD-2024-002989,1/8/2024 12:40,Martabak,38500,0.5,9,3,Biasa saja,FALSE,Tidak Ada,Selesai
ORD-2024-002990,2/27/2024 21:29,Mie,30500,6.020247968,32,4,Cepat sampai,FALSE,Tidak Ada,Selesai
ORD-2024-002991,6/2/2024 21:37,Ayam,54500,0.55824788,5,,,TRUE,Tidak Ada,Selesai
ORD-2024-002992,3/3/2024 21:02,Mie,36500,8.009759307,31,5,Puas bgt,TRUE,Tidak Ada,Selesai
ORD-2024-002993,3/13/2024 18:59,Kopi,18500,1.953686742,16,,,FALSE,Rendah,Selesai
ORD-2024-002994,3/25/2024 23:46,Kopi,22000,1.248304619,27,3,Standar lah,FALSE,Tidak Ada,Selesai
ORD-2024-002995,1/19/2024 6:05,Ayam,61500,4.061591605,27,4,Cepat sampai,FALSE,Tidak Ada,Selesai
ORD-2024-002996,20/02/2024 11:19,Mie,500,,25,5,Makanan hangat sampai,FALSE,Rendah,Selesai
ORD-2024-002997,25/01/2024 18:26,Ayam,20500,1.389506227,33,5,Sesuai pesanan,FALSE,Tidak Ada,Selesai
ORD-2024-002998,1/20/2024 21:16,Ayam,76000,1.569422194,18,5,Top bgt kualitasnya,TRUE,Tidak Ada,Selesai
ORD-2024-002999,1/9/2024 11:16,Ayam,43500,,7,5,Top bgt kualitasnya,FALSE,Tinggi,Selesai
ORD-2024-003000,1/9/2024 12:59,Mie,27500,7.665590602,39,4,Enak bgt!!,TRUE,Tidak Ada,Selesai
ORD-2024-003001,11/1/2024 10:39,Martabak,28000,3.538464948,28,5,Makasih ya,FALSE,Tidak Ada,Selesai
ORD-2024-003002,3/1/2024 8:36,Martabak,27000,0.85364543,5,5,Akan order lg nih,TRUE,Tidak Ada,Selesai
ORD-2024-003003,2/12/2024 19:33,Ayam,49500,0.613700384,5,5,Sesuai pesanan,FALSE,Tinggi,Selesai
ORD-2024-003004,3/16/2024 19:51,Martabak,39500,0.785527089,32,5,Buruan order!11,FALSE,Tidak Ada,Dibatalkan
ORD-2024-003005,2/1/2024 11:27,Kopi,9500,0.917798382,18,4,Enak bgt!!!,TRUE,Tidak Ada,Selesai
ORD-2024-003006,3/6/2024 14:03,Mie,19000,0.784809279,10,,,TRUE,Tidak Ada,Selesai
ORD-2024-003007,2/2/2024 12:35,Mie,34500,3.223279438,23,5,Makanan hangat sampai,FALSE,Tidak Ada,Selesai
ORD-2024-003008,1/29/2024 7:29,Ayam,76000,0.5,14,4,Driver ramah,TRUE,Rendah,Selesai
ORD-2024-003009,1/13/2024 16:23,Martabak,25000,1.469925978,13,2,Bau gak tauu,FALSE,Tidak Ada,Selesai
ORD-2024-003010,2/23/2024 19:05,Ayam,79000,2.942916373,36,4,Driver ramah,FALSE,Tidak Ada,Selesai
ORD-2024-003011,3/2/2024 21:04,Kopi,20500,1.031106822,17,,,FALSE,Tidak Ada,Selesai
ORD-2024-003012,1/8/2024 20:09,Ayam,47000,0.5,20,4,Makanan hangat sampai,FALSE,Tidak Ada,Selesai
ORD-2024-003013,1/4/2024 13:07,Ayam,10500,0.5,15,5,Puas bgt,FALSE,Tidak Ada,Selesai
ORD-2024-003014,3/3/2024 12:37,Kopi,9500,0.5,13,,,TRUE,Tidak Ada,Selesai
ORD-2024-003015,1/31/2024 12:21,Martabak,25000,5.420796431,40,5,Top bgt kualitasnya,FALSE,Tidak Ada,Selesai
ORD-2024-003016,3/16/2024 17:06,Ayam,64000,3.217636545,32,4,Rekomendasi deh,FALSE,Tidak Ada,Selesai
ORD-2024-003017,1/2/2024 14:31,Martabak,35500,0.5,5,4,Makasih ya,FALSE,Tidak Ada,Selesai
ORD-2024-003018,3/30/2024 17:00,Kopi,14500,1.488150359,17,4,Driver ramah,FALSE,Rendah,Selesai
ORD-2024-003019,18/01/2024 13:43,Ayam,47500,0.979622872,35,5,Nggg enak 😋,FALSE,Tidak Ada,Selesai
ORD-2024-003020,3/30/2024 21:05,Martabak,30000,2.588535062,17,4,Wow enak bgt,FALSE,Tidak Ada,Selesai
ORD-2024-003021,9/2/2024 11:37,Ayam,48000,2.21949617,24,,,FALSE,Tidak Ada,Selesai
ORD-2024-003022,19/03/2024 12:50,Kopi,17000,1.968271171,31,5,Akan order lg nih,FALSE,Tidak Ada,Selesai
ORD-2024-003023,3/3/2024 13:39,Martabak,30000,1.132874478,5,,,FALSE,Tidak Ada,Selesai
ORD-2024-003024,19/03/2024 11:29,Ayam,23500,0.5,10,,,FALSE,Tinggi,Selesai
ORD-2024-003025,1/21/2024 21:06,Ayam,48000,4.068766823,12,2,Bau gak tauu,TRUE,Tinggi,Refund
ORD-2024-003026,3/29/2024 14:54,Kopi,16500,6.357211965,36,5,Puas bgt,FALSE,Tidak Ada,Selesai
ORD-2024-003027,3/29/2024 20:22,Mie,33000,8.655306101,47,4,Enak bgttt,FALSE,Rendah,Dibatalkan
ORD-2024-003028,24/03/2024 12:26,Martabak,24000,0.5,20,5,Driver ramah,FALSE,Tidak Ada,Selesai
ORD-2024-003029,2/9/2024 6:15,Martabak,31500,4.040167801,35,,,FALSE,Tidak Ada,Selesai
ORD-2024-003030,1/20/2024 11:37,Martabak,34000,3.889398918,27,5,Nggg enak 😋,FALSE,Tidak Ada,Selesai
ORD-2024-003031,1/14/2024 4:09,Ayam,49000,8.818601096,27,4,Rekomendasi deh,FALSE,Tidak Ada,Selesai
ORD-2024-003032,2/12/2024 18:15,Kopi,9000,0.874727307,7,4,Rekomendasi deh,FALSE,Tidak Ada,Selesai
ORD-2024-003033,2/22/2024 13:59,Martabak,37500,4.066469646,19,5,Top bgt kualitasnya,FALSE,Tidak Ada,Selesai
ORD-2024-003034,3/1/2024 11:10,Ayam,64000,0.5,16,4,Puas bgt,TRUE,Tidak Ada,Selesai
ORD-2024-003035,9/1/2024 13:24,Ayam,55500,2.9928743,45,,,FALSE,Tidak Ada,Selesai
ORD-2024-003036,29/02/2024 12:50,Ayam,52000,1.296264337,16,4,Puas bgt,FALSE,Tidak Ada,Selesai
ORD-2024-003037,2/27/2024 13:47,Kopi,9000,4.394836826,41,1,Makanannya dingin,FALSE,Tinggi,Dibatalkan
ORD-2024-003038,2/10/2024 18:55,Mie,31500,5.969993677,32,4,Buruan order!11,FALSE,Tidak Ada,Dibatalkan
ORD-2024-003039,22/01/2024 13:05,Ayam,76500,,6,5,Akan order lg nih,TRUE,Tidak Ada,Selesai
ORD-2024-003040,2/12/2024 12:15,Kopi,12000,,12,,,FALSE,Tidak Ada,Selesai
ORD-2024-003041,2/5/2024 23:11,Ayam,74000,0.5,6,5,Nggg enak 😋,FALSE,Tidak Ada,Selesai
ORD-2024-003042,1/2/2024 19:51,Mie,34000,1.618225578,17,,,FALSE,Tidak Ada,Selesai
ORD-2024-003043,1/1/2024 12:13,Ayam,32500,1.342615499,21,5,Akan order lg nih,TRUE,Rendah,Selesai
ORD-2024-003044,3/25/2024 23:32,Kopi,15000,0.606801927,7,4,Enak bgt!!!!!!!!!,TRUE,Tidak Ada,Selesai
ORD-2024-003045,3/8/2024 19:59,Martabak,19500,6.746525213,44,2,😠😠😠,FALSE,Tinggi,Dibatalkan
ORD-2024-003046,1/6/2024 21:35,Martabak,29500,0.5,24,5,Mantap gan!,TRUE,Tidak Ada,Selesai
ORD-2024-003047,2/28/2024 13:01,Kopi,18500,3.029656851,20,5,Makanan hangat sampai,FALSE,Tidak Ada,Selesai
ORD-2024-003048,9/1/2024 20:59,Ayam,29500,6.625717541,45,4,Akan order lg nih,TRUE,Tidak Ada,Selesai
ORD-2024-003049,3/18/2024 19:53,Kopi,18000,7.290184444,20,4,Enak bgttt,FALSE,Tidak Ada,Selesai
ORD-2024-003050,2/3/2024 11:52,Ayam,62000,4.728585381,6,,,FALSE,Tidak Ada,Selesai
ORD-2024-003051,3/15/2024 13:00,Ayam,62500,,22,,,FALSE,Tidak Ada,Selesai
ORD-2024-003052,1/29/2024 14:15,Kopi,18500,5.10188801,26,,,TRUE,Rendah,Selesai
ORD-2024-003053,7/1/2024 8:34,Ayam,31000,0.971232956,31,5,Enak bgt,FALSE,Tidak Ada,Selesai
ORD-2024-003054,2/23/2024 13:49,Ayam,49500,7.668487297,39,,,TRUE,Rendah,Selesai
ORD-2024-003055,3/4/2024 6:34,Martabak,32500,3.704189791,13,,,FALSE,Tidak Ada,Selesai
ORD-2024-003056,1/15/2024 12:35,Mie,36000,4.615087487,45,4,Puas bgt,FALSE,Tidak Ada,Selesai
ORD-2024-003057,3/10/2024 0:43,Martabak,30000,0.5,17,4,Puas bgt,FALSE,Rendah,Selesai
ORD-2024-003058,3/23/2024 14:01,Ayam,58500,2.622317816,36,4,Nggg enak 😋,FALSE,Tidak Ada,Dibatalkan
ORD-2024-003059,2/3/2024 13:42,Ayam,36000,,25,,,FALSE,Tidak Ada,Selesai
ORD-2024-003060,2/24/2024 12:23,Mie,18000,5.932612598,37,4,Makanan hangat sampai,TRUE,Tidak Ada,Selesai
ORD-2024-003061,6/2/2024 11:04,Ayam,30000,0.5,5,5,Enak bgttt,TRUE,Tidak Ada,Selesai
ORD-2024-003062,1/1/2024 2:49,Ayam,44500,8.398485593,21,5,Enak bgt,FALSE,Tidak Ada,Selesai
ORD-2024-003063,2/4/2024 3:48,Kopi,25500,0.5,17,5,Driver ramah,TRUE,Tidak Ada,Selesai
ORD-2024-003064,3/5/2024 17:29,Martabak,27000,2.859787629,18,5,Top bgt kualitasnya,FALSE,Tidak Ada,Selesai
ORD-2024-003065,3/26/2024 17:22,Martabak,32500,3.546511901,15,4,Mantap gan!,TRUE,Tidak Ada,Selesai
ORD-2024-003066,1/23/2024 18:34,Ayam,61000,0.5,5,,,TRUE,Tidak Ada,Selesai
ORD-2024-003067,3/20/2024 2:04,Ayam,33000,0.5,13,,,FALSE,Tidak Ada,Selesai
ORD-2024-003068,21/01/2024 21:12,Mie,23000,4.610126251,29,,,FALSE,Tidak Ada,Selesai
ORD-2024-003069,3/21/2024 19:54,Ayam,62000,1.456792755,13,5,Cepat sampai,FALSE,Tidak Ada,Selesai
ORD-2024-003070,2/25/2024 14:13,Martabak,33000,0.5,7,3,Biasa saja,FALSE,Rendah,Selesai
ORD-2024-003071,3/22/2024 21:47,Martabak,15000,4.314883502,35,,,TRUE,Tidak Ada,Selesai
ORD-2024-003072,1/30/2024 15:35,Martabak,34500,5.674667881,7,,,TRUE,Tidak Ada,Selesai
ORD-2024-003073,2/11/2024 18:57,Ayam,42500,2.65572963,28,4,Wow enak bgt,FALSE,Tidak Ada,Selesai
ORD-2024-003074,25/01/2024 13:01,Ayam,42500,0.52748059,18,5,Nggg enak 😋,FALSE,Tidak Ada,Selesai
ORD-2024-003075,3/24/2024 11:20,Kopi,18000,0.5,5,4,Puas bgt,TRUE,Tidak Ada,Dibatalkan
ORD-2024-003076,1/18/2024 19:33,Mie,36500,3.619953978,6,5,Makasih ya,FALSE,Tidak Ada,Selesai
ORD-2024-003077,3/16/2024 14:35,Mie,24500,2.396454399,26,5,Sesuai pesanan,FALSE,Tidak Ada,Selesai
ORD-2024-003078,2/13/2024 11:50,Ayam,71000,3.156306809,12,3,Lumayan,TRUE,Tinggi,Selesai
ORD-2024-003079,1/2/2024 14:18,Ayam,27500,5.032904074,45,,,FALSE,Tidak Ada,Selesai
ORD-2024-003080,1/8/2024 21:08,Mie,27000,1.708691144,38,4,Makanan hangat sampai,FALSE,Tidak Ada,Selesai
ORD-2024-003081,2/18/2024 8:21,Martabak,26000,0.5,15,5,Nggg enak 😋,TRUE,Tidak Ada,Selesai
ORD-2024-003082,1/10/2024 11:04,Mie,28000,8.439396536,41,4,Sesuai pesanan,FALSE,Tidak Ada,Selesai
ORD-2024-003083,2/8/2024 17:18,Ayam,46500,2.36410239,18,4,Enak bgt,FALSE,Tidak Ada,Selesai
ORD-2024-003084,12/1/2024 16:38,Kopi,11000,2.865828547,5,4,Rekomendasi deh,FALSE,Tidak Ada,Selesai
ORD-2024-003085,2/16/2024 13:49,Martabak,23500,8.127666993,39,5,Makanan hangat sampai,FALSE,Tidak Ada,Selesai
ORD-2024-003086,1/16/2024 12:37,Martabak,17500,8.04643062,37,5,Mantap gan!,TRUE,Tidak Ada,Selesai
ORD-2024-003087,1/7/2024 11:51,Kopi,11000,2.546559455,15,5,Wow enak bgt,TRUE,Tidak Ada,Selesai
ORD-2024-003088,3/14/2024 17:19,Ayam,59500,1.059805506,20,4,Akan order lg nih,FALSE,Tidak Ada,Selesai
ORD-2024-003089,2/8/2024 14:48,Kopi,15500,17.54327104,76,3,Biasa saja,FALSE,Rendah,Selesai
ORD-2024-003090,2/23/2024 13:17,Ayam,55500,3.425972864,32,,,TRUE,Tidak Ada,Selesai
ORD-2024-003091,1/9/2024 11:06,Kopi,24000,1.574959638,13,5,Makasih ya,TRUE,Tidak Ada,Selesai
ORD-2024-003092,3/1/2024 12:34,Mie,24000,2.461829155,27,3,Biasa saja,FALSE,Tinggi,Dibatalkan
ORD-2024-003093,3/16/2024 7:05,Kopi,19000,1.612710528,15,4,Sesuai pesanan,FALSE,Rendah,Selesai
ORD-2024-003094,3/24/2024 22:55,Mie,26000,6.575954101,34,5,Cepat sampai,TRUE,Tidak Ada,Selesai
ORD-2024-003095,3/1/2024 18:10,Ayam,98000,1.976233638,18,4,Top bgt kualitasnya,FALSE,Tidak Ada,Selesai
ORD-2024-003096,3/28/2024 20:00,Martabak,7500,5.203785558,48,5,Sesuai pesanan,TRUE,Tinggi,Selesai
ORD-2024-003097,2/4/2024 18:31,Mie,21000,5.501051798,8,5,Enak bgt!!,TRUE,Tidak Ada,Selesai
ORD-2024-003098,2/25/2024 14:12,Ayam,62500,5.217484055,37,5,Nggg enak 😋,TRUE,Tidak Ada,Selesai
ORD-2024-003099,2/14/2024 14:58,Ayam,39000,3.842438573,34,4,Puas bgt,FALSE,Rendah,Selesai
ORD-2024-003100,2/1/2024 17:45,Kopi,19000,,21,2,Lama bgt nunggunya,FALSE,Tinggi,Selesai
ORD-2024-003101,3/18/2024 17:25,Ayam,500,1.469294794,35,5,Nggg enak 😋,FALSE,Tidak Ada,Selesai
ORD-2024-003102,2/2/2024 18:11,Martabak,29500,0.5,14,,,TRUE,Tidak Ada,Selesai
ORD-2024-003103,1/16/2024 7:08,Mie,29000,5.544117291,26,4,Enak bgt!!!,FALSE,Tidak Ada,Refund
ORD-2024-003104,2/1/2024 23:04,Kopi,17000,2.068472115,19,5,Driver ramah,TRUE,Tidak Ada,Selesai
ORD-2024-003105,1/28/2024 11:36,Ayam,65500,0.5,22,5,Sesuai pesanan,FALSE,Tidak Ada,Selesai
ORD-2024-003106,1/15/2024 0:26,Kopi,18000,,13,2,"Narik duit banyak😡",FALSE,Tinggi,Selesai
ORD-2024-003107,2/27/2024 11:55,Martabak,26500,0.520355645,15,5,Makasih ya,TRUE,Rendah,Selesai
ORD-2024-003108,2/22/2024 21:43,Ayam,69500,4.170584992,35,4,Sesuai pesanan,TRUE,Tidak Ada,Selesai
ORD-2024-003109,1/26/2024 4:13,Kopi,12000,3.722498323,29,,,FALSE,Rendah,Selesai
ORD-2024-003110,3/26/2024 21:15,Martabak,32500,0.683784991,18,4,Mantap gan!,FALSE,Tidak Ada,Selesai
ORD-2024-003111,2/5/2024 19:00,Martabak,18500,5.630450843,17,4,Nggg enak 😋,TRUE,Tidak Ada,Selesai
ORD-2024-003112,1/8/2024 1:47,Ayam,55000,0.990912039,5,5,Nggg enak 😋,FALSE,Tidak Ada,Selesai
ORD-2024-003113,1/27/2024 19:09,Martabak,31500,4.724900527,39,5,Buruan order!11,TRUE,Tidak Ada,Refund
ORD-2024-003114,2/24/2024 15:50,Ayam,79500,2.013017798,14,4,Makasih ya,TRUE,Tidak Ada,Selesai
ORD-2024-003115,3/16/2024 19:41,Ayam,25500,3.945257083,20,5,Puas bgt,FALSE,Tidak Ada,Selesai
ORD-2024-003116,3/29/2024 15:24,Mie,22000,1.440829427,18,4,Akan order lg nih,FALSE,Tidak Ada,Selesai
ORD-2024-003117,1/29/2024 18:01,Martabak,36000,1.279180447,20,5,Akan order lg nih,FALSE,Tidak Ada,Selesai
ORD-2024-003118,3/3/2024 21:32,Ayam,57000,5.5233458,30,5,Cepat sampai,TRUE,Tidak Ada,Selesai
ORD-2024-003119,1/15/2024 13:33,Ayam,54500,0.5,21,,,FALSE,Rendah,Selesai
ORD-2024-003120,2/4/2024 16:51,Ayam,35500,11.03523695,33,,,FALSE,Tidak Ada,Selesai
ORD-2024-003121,1/3/2024 11:15,Ayam,41500,3.133903027,7,4,Cepat sampai,FALSE,Tidak Ada,Selesai
ORD-2024-003122,1/2/2024 21:59,Ayam,72500,1.699455774,33,4,Rekomendasi deh,FALSE,Tidak Ada,Selesai
ORD-2024-003123,3/14/2024 16:58,Ayam,50500,2.967024074,10,4,Nggg enak 😋,FALSE,Tidak Ada,Selesai
ORD-2024-003124,3/8/2024 11:20,Kopi,18000,0.5,5,4,Puas bgt,TRUE,Rendah,Selesai
ORD-2024-003125,3/11/2024 19:00,Martabak,29000,2.164963781,17,4,Buruan order!11,FALSE,Tidak Ada,Selesai
ORD-2024-003126,1/14/2024 23:48,Martabak,21000,,48,4,Nggg enak 😋,TRUE,Tidak Ada,Selesai
ORD-2024-003127,4/2/2024 20:42,Martabak,37000,0.804695141,10,3,OK,FALSE,Rendah,Selesai
ORD-2024-003128,3/13/2024 17:24,Ayam,60000,3.843405067,24,5,Enak bgt,FALSE,Tidak Ada,Refund
ORD-2024-003129,2/1/2024 13:22,Mie,42000,1.712636661,5,4,Top bgt kualitasnya,FALSE,Tidak Ada,Selesai
ORD-2024-003130,3/9/2024 12:27,Mie,19000,3.170610556,30,5,Cepat sampai,FALSE,Tidak Ada,Selesai
ORD-2024-003131,10/1/2024 12:14,Mie,32000,0.687813971,5,5,Nggg enak 😋,FALSE,Tidak Ada,Selesai
ORD-2024-003132,1/27/2024 21:47,Mie,1000,1.90726795,19,4,Akan order lg nih,FALSE,Tidak Ada,Selesai
ORD-2024-003133,3/11/2024 18:14,Mie,17000,11.75000843,57,5,Sesuai pesanan,FALSE,Tidak Ada,Selesai
ORD-2024-003134,2/17/2024 13:00,Kopi,9500,0.651809324,21,,,FALSE,Rendah,Selesai
ORD-2024-003135,1/16/2024 20:37,Ayam,58000,3.03547429,25,,,FALSE,Tidak Ada,Selesai
ORD-2024-003136,1/27/2024 12:39,Martabak,30000,2.571220703,11,,,TRUE,Tidak Ada,Selesai
ORD-2024-003137,2/2/2024 17:47,Martabak,34500,2.497583532,17,2,"Narik duit banyak😡",FALSE,Rendah,Selesai
ORD-2024-003138,1/31/2024 13:34,Martabak,22500,2.864496687,16,4,Makasih ya,TRUE,Rendah,Selesai
ORD-2024-003139,3/30/2024 15:52,Kopi,14000,2.092899525,5,5,Top bgt kualitasnya,FALSE,Rendah,Selesai
ORD-2024-003140,2/12/2024 12:59,Ayam,62500,0.5,18,3,OK,FALSE,Rendah,Selesai
ORD-2024-003141,2/24/2024 11:48,Kopi,14500,6.91066103,30,4,Makasih ya,TRUE,Tidak Ada,Selesai
ORD-2024-003142,1/22/2024 11:40,Mie,2488500,5.263023922,32,5,Top bgt kualitasnya,TRUE,Tidak Ada,Selesai
ORD-2024-003143,2/5/2024 12:14,Kopi,16000,0.574090589,13,5,Akan order lg nih,FALSE,Tidak Ada,Selesai
ORD-2024-003144,1/23/2024 12:12,Kopi,17500,1.599587839,7,5,Wow enak bgt,TRUE,Tidak Ada,Selesai
ORD-2024-003145,1/8/2024 7:39,Ayam,53500,4.416197087,14,5,Nggg enak 😋,FALSE,Rendah,Selesai
ORD-2024-003146,1/27/2024 19:53,Kopi,16500,11.74543092,51,5,Driver ramah,FALSE,Tidak Ada,Selesai
ORD-2024-003147,3/29/2024 12:30,Mie,18500,9.056207297,32,3,Biasa saja,FALSE,Tinggi,Dibatalkan
ORD-2024-003148,17/02/2024 12:43,Martabak,38500,6.888592601,46,,,TRUE,Tidak Ada,Selesai
ORD-2024-003149,1/14/2024 12:13,Martabak,32000,0.517258266,27,4,Buruan order!11,TRUE,Rendah,Selesai
ORD-2024-003150,1/14/2024 18:17,Kopi,18000,7.376843363,46,5,Mantap gan!!,FALSE,Tidak Ada,Selesai
ORD-2024-003151,3/12/2024 16:57,Martabak,24000,6.322163183,32,5,Top bgt kualitasnya,FALSE,Tidak Ada,Selesai
ORD-2024-003152,15/03/2024 14:10,Ayam,44000,1.419385092,18,5,Makasih ya,FALSE,Rendah,Selesai
ORD-2024-003153,3/9/2024 6:28,Martabak,28500,1.505214097,6,5,Driver ramah,TRUE,Tidak Ada,Selesai
ORD-2024-003154,26/02/2024 13:38,Kopi,10000,1.848052472,27,5,Sesuai pesanan,TRUE,Tidak Ada,Selesai
ORD-2024-003155,1/3/2024 13:24,Kopi,500,3.202872921,37,5,Makasih ya,TRUE,Rendah,Selesai
ORD-2024-003156,1/12/2024 3:50,Martabak,23500,0.906704825,10,5,Enak bgt!!,FALSE,Tidak Ada,Selesai
ORD-2024-003157,1/7/2024 11:35,Mie,22000,0.5,13,5,Mantap gan!,FALSE,Tidak Ada,Selesai
ORD-2024-003158,3/24/2024 18:03,Ayam,39500,0.5,6,4,Top bgt kualitasnya,FALSE,Tidak Ada,Selesai
ORD-2024-003159,1/30/2024 7:58,Mie,33000,1.740076483,13,5,Makanan hangat sampai,FALSE,Tidak Ada,Selesai
ORD-2024-003160,3/18/2024 17:15,Ayam,38500,0.993867866,5,3,OK,FALSE,Tidak Ada,Selesai
ORD-2024-003161,2/13/2024 17:16,Kopi,13500,4.338344073,25,5,Buruan order!!11,FALSE,Tidak Ada,Selesai
ORD-2024-003162,18/01/2024 01:27,Ayam,54000,0.5,15,3,Yaudah minum teh,FALSE,Tinggi,Selesai
ORD-2024-003163,1/27/2024 12:44,Ayam,33000,7.483606698,42,5,Mantap gan!,FALSE,Tidak Ada,Dibatalkan
ORD-2024-003164,1/19/2024 17:27,Kopi,23000,,39,4,Mantap gan!,FALSE,Tidak Ada,Selesai
ORD-2024-003165,1/11/2024 10:29,Ayam,65000,7.182680986,12,4,Sesuai pesanan,TRUE,Rendah,Selesai
ORD-2024-003166,2/13/2024 11:49,Kopi,11500,4.036724299,27,5,Makasih ya,TRUE,Tinggi,Dibatalkan
ORD-2024-003167,3/29/2024 11:05,Mie,33000,0.5,20,2,Kecewa bgt,FALSE,Tinggi,Selesai
ORD-2024-003168,3/22/2024 17:44,Ayam,72000,1.729494744,18,4,Nggg enak 😋,FALSE,Tidak Ada,Selesai
ORD-2024-003169,1/13/2024 21:41,Martabak,21500,0.5,25,5,Driver ramah,FALSE,Tidak Ada,Selesai
ORD-2024-003170,3/21/2024 19:01,Kopi,11500,13.19427117,59,3,OK,FALSE,Rendah,Selesai
ORD-2024-003171,2/15/2024 11:50,Martabak,25500,1.215068523,20,5,Buruan order!11,FALSE,Tidak Ada,Selesai
ORD-2024-003172,2/7/2024 8:10,Ayam,28000,2.640820688,10,5,Puas bgt,FALSE,Tidak Ada,Selesai
ORD-2024-003173,1/19/2024 21:34,Ayam,38500,4.534118061,34,5,Buruan order!!11,FALSE,Tidak Ada,Selesai
ORD-2024-003174,7/3/2024 2:09,Ayam,0,7.60037851,39,3,OK,TRUE,Rendah,Selesai
ORD-2024-003175,2/6/2024 17:20,Ayam,56000,4.226205561,20,4,Rekomendasi deh,TRUE,Tinggi,Selesai
ORD-2024-003176,3/5/2024 17:02,Ayam,55500,3.36721328,10,5,Sesuai pesanan,FALSE,Tidak Ada,Selesai
ORD-2024-003177,3/25/2024 12:24,Martabak,24000,1.881975974,14,4,Rekomendasi deh,TRUE,Tidak Ada,Selesai
ORD-2024-003178,1/12/2024 21:17,Mie,31000,2.789649073,12,4,Driver ramah,TRUE,Tidak Ada,Selesai
ORD-2024-003179,2/18/2024 18:26,Mie,21500,0.5,20,4,Rekomendasi deh,TRUE,Rendah,Selesai
ORD-2024-003180,3/6/2024 13:23,Martabak,29000,6.460492707,31,5,Akan order lg nih,FALSE,Tidak Ada,Selesai
ORD-2024-003181,2/9/2024 18:24,Ayam,500,2.354322693,27,5,Wow enak bgt,FALSE,Tidak Ada,Selesai
ORD-2024-003182,1/6/2024 17:26,Ayam,61500,0.5,5,,,FALSE,Tidak Ada,Selesai
ORD-2024-003183,3/18/2024 17:29,Ayam,61000,7.573517889,31,4,Akan order lg nih,FALSE,Tidak Ada,Selesai
ORD-2024-003184,1/3/2024 20:54,Ayam,41000,2.015930431,12,,,FALSE,Tidak Ada,Selesai
ORD-2024-003185,17/01/2024 13:51,Kopi,12000,6.088279619,37,3,Lumayan,TRUE,Rendah,Dibatalkan
ORD-2024-003186,20/02/2024 11:56,Kopi,23000,5.832382256,13,5,Makanan hangat sampai,TRUE,Tidak Ada,Selesai
ORD-2024-003187,1/1/2024 13:54,Kopi,17500,5.074411091,28,4,Makasih ya,TRUE,Tidak Ada,Selesai
ORD-2024-003188,3/1/2024 18:33,Kopi,18000,0.5,10,4,Puas bgt,FALSE,Tidak Ada,Selesai
ORD-2024-003189,1/25/2024 17:25,Mie,29000,0.851335685,19,4,Sesuai pesanan,TRUE,Tidak Ada,Selesai
ORD-2024-003190,3/27/2024 14:39,Martabak,21000,6.251502464,35,4,Wow enak bgt,TRUE,Tidak Ada,Selesai
ORD-2024-003191,1/22/2024 19:26,Ayam,76500,6.877638636,28,,,TRUE,Rendah,Selesai
ORD-2024-003192,2/1/2024 22:08,Mie,23000,1.837849014,5,5,Wow enak bgt,FALSE,Tidak Ada,Selesai
ORD-2024-003193,3/8/2024 17:19,Mie,32000,1.739677642,11,,,FALSE,Tidak Ada,Selesai
ORD-2024-003194,2/29/2024 12:18,Ayam,76000,0.577627117,5,5,Enak bgt!!!!!!!!!,FALSE,Tidak Ada,Selesai
ORD-2024-003195,15/02/2024 11:48,Kopi,17000,10.36481889,38,3,Standar lah,FALSE,Rendah,Selesai
ORD-2024-003196,1/6/2024 12:46,Kopi,11500,0.719108998,8,,,TRUE,Tidak Ada,Selesai
ORD-2024-003197,10/3/2024 9:12,Mie,8500,0.635634673,18,5,Buruan order!11,FALSE,Tidak Ada,Selesai
ORD-2024-003198,1/3/2024 15:24,Mie,25500,3.242867979,10,3,Lumayan,FALSE,Tidak Ada,Selesai
ORD-2024-003199,2/5/2024 16:36,Ayam,55500,,5,,,TRUE,Tidak Ada,Selesai
ORD-2024-003200,1/3/2024 23:06,Kopi,14000,8.379432974,31,4,Enak bgt!!!,TRUE,Tidak Ada,Selesai
ORD-2024-003201,3/30/2024 18:53,Kopi,17000,0.5,11,4,Makasih ya,FALSE,Tidak Ada,Selesai
ORD-2024-003202,1/18/2024 17:43,Kopi,18500,0.5,10,5,Top bgt kualitasnya,FALSE,Rendah,Selesai
ORD-2024-003203,2/7/2024 1:54,Ayam,3535500,2.108845984,11,5,Buruan order!11,FALSE,Tidak Ada,Selesai
ORD-2024-003204,1/28/2024 13:12,Mie,33000,2.00865796,17,,,TRUE,Tidak Ada,Selesai
ORD-2024-003205,3/16/2024 11:25,Martabak,0,0.535098647,16,4,Enak bgt,FALSE,Tinggi,Selesai
ORD-2024-003206,1/19/2024 2:06,Mie,24500,2.046737825,9,,,FALSE,Tidak Ada,Selesai
ORD-2024-003207,3/8/2024 17:34,Mie,26000,,27,,,FALSE,Tidak Ada,Selesai
ORD-2024-003208,1/26/2024 11:40,Martabak,26000,6.630825282,34,5,Rekomendasi deh,FALSE,Tidak Ada,Selesai
ORD-2024-003209,28/01/2024 13:14,Kopi,14500,0.5,23,4,Makasih ya,TRUE,Tidak Ada,Selesai
ORD-2024-003210,1/5/2024 2:58,Martabak,26500,11.22302098,46,,,TRUE,Tinggi,Refund
ORD-2024-003211,3/5/2024 19:24,Ayam,54000,2.937633802,10,5,Cepat sampai,TRUE,Rendah,Selesai
ORD-2024-003212,3/5/2024 17:46,Martabak,23500,0.5,5,4,Rekomendasi deh,FALSE,Tidak Ada,Selesai
ORD-2024-003213,1/2/2024 12:13,Ayam,44000,0.5,24,1,Kurang sambelnya,TRUE,Tinggi,Selesai
ORD-2024-003214,1/4/2024 19:49,Martabak,43500,2.317257337,12,2,"Narik duit banyak😡",FALSE,Tinggi,Refund
ORD-2024-003215,1/17/2024 16:59,Ayam,66500,0.803207645,12,4,Wow enak bgt,FALSE,Tinggi,Selesai
ORD-2024-003216,2/18/2024 14:16,Ayam,35500,1.075024154,10,,,TRUE,Rendah,Selesai
ORD-2024-003217,17/03/2024 14:58,Ayam,66000,0.843637793,28,4,Sesuai pesanan,FALSE,Tidak Ada,Selesai
ORD-2024-003218,3/28/2024 13:39,Ayam,913500,3.150943711,23,2,Kecewa bgt,FALSE,Tinggi,Selesai
ORD-2024-003219,8/1/2024 11:51,Martabak,29000,2.419142237,7,4,Makasih ya,FALSE,Tidak Ada,Selesai
ORD-2024-003220,3/22/2024 9:06,Martabak,24000,0.5,9,3,Standar lah,FALSE,Tidak Ada,Selesai
ORD-2024-003221,1/30/2024 20:21,Kopi,14500,2.242978213,31,5,Sesuai pesanan,FALSE,Tidak Ada,Selesai
ORD-2024-003222,18/01/2024 13:12,Ayam,47000,4.698988226,21,4,Wow enak bgt,FALSE,Tidak Ada,Selesai
ORD-2024-003223,1/21/2024 19:38,Ayam,78500,0.5,5,,,FALSE,Tinggi,Selesai
ORD-2024-003224,1/31/2024 19:21,Ayam,67500,6.614714342,43,4,Puas bgt,FALSE,Tidak Ada,Selesai
ORD-2024-003225,2/2/2024 22:47,Ayam,67000,,10,4,Cepat sampai,FALSE,Rendah,Selesai
ORD-2024-003226,17/01/2024 20:47,Mie,28500,9.024900921,28,5,Nggg enak 😋,FALSE,Rendah,Selesai
ORD-2024-003227,21/03/2024 13:15,Ayam,33000,0.5,5,4,Top bgt kualitasnya,FALSE,Tidak Ada,Selesai
ORD-2024-003228,2/24/2024 17:33,Kopi,16500,15.13801001,69,5,Puas bgt,TRUE,Tidak Ada,Selesai
ORD-2024-003229,17/01/2024 17:02,Ayam,68000,3.100773958,27,5,Top bgt kualitasnya,FALSE,Tidak Ada,Selesai
ORD-2024-003230,1/8/2024 18:23,Ayam,30500,2.514478623,24,5,Makanan hangat sampai,TRUE,Tinggi,Selesai
ORD-2024-003231,3/18/2024 11:24,Kopi,19000,2.172549297,9,,,FALSE,Tidak Ada,Selesai
ORD-2024-003232,1/10/2024 12:06,Martabak,47500,0.5,22,4,Enak bgt!!,FALSE,Tidak Ada,Selesai
ORD-2024-003233,2/2/2024 11:03,Ayam,69500,,49,5,Akan order lg nih,FALSE,Rendah,Selesai
ORD-2024-003234,11/3/2024 11:31,Ayam,75000,3.098427068,27,4,Sesuai pesanan,FALSE,Tidak Ada,Selesai
ORD-2024-003235,2/24/2024 20:57,Kopi,17500,,5,4,Makasih ya,FALSE,Tidak Ada,Selesai
ORD-2024-003236,3/8/2024 9:47,Ayam,67500,,6,,,FALSE,Tinggi,Selesai
ORD-2024-003237,8/2/2024 0:50,Ayam,39500,0.5,14,4,Buruan order!11,FALSE,Tidak Ada,Selesai
ORD-2024-003238,1/25/2024 12:30,Mie,31500,2.820181243,27,,,TRUE,Rendah,Selesai
ORD-2024-003239,3/11/2024 16:08,Martabak,35000,2.855873536,10,4,Makanan hangat sampai,TRUE,Tidak Ada,Selesai
ORD-2024-003240,1/30/2024 21:46,Kopi,17500,2.077445956,36,,,FALSE,Tidak Ada,Selesai
ORD-2024-003241,3/26/2024 17:38,Kopi,22000,1.099162247,14,4,Puas bgt,FALSE,Tidak Ada,Selesai
ORD-2024-003242,17/02/2024 18:45,Kopi,14000,2.276212246,29,5,Nggg enak 😋,TRUE,Tidak Ada,Selesai
ORD-2024-003243,6/2/2024 17:45,Kopi,15500,,8,5,Buruan order!11,TRUE,Tidak Ada,Selesai
ORD-2024-003244,3/15/2024 12:48,Martabak,30500,0.5,15,5,Wow enak bgt,TRUE,Tidak Ada,Selesai
ORD-2024-003245,3/20/2024 13:49,Martabak,22500,0.995818343,5,5,Top bgt kualitasnya,FALSE,Rendah,Selesai
ORD-2024-003246,2/18/2024 21:18,Ayam,55500,0.5,15,5,Buruan order!11,TRUE,Tidak Ada,Selesai
ORD-2024-003247,3/18/2024 23:46,Kopi,9000,6.912401418,34,3,Yaudah minum teh,TRUE,Rendah,Dibatalkan
ORD-2024-003248,2/28/2024 13:09,Kopi,21000,3.875388035,31,3,Gapapa,TRUE,Rendah,Selesai
ORD-2024-003249,3/15/2024 21:15,Mie,26500,16.65202831,65,3,Lumayan,FALSE,Tidak Ada,Selesai
ORD-2024-003250,1/14/2024 13:36,Martabak,26000,1.079344708,5,5,Enak bgt!!!,FALSE,Tinggi,Dibatalkan
ORD-2024-003251,25/01/2024 06:06,Kopi,13000,6.323173631,31,,,FALSE,Tidak Ada,Refund
ORD-2024-003252,1/29/2024 12:49,Ayam,47500,2.771867108,18,,,TRUE,Tidak Ada,Selesai
ORD-2024-003253,3/12/2024 1:26,Martabak,35000,1.810607298,12,4,Nggg enak 😋,FALSE,Tidak Ada,Selesai
ORD-2024-003254,3/12/2024 20:40,Ayam,60500,0.755297019,6,4,Nggg enak 😋,TRUE,Tidak Ada,Selesai
ORD-2024-003255,2/23/2024 0:41,Ayam,39500,4.022726132,21,,,TRUE,Tidak Ada,Selesai
ORD-2024-003256,1/28/2024 12:33,Ayam,37500,7.034622893,37,4,Top bgt kualitasnya,FALSE,Tinggi,Selesai
ORD-2024-003257,26/03/2024 11:41,Martabak,35000,0.804847984,25,5,Top bgt kualitasnya,FALSE,Tidak Ada,Selesai
ORD-2024-003258,7/3/2024 11:53,Ayam,39500,0.578535414,5,5,Enak bgt!!!,FALSE,Tidak Ada,Selesai
ORD-2024-003259,1/1/2024 13:56,Kopi,17000,3.574373483,12,2,Ayamnya keras,FALSE,Tinggi,Selesai
ORD-2024-003260,1/19/2024 18:39,Mie,27000,11.31328472,57,1,Kurang sambelnya,TRUE,Rendah,Dibatalkan
ORD-2024-003261,3/11/2024 4:25,Ayam,56500,4.158344345,5,4,Cepat sampai,FALSE,Tidak Ada,Selesai
ORD-2024-003262,3/10/2024 13:42,Kopi,20000,,8,5,Wow enak bgt,TRUE,Rendah,Selesai
ORD-2024-003263,3/11/2024 20:22,Kopi,11000,1.63395097,40,,,TRUE,Tinggi,Selesai
ORD-2024-003264,1/28/2024 14:51,Ayam,19500,1.455072271,14,,,TRUE,Tinggi,Selesai
ORD-2024-003265,3/28/2024 6:51,Martabak,25500,5.733555676,33,,,FALSE,Tidak Ada,Selesai
ORD-2024-003266,2/13/2024 3:16,Ayam,81500,4.426961128,10,3,Gapapa,FALSE,Rendah,Selesai
ORD-2024-003267,2/4/2024 18:15,Kopi,25000,2.667306891,28,4,Top bgt kualitasnya,TRUE,Rendah,Selesai
ORD-2024-003268,2/9/2024 8:40,Kopi,0,0.964581679,10,,,TRUE,Tidak Ada,Selesai
ORD-2024-003269,1/4/2024 5:30,Martabak,43500,8.341307623,37,3,Lumayan,FALSE,Rendah,Selesai
ORD-2024-003270,1/1/2024 16:27,Martabak,11500,3.178018022,24,,,FALSE,Tidak Ada,Dibatalkan
ORD-2024-003271,19/02/2024 11:07,Ayam,17500,10.56772105,45,,,FALSE,Rendah,Selesai
ORD-2024-003272,2/19/2024 17:05,Ayam,71000,2.60333777,26,5,Makanan hangat sampai,TRUE,Rendah,Selesai
ORD-2024-003273,3/19/2024 11:03,Martabak,27000,,20,5,Wow enak bgt,FALSE,Tidak Ada,Selesai
ORD-2024-003274,1/8/2024 19:05,Kopi,26000,5.031631041,30,5,Puas bgt,FALSE,Tidak Ada,Selesai
ORD-2024-003275,1/10/2024 10:03,Mie,19000,1.234428913,18,3,Lumayan,FALSE,Rendah,Selesai
ORD-2024-003276,1/23/2024 16:12,Mie,24000,9.974436432,35,4,Top bgt kualitasnya,TRUE,Tidak Ada,Selesai
ORD-2024-003277,2/26/2024 18:03,Mie,0,0.5,5,5,Rekomendasi deh,FALSE,Tidak Ada,Selesai
ORD-2024-003278,3/22/2024 11:57,Kopi,19000,4.392260621,23,5,Cepat sampai,TRUE,Tidak Ada,Selesai
ORD-2024-003279,17/03/2024 12:03,Ayam,36500,,59,2,Ayamnya keras,FALSE,Tinggi,Selesai
ORD-2024-003280,1/18/2024 13:42,Martabak,23000,1.24158772,25,3,Lumayan,TRUE,Tinggi,Selesai
ORD-2024-003281,2/14/2024 11:47,Kopi,17500,3.133314968,30,5,Nggg enak 😋,FALSE,Tidak Ada,Selesai
ORD-2024-003282,21/03/2024 12:59,Ayam,63000,2.478138604,35,4,Nggg enak 😋,TRUE,Tinggi,Selesai
ORD-2024-003283,3/13/2024 19:04,Mie,28500,4.300249853,28,5,Buruan order!11,FALSE,Tidak Ada,Selesai
ORD-2024-003284,1/3/2024 21:43,Mie,19000,6.033732404,35,5,Driver ramah,FALSE,Tidak Ada,Selesai
ORD-2024-003285,25/01/2024 14:14,Kopi,19500,2.77179381,5,4,Sesuai pesanan,FALSE,Tidak Ada,Selesai
ORD-2024-003286,10/2/2024 18:12,Ayam,58500,5.076903311,22,5,Mantap gan!,FALSE,Tidak Ada,Selesai
ORD-2024-003287,2/21/2024 11:29,Kopi,12000,1.123144825,21,4,Mantap gan!,TRUE,Tidak Ada,Selesai
ORD-2024-003288,1/22/2024 2:38,Mie,20500,0.778594371,19,,,TRUE,Rendah,Selesai
ORD-2024-003289,1/15/2024 14:15,Mie,31000,1.68987297,6,4,Makasih ya,FALSE,Tidak Ada,Selesai
ORD-2024-003290,3/26/2024 14:31,Ayam,47500,3.397158162,23,3,Lumayan,FALSE,Tidak Ada,Selesai
ORD-2024-003291,2/14/2024 18:13,Ayam,78000,0.621983897,35,5,Enak bgt,TRUE,Tidak Ada,Selesai
ORD-2024-003292,3/26/2024 19:16,Mie,29500,3.421606469,23,4,Makasih ya,FALSE,Tidak Ada,Selesai
ORD-2024-003293,22/01/2024 10:03,Kopi,14500,1.503089521,26,,,TRUE,Rendah,Selesai
ORD-2024-003294,2/7/2024 17:27,Kopi,16500,,32,4,Nggg enak 😋,FALSE,Tidak Ada,Selesai
ORD-2024-003295,7/1/2024 12:43,Mie,26500,0.5,19,3,Gapapa,TRUE,Rendah,Selesai
ORD-2024-003296,20/02/2024 17:59,Ayam,1500,3.307704047,15,4,Makasih ya,TRUE,Tidak Ada,Selesai
ORD-2024-003297,3/4/2024 5:58,Martabak,24500,3.147943931,7,5,Wow enak bgt,TRUE,Tidak Ada,Selesai
ORD-2024-003298,1/21/2024 20:57,Ayam,63500,8.487374423,49,,,FALSE,Tidak Ada,Selesai
ORD-2024-003299,24/01/2024 12:16,Kopi,12500,3.748663675,28,5,Cepat sampai,TRUE,Tidak Ada,Selesai
ORD-2024-003300,2/23/2024 13:47,Mie,23500,4.773348797,30,,,FALSE,Tidak Ada,Selesai
ORD-2024-003301,28/03/2024 18:48,Kopi,22000,7.048747595,25,4,Driver ramah,FALSE,Tidak Ada,Selesai
ORD-2024-003302,1/30/2024 17:15,Mie,22000,3.372269574,21,5,Akan order lg nih,TRUE,Tidak Ada,Selesai
ORD-2024-003303,3/6/2024 13:26,Kopi,23000,,10,2,Lama org kerjanyaa,FALSE,Tinggi,Selesai
ORD-2024-003304,3/14/2024 23:01,Ayam,70000,6.115447012,24,4,Mantap gan!,FALSE,Tidak Ada,Dibatalkan
ORD-2024-003305,16/03/2024 20:25,Ayam,64000,4.129960387,29,5,Driver ramah,FALSE,Tidak Ada,Selesai
ORD-2024-003306,16/01/2024 17:25,Kopi,11500,1.657222909,25,,,FALSE,Tidak Ada,Selesai
ORD-2024-003307,1/31/2024 16:49,Kopi,15000,3.719102268,23,5,Nggg enak 😋,TRUE,Tidak Ada,Selesai
ORD-2024-003308,1/2/2024 17:24,Ayam,62500,6.067797416,36,,,TRUE,Rendah,Selesai
ORD-2024-003309,3/25/2024 5:14,Kopi,12500,,44,3,OK,TRUE,Tinggi,Selesai
ORD-2024-003310,3/27/2024 14:43,Kopi,15500,9.131712636,43,,,FALSE,Tidak Ada,Selesai
ORD-2024-003311,1/2/2024 17:28,Martabak,35500,1.180585126,8,5,Rekomendasi deh,FALSE,Rendah,Selesai
ORD-2024-003312,2/3/2024 18:46,Martabak,25500,1.642954931,18,5,Makanan hangat sampai,TRUE,Rendah,Selesai
ORD-2024-003313,1/23/2024 12:20,Martabak,23500,0.5,21,4,Cepat sampai,FALSE,Tidak Ada,Selesai
ORD-2024-003314,2/28/2024 1:35,Ayam,3960500,,12,5,Puas bgt,TRUE,Tinggi,Selesai
ORD-2024-003315,3/28/2024 14:39,Ayam,35000,6.421939812,26,5,Akan order lg nih,TRUE,Tidak Ada,Selesai
ORD-2024-003316,10/3/2024 5:08,Martabak,24000,1.342847985,5,4,Akan order lg nih,FALSE,Tidak Ada,Selesai
ORD-2024-003317,2/12/2024 19:44,Kopi,22500,2.907118349,13,5,Top bgt kualitasnya,TRUE,Tinggi,Selesai
ORD-2024-003318,3/10/2024 21:45,Ayam,54500,3.289534056,13,4,Wow enak bgt,TRUE,Tidak Ada,Selesai
ORD-2024-003319,2/7/2024 19:56,Mie,30500,4.567432143,56,4,Akan order lg nih,TRUE,Tidak Ada,Selesai
ORD-2024-003320,3/19/2024 17:41,Martabak,19000,0.605614359,6,5,Rekomendasi deh,FALSE,Tinggi,Selesai
ORD-2024-003321,2/27/2024 21:29,Kopi,21500,1.090723795,16,,,FALSE,Tidak Ada,Selesai
ORD-2024-003322,5/1/2024 14:05,Ayam,73500,1.784450198,18,5,Makasih ya,FALSE,Tidak Ada,Selesai
ORD-2024-003323,1/31/2024 12:28,Martabak,15000,1.361640042,30,3,Lumayan,FALSE,Rendah,Selesai
ORD-2024-003324,10/3/2024 21:11,Kopi,13500,12.20694863,60,3,Gapapa,TRUE,Rendah,Selesai
ORD-2024-003325,2/27/2024 11:39,Martabak,1500,5.404353303,36,,,TRUE,Rendah,Selesai
ORD-2024-003326,3/25/2024 15:39,Martabak,3434500,1.959972761,17,4,Driver ramah,FALSE,Rendah,Selesai
ORD-2024-003327,3/10/2024 14:32,Mie,21500,6.342561755,37,5,Top bgt kualitasnya,TRUE,Tidak Ada,Selesai
ORD-2024-003328,1/20/2024 4:20,Kopi,15000,1.281535709,16,5,Cepat sampai,FALSE,Tidak Ada,Selesai
ORD-2024-003329,3/4/2024 1:50,Ayam,41500,4.622932082,19,,,FALSE,Tidak Ada,Dibatalkan
ORD-2024-003330,3/28/2024 20:41,Martabak,31000,0.759554407,6,,,FALSE,Rendah,Selesai
ORD-2024-003331,1/31/2024 19:56,Martabak,500,4.439469383,29,5,Buruan order!11,TRUE,Tidak Ada,Selesai
ORD-2024-003332,2/16/2024 12:24,Martabak,24000,1.828919524,13,5,Enak bgt,FALSE,Tidak Ada,Selesai
ORD-2024-003333,3/28/2024 17:01,Ayam,68500,0.5,16,5,Akan order lg nih,TRUE,Tidak Ada,Selesai
ORD-2024-003334,2/5/2024 5:49,Ayam,64500,0.957569631,5,4,Akan order lg nih,FALSE,Rendah,Selesai
ORD-2024-003335,2/17/2024 12:59,Mie,32000,1.543871604,5,5,Makanan hangat sampai,TRUE,Rendah,Selesai
ORD-2024-003336,16/03/2024 18:22,Martabak,36000,4.15041,15,4,Enak bgt!!!!!!!!!,FALSE,Tidak Ada,Selesai
ORD-2024-003337,2/7/2024 12:40,Mie,19500,0.5,13,4,Top bgt kualitasnya,FALSE,Tidak Ada,Selesai
ORD-2024-003338,3/14/2024 12:53,Martabak,25500,3.232434542,8,5,Makasih ya,FALSE,Tidak Ada,Selesai
ORD-2024-003339,1/25/2024 21:59,Kopi,22500,3.77648722,44,2,Lama bgt nunggunya,FALSE,Tinggi,Selesai
ORD-2024-003340,1/22/2024 13:11,Martabak,31000,3.183267826,42,4,Mantap gan!,FALSE,Rendah,Selesai
ORD-2024-003341,2/3/2024 13:24,Mie,15500,4.289731243,36,5,Makasih ya,TRUE,Tidak Ada,Selesai
ORD-2024-003342,1/22/2024 21:14,Kopi,17500,0.588660102,11,4,Makasih ya,FALSE,Tidak Ada,Selesai
ORD-2024-003343,13/02/2024 19:06,Martabak,35000,2.653673915,17,5,Wow enak bgt,TRUE,Tidak Ada,Selesai
ORD-2024-003344,3/5/2024 14:23,Ayam,60500,8.49803277,45,4,Sesuai pesanan,TRUE,Tidak Ada,Selesai
ORD-2024-003345,3/23/2024 19:24,Kopi,12500,2.830864538,28,4,Buruan order!11,FALSE,Tinggi,Selesai
ORD-2024-003346,1/3/2024 20:49,Martabak,44000,2.835122864,25,,,FALSE,Tidak Ada,Selesai
ORD-2024-003347,2/3/2024 12:19,Ayam,26500,4.000418625,14,5,Makanan hangat sampai,TRUE,Tidak Ada,Selesai
ORD-2024-003348,27/03/2024 18:04,Ayam,53500,1.215814425,15,4,Buruan order!11,FALSE,Tidak Ada,Selesai
ORD-2024-003349,3/2/2024 18:03,Ayam,80500,3.616681205,30,5,Puas bgt,TRUE,Tidak Ada,Selesai
ORD-2024-003350,2/12/2024 19:50,Ayam,61500,7.439178276,16,4,Buruan order!11,FALSE,Tidak Ada,Selesai
ORD-2024-003351,2/16/2024 13:05,Ayam,65500,0.5,5,4,Buruan order!11,FALSE,Tidak Ada,Selesai
ORD-2024-003352,1/14/2024 13:12,Kopi,12000,6.123272261,39,5,Wow enak bgt,FALSE,Tidak Ada,Selesai
ORD-2024-003353,1/23/2024 18:52,Mie,28500,0.740074668,12,4,Makanan hangat sampai,TRUE,Rendah,Selesai
ORD-2024-003354,3/8/2024 14:28,Kopi,2098000,1.825995003,16,5,Buruan order!11,TRUE,Tidak Ada,Selesai
ORD-2024-003355,1/3/2024 8:54,Ayam,23000,5.738687332,36,5,Sesuai pesanan,TRUE,Tidak Ada,Selesai
ORD-2024-003356,3/23/2024 9:49,Ayam,50000,5.210316398,25,,,TRUE,Rendah,Selesai
ORD-2024-003357,15/02/2024 14:39,Martabak,36000,6.674858335,31,5,Rekomendasi deh,FALSE,Tidak Ada,Selesai
ORD-2024-003358,1/16/2024 16:30,Kopi,20500,8.461144501,33,5,Nggg enak 😋,FALSE,Tidak Ada,Selesai
ORD-2024-003359,1/17/2024 0:17,Mie,29500,1.778043437,13,5,Wow enak bgt,FALSE,Rendah,Selesai
ORD-2024-003360,6/3/2024 19:25,Martabak,26000,3.204515312,16,5,Rekomendasi deh,FALSE,Rendah,Selesai
ORD-2024-003361,12/2/2024 20:26,Martabak,15000,1.485242875,15,5,Sesuai pesanan,FALSE,Rendah,Selesai
ORD-2024-003362,3/15/2024 20:34,Ayam,43000,1.2956585,6,4,Makanan hangat sampai,TRUE,Tidak Ada,Selesai
ORD-2024-003363,22/01/2024 13:32,Martabak,27500,1.694765426,15,5,Enak bgttt,TRUE,Rendah,Selesai
ORD-2024-003364,3/26/2024 13:46,Ayam,46500,4.076926447,22,4,Driver ramah,TRUE,Rendah,Selesai
ORD-2024-003365,16/02/2024 10:50,Mie,30500,2.088098503,18,5,Makasih ya,FALSE,Tidak Ada,Selesai
ORD-2024-003366,6/2/2024 12:19,Martabak,45000,5.046988461,45,,,FALSE,Tinggi,Selesai
ORD-2024-003367,1/11/2024 13:21,Ayam,53500,4.102046623,29,4,Makanan hangat sampai,FALSE,Tidak Ada,Selesai
ORD-2024-003368,1/1/2024 1:09,Ayam,48000,0.5,12,3,Gapapa,TRUE,Rendah,Selesai
ORD-2024-003369,3/22/2024 12:04,Ayam,47000,,25,,,FALSE,Rendah,Selesai
ORD-2024-003370,1/15/2024 10:04,Martabak,31000,1.721142512,8,4,Enak bgt!!!!!!!!!,FALSE,Tidak Ada,Selesai
ORD-2024-003371,2/13/2024 21:13,Ayam,37500,1.829888793,25,,,TRUE,Tidak Ada,Selesai
ORD-2024-003372,3/12/2024 21:06,Kopi,500,5.117401326,34,4,Akan order lg nih,FALSE,Tidak Ada,Selesai
ORD-2024-003373,3/7/2024 20:24,Ayam,53500,2.379618563,20,5,Rekomendasi deh,TRUE,Tidak Ada,Selesai
ORD-2024-003374,3/3/2024 12:27,Martabak,32000,6.504734948,39,4,Makanan hangat sampai,FALSE,Tidak Ada,Selesai
ORD-2024-003375,2/26/2024 9:41,Mie,30000,3.742787742,24,4,Nggg enak 😋,FALSE,Tidak Ada,Selesai
ORD-2024-003376,1/1/2024 12:58,Martabak,32000,2.414516479,24,5,Makasih ya,TRUE,Tidak Ada,Selesai
ORD-2024-003377,9/1/2024 18:45,Martabak,39500,4.213839098,37,4,Puas bgt,FALSE,Tidak Ada,Selesai
ORD-2024-003378,1/14/2024 6:53,Ayam,34500,0.5,5,3,Biasa saja,TRUE,Tidak Ada,Selesai
ORD-2024-003379,3/18/2024 11:40,Ayam,40000,0.5,26,5,Makanan hangat sampai,FALSE,Tidak Ada,Selesai
ORD-2024-003380,1/8/2024 17:56,Martabak,38000,,5,4,Rekomendasi deh,FALSE,Tidak Ada,Selesai
ORD-2024-003381,2/23/2024 12:13,Kopi,10000,1.726440856,25,4,Sesuai pesanan,FALSE,Tidak Ada,Selesai
ORD-2024-003382,2/14/2024 12:49,Kopi,14000,0.805404132,17,4,Cepat sampai,TRUE,Tidak Ada,Selesai
ORD-2024-003383,12/1/2024 5:50,Ayam,39000,12.45489683,40,,,FALSE,Rendah,Selesai
ORD-2024-003384,3/2/2024 19:47,Ayam,25500,2.344559361,30,,,FALSE,Rendah,Selesai
ORD-2024-003385,2/4/2024 20:09,Ayam,48500,3.257820476,6,5,Makasih ya,TRUE,Tidak Ada,Dibatalkan
ORD-2024-003386,1/5/2024 11:32,Mie,31000,0.980600126,31,,,TRUE,Tidak Ada,Selesai
ORD-2024-003387,3/26/2024 12:57,Ayam,54000,,38,3,Standar lah,FALSE,Tidak Ada,Selesai
ORD-2024-003388,1/14/2024 21:55,Kopi,20000,1.225989262,15,5,Wow enak bgt,FALSE,Tidak Ada,Selesai
ORD-2024-003389,1/16/2024 18:04,Ayam,71500,3.599302031,15,4,Cepat sampai,FALSE,Tidak Ada,Selesai
ORD-2024-003390,1/26/2024 18:59,Martabak,27000,1.925687045,13,4,Makasih ya,FALSE,Tidak Ada,Selesai
ORD-2024-003391,1/24/2024 0:20,Ayam,96000,2.187465173,24,5,Top bgt kualitasnya,FALSE,Tidak Ada,Selesai
ORD-2024-003392,3/14/2024 19:13,Mie,23500,2.689486241,19,2,"Narik duit banyak😡",FALSE,Tinggi,Selesai
ORD-2024-003393,1/22/2024 23:27,Mie,24500,4.393567679,5,4,Top bgt kualitasnya,FALSE,Tidak Ada,Selesai
ORD-2024-003394,3/15/2024 13:15,Ayam,39500,0.5,17,5,Buruan order!!11,FALSE,Tidak Ada,Selesai
ORD-2024-003395,1/31/2024 10:41,Mie,30000,4.500054754,31,5,Sesuai pesanan,FALSE,Tinggi,Selesai
ORD-2024-003396,2/1/2024 17:13,Mie,24000,2.485080431,26,4,Top bgt kualitasnya,FALSE,Rendah,Selesai
ORD-2024-003397,2/9/2024 11:31,Mie,25500,3.317775895,30,5,Wow enak bgt,FALSE,Tidak Ada,Selesai
ORD-2024-003398,4/3/2024 14:18,Mie,24500,1.190490433,32,3,Yaudah minum teh,FALSE,Rendah,Selesai
ORD-2024-003399,14/03/2024 13:36,Ayam,47500,1.579782066,16,,,FALSE,Tidak Ada,Selesai
ORD-2024-003400,3/4/2024 17:11,Kopi,17000,0.788639889,31,4,Makanan hangat sampai,FALSE,Rendah,Selesai
ORD-2024-003401,3/15/2024 18:36,Ayam,44000,11.63286436,52,3,Gapapa,FALSE,Tidak Ada,Selesai
ORD-2024-003402,1/21/2024 12:42,Ayam,44500,,30,4,Wow enak bgt,TRUE,Tidak Ada,Selesai
ORD-2024-003403,3/8/2024 23:07,Mie,33500,16.62263144,59,5,Wow enak bgt,FALSE,Tidak Ada,Selesai
ORD-2024-003404,2/11/2024 12:08,Ayam,46500,2.018774971,39,5,Enak bgt!!,FALSE,Rendah,Selesai
ORD-2024-003405,3/27/2024 3:08,Martabak,33000,0.744427555,17,5,Mantap gan!,TRUE,Rendah,Selesai
ORD-2024-003406,1/7/2024 18:02,Mie,20000,2.1244925,19,4,Puas bgt,FALSE,Tidak Ada,Selesai
ORD-2024-003407,3/11/2024 20:33,Mie,23000,0.5,5,5,Makasih ya,TRUE,Tidak Ada,Selesai
ORD-2024-003408,3/13/2024 18:44,Mie,17500,7.054374527,39,5,Driver ramah,FALSE,Rendah,Selesai
ORD-2024-003409,2/17/2024 11:11,Ayam,82500,5.120329589,23,2,Driver gak ramah,FALSE,Tinggi,Dibatalkan
ORD-2024-003410,2/20/2024 1:12,Ayam,74500,3.881917059,25,4,Makanan hangat sampai,FALSE,Rendah,Selesai
ORD-2024-003411,8/2/2024 14:41,Kopi,19000,2.823492957,28,2,Kurang sambelnya,FALSE,Tinggi,Selesai
ORD-2024-003412,14/03/2024 14:04,Ayam,87500,2.601317892,31,4,Sesuai pesanan,FALSE,Rendah,Selesai
ORD-2024-003413,21/01/2024 23:36,Ayam,64500,17.16725787,66,1,Gajadi orderan,FALSE,Tidak Ada,Selesai
ORD-2024-003414,1/12/2024 12:41,Kopi,16000,0.977179758,16,5,Wow enak bgt,FALSE,Tidak Ada,Selesai
ORD-2024-003415,3/16/2024 21:01,Martabak,33000,4.538082174,41,,,TRUE,Tinggi,Selesai
ORD-2024-003416,2/3/2024 12:03,Kopi,22500,2.612552594,35,4,Akan order lg nih,TRUE,Tidak Ada,Selesai
ORD-2024-003417,1/1/2024 20:05,Ayam,37000,11.17420935,42,,,FALSE,Tidak Ada,Selesai
ORD-2024-003418,3/4/2024 11:09,Martabak,1000,5.27735152,48,3,Biasa saja,FALSE,Rendah,Dibatalkan
ORD-2024-003419,1/20/2024 3:13,Ayam,44000,19.55752169,79,,,TRUE,Rendah,Dibatalkan
ORD-2024-003420,3/28/2024 14:26,Ayam,4067000,2.662563187,13,4,Sesuai pesanan,TRUE,Tinggi,Refund
ORD-2024-003421,1/18/2024 11:07,Martabak,21500,0.686519071,5,5,Nggg enak 😋,TRUE,Tidak Ada,Selesai
ORD-2024-003422,1/14/2024 12:02,Martabak,20500,2.101645724,31,1,Lama org kerjanyaa,FALSE,Rendah,Selesai
ORD-2024-003423,5/1/2024 19:42,Martabak,27500,3.725139635,27,4,Makanan hangat sampai,FALSE,Tidak Ada,Selesai
ORD-2024-003424,2/26/2024 6:59,Ayam,52500,4.466448545,20,5,Sesuai pesanan,TRUE,Tidak Ada,Selesai
ORD-2024-003425,1/28/2024 12:27,Mie,26500,0.5,17,5,Rekomendasi deh,TRUE,Rendah,Selesai
ORD-2024-003426,9/3/2024 12:29,Martabak,45000,2.109756726,31,4,Makasih ya,FALSE,Tinggi,Selesai
ORD-2024-003427,2/8/2024 3:09,Kopi,15500,0.804558398,5,5,Rekomendasi deh,TRUE,Tidak Ada,Selesai
ORD-2024-003428,1/23/2024 13:01,Martabak,32000,6.236209369,36,,,FALSE,Tidak Ada,Selesai
ORD-2024-003429,20/02/2024 18:59,Mie,14500,0.5,14,5,Rekomendasi deh,FALSE,Tidak Ada,Refund
ORD-2024-003430,3/14/2024 4:09,Kopi,16500,3.29394371,32,4,Akan order lg nih,FALSE,Tidak Ada,Selesai
ORD-2024-003431,1/17/2024 12:44,Kopi,18000,0.927992946,23,5,Driver ramah,TRUE,Tidak Ada,Selesai
ORD-2024-003432,2/14/2024 2:51,Mie,16500,1.322696234,21,4,Makanan hangat sampai,TRUE,Tidak Ada,Selesai
ORD-2024-003433,1/1/2024 6:45,Martabak,23000,,32,4,Wow enak bgt,FALSE,Rendah,Selesai
ORD-2024-003434,2/14/2024 14:52,Kopi,18500,0.825079975,21,4,Cepat sampai,FALSE,Tidak Ada,Selesai
ORD-2024-003435,1/30/2024 3:09,Martabak,26000,0.5,8,5,Buruan order!11,FALSE,Tidak Ada,Selesai
ORD-2024-003436,2/15/2024 21:23,Kopi,16000,0.5,13,5,Cepat sampai,TRUE,Rendah,Selesai
ORD-2024-003437,17/01/2024 11:16,Ayam,60500,2.10726079,25,,,FALSE,Tidak Ada,Selesai
ORD-2024-003438,1/20/2024 14:59,Kopi,2383500,3.079250105,24,5,Wow enak bgt,TRUE,Rendah,Selesai
ORD-2024-003439,2/16/2024 20:14,Mie,25500,,19,3,OK,FALSE,Rendah,Dibatalkan
ORD-2024-003440,1/8/2024 11:28,Mie,35000,3.516063628,37,2,Gajadi orderan,TRUE,Tidak Ada,Selesai
ORD-2024-003441,1/11/2024 21:01,Ayam,40000,0.5,10,5,Sesuai pesanan,FALSE,Tidak Ada,Dibatalkan
ORD-2024-003442,1/17/2024 16:41,Kopi,24500,5.841760696,19,3,Biasa saja,TRUE,Tinggi,Selesai
ORD-2024-003443,2/10/2024 12:52,Ayam,40500,5.087720833,22,4,Driver ramah,FALSE,Tidak Ada,Selesai
ORD-2024-003444,3/23/2024 13:02,Mie,26500,12.70004855,47,4,Buruan order!11,FALSE,Tidak Ada,Selesai
ORD-2024-003445,3/1/2024 20:31,Mie,24000,8.270381447,57,4,Enak bgt,FALSE,Tidak Ada,Dibatalkan
ORD-2024-003446,3/22/2024 20:57,Martabak,31000,1.321088265,23,4,Sesuai pesanan,TRUE,Tidak Ada,Selesai
ORD-2024-003447,9/1/2024 21:43,Mie,29000,1.528855977,28,3,Yaudah minum teh,FALSE,Rendah,Selesai
ORD-2024-003448,2/17/2024 12:15,Martabak,33500,4.110847877,35,3,Yaudah minum teh,FALSE,Tidak Ada,Selesai
ORD-2024-003449,1/14/2024 13:29,Kopi,13500,0.5,12,2,Bau gak tauu,FALSE,Rendah,Selesai
ORD-2024-003450,1/6/2024 17:51,Ayam,32500,1.130697285,32,,,FALSE,Tidak Ada,Selesai
ORD-2024-003451,1/5/2024 14:35,Kopi,27000,0.5,7,5,Sesuai pesanan,FALSE,Tidak Ada,Selesai
ORD-2024-003452,2/21/2024 11:31,Martabak,26500,1.820283467,38,3,Lumayan,TRUE,Tidak Ada,Selesai
ORD-2024-003453,1/6/2024 21:06,Martabak,35000,2.4089148,22,5,Buruan order!11,FALSE,Tidak Ada,Selesai
ORD-2024-003454,16/02/2024 18:37,Kopi,9500,,32,5,Enak bgt,TRUE,Tidak Ada,Selesai
ORD-2024-003455,1/14/2024 22:03,Mie,24000,0.5,5,,,FALSE,Tidak Ada,Selesai
ORD-2024-003456,3/6/2024 14:06,Ayam,49500,3.812003152,22,2,Buruk skali layanannya,FALSE,Tinggi,Selesai
ORD-2024-003457,1/30/2024 11:52,Kopi,18500,0.5,5,5,Puas bgt,FALSE,Tidak Ada,Selesai
ORD-2024-003458,8/3/2024 15:19,Martabak,9500,10.88082644,51,5,Makasih ya,FALSE,Rendah,Selesai
ORD-2024-003459,1/23/2024 12:01,Martabak,31000,0.751572212,17,4,Enak bgt!!!,TRUE,Tidak Ada,Selesai
ORD-2024-003460,1/24/2024 13:28,Martabak,21500,3.271040455,43,3,Gapapa,FALSE,Tinggi,Dibatalkan
ORD-2024-003461,3/17/2024 11:13,Ayam,57000,1.711470665,14,4,Makanan hangat sampai,FALSE,Tidak Ada,Selesai
ORD-2024-003462,2/12/2024 12:38,Ayam,34000,0.5,27,,,TRUE,Tidak Ada,Selesai
ORD-2024-003463,2/26/2024 13:56,Martabak,23500,1.917020387,20,,,FALSE,Tidak Ada,Selesai
ORD-2024-003464,20/01/2024 11:33,Kopi,15500,2.181729501,19,5,Driver ramah,FALSE,Tidak Ada,Selesai
ORD-2024-003465,30/03/2024 00:02,Ayam,34000,5.786517444,25,5,Wow enak bgt,TRUE,Tidak Ada,Selesai
ORD-2024-003466,2/21/2024 17:19,Martabak,26500,,18,4,Enak bgt,FALSE,Tidak Ada,Selesai
ORD-2024-003467,1/4/2024 3:03,Kopi,11500,0.5,14,5,Makanan hangat sampai,FALSE,Tidak Ada,Selesai
ORD-2024-003468,3/26/2024 19:02,Martabak,16500,0.703989001,17,,,FALSE,Tinggi,Dibatalkan
ORD-2024-003469,2/3/2024 21:49,Mie,33000,1.121409614,5,5,Cepat sampai,FALSE,Tidak Ada,Selesai
ORD-2024-003470,3/13/2024 22:40,Ayam,30000,,5,5,Sesuai pesanan,TRUE,Tidak Ada,Selesai
ORD-2024-003471,1/1/2024 11:20,Ayam,48500,1.83138031,16,5,Enak bgt,FALSE,Tidak Ada,Selesai
ORD-2024-003472,2/2/2024 21:02,Martabak,938000,12.46404043,68,1,😠😠😠,FALSE,Tinggi,Selesai
ORD-2024-003473,3/23/2024 15:59,Martabak,35500,2.168425014,18,5,Cepat sampai,TRUE,Tidak Ada,Selesai
ORD-2024-003474,3/18/2024 20:40,Martabak,35000,4.063017259,14,4,Puas bgt,FALSE,Tidak Ada,Selesai
ORD-2024-003475,26/01/2024 20:43,Mie,23000,3.445971908,7,4,Rekomendasi deh,TRUE,Tidak Ada,Selesai
ORD-2024-003476,18/02/2024 19:06,Mie,16000,5.689589179,44,3,Lumayan,TRUE,Tinggi,Selesai
ORD-2024-003477,1/13/2024 14:18,Mie,42000,0.72898089,5,1,Buruk sx layanannya,FALSE,Tinggi,Selesai
ORD-2024-003478,3/14/2024 12:53,Kopi,16000,4.205153217,34,,,TRUE,Tidak Ada,Selesai
ORD-2024-003479,25/02/2024 13:37,Kopi,11500,,40,4,Enak bgt!!!,FALSE,Tidak Ada,Selesai
ORD-2024-003480,19/03/2024 17:04,Kopi,17000,0.564450896,30,4,Top bgt kualitasnya,FALSE,Tidak Ada,Refund
ORD-2024-003481,2/3/2024 14:54,Ayam,50000,1.277625949,11,5,Nggg enak 😋,TRUE,Tidak Ada,Selesai
ORD-2024-003482,28/01/2024 21:29,Kopi,10000,10.52986742,59,3,Gapapa,TRUE,Rendah,Selesai
ORD-2024-003483,1/22/2024 14:03,Ayam,53000,4.553145835,42,3,Lumayan,TRUE,Rendah,Selesai
ORD-2024-003484,3/26/2024 20:51,Mie,33000,0.996326806,5,4,Rekomendasi deh,TRUE,Tidak Ada,Selesai
ORD-2024-003485,1/13/2024 17:51,Kopi,15500,2.489938466,22,5,Top bgt kualitasnya,TRUE,Tidak Ada,Refund
ORD-2024-003486,3/28/2024 19:36,Kopi,7500,1.554185843,17,5,Wow enak bgt,FALSE,Tidak Ada,Selesai
ORD-2024-003487,3/15/2024 18:57,Kopi,18000,,9,5,Cepat sampai,FALSE,Tidak Ada,Dibatalkan
ORD-2024-003488,2/26/2024 23:53,Ayam,61500,,16,5,Mantap gan!,TRUE,Tidak Ada,Selesai
ORD-2024-003489,16/03/2024 21:32,Ayam,41500,0.982726072,5,,,FALSE,Rendah,Selesai
ORD-2024-003490,1/10/2024 12:57,Kopi,14000,3.369603777,28,,,TRUE,Tidak Ada,Selesai
ORD-2024-003491,18/01/2024 11:28,Ayam,89500,4.522564466,49,3,Yaudah minum teh,FALSE,Tidak Ada,Selesai
ORD-2024-003492,7/3/2024 18:36,Martabak,25000,6.213399403,32,,,TRUE,Tidak Ada,Selesai
ORD-2024-003493,2/17/2024 17:34,Mie,18000,0.506427665,13,5,Makasih ya,TRUE,Rendah,Selesai
ORD-2024-003494,1/4/2024 11:26,Mie,26000,5.192368886,44,3,Gapapa,FALSE,Rendah,Selesai
ORD-2024-003495,3/26/2024 12:53,Martabak,34500,0.88231124,27,,,FALSE,Tidak Ada,Selesai
ORD-2024-003496,1/11/2024 14:05,Ayam,3508000,1.672370408,12,5,Wow enak bgt,FALSE,Tidak Ada,Selesai
ORD-2024-003497,1/11/2024 16:57,Mie,36500,6.951381531,36,4,Sesuai pesanan,FALSE,Tidak Ada,Selesai
ORD-2024-003498,3/16/2024 12:38,Mie,27000,1.818177225,5,3,Lumayan,TRUE,Rendah,Selesai
ORD-2024-003499,5/3/2024 14:37,Ayam,34000,0.658439067,5,4,Akan order lg nih,FALSE,Tidak Ada,Selesai
ORD-2024-003500,3/2/2024 1:17,Martabak,26000,0.52259111,20,,,FALSE,Tinggi,Selesai
ORD-2024-003501,1/30/2024 8:57,Ayam,81000,1.921571783,12,3,Biasa saja,TRUE,Rendah,Selesai
ORD-2024-003502,3/15/2024 19:27,Mie,32500,4.314941745,26,5,Nggg enak 😋,FALSE,Tidak Ada,Selesai
ORD-2024-003503,3/11/2024 18:31,Mie,30500,17.63992406,67,5,Mantap gan!,FALSE,Tidak Ada,Refund
ORD-2024-003504,3/29/2024 18:21,Ayam,57500,4.645150198,18,5,Makasih ya,FALSE,Rendah,Selesai
ORD-2024-003505,14/01/2024 14:37,Mie,21500,6.287004467,11,5,Rekomendasi deh,FALSE,Rendah,Selesai
ORD-2024-003506,3/25/2024 12:11,Martabak,28500,4.132983535,23,3,OK,FALSE,Tidak Ada,Selesai
ORD-2024-003507,18/03/2024 22:40,Mie,25500,6.773842065,34,5,Wow enak bgt,FALSE,Tidak Ada,Selesai
ORD-2024-003508,18/02/2024 18:46,Kopi,19000,0.5,16,4,Akan order lg nih,FALSE,Rendah,Refund
ORD-2024-003509,2/24/2024 14:32,Mie,36500,,33,4,Driver ramah,FALSE,Tidak Ada,Selesai
ORD-2024-003510,2/26/2024 13:06,Ayam,70000,1.514561242,5,4,Puas bgt,FALSE,Tidak Ada,Selesai
ORD-2024-003511,2/15/2024 18:52,Ayam,27500,7.638338362,36,5,Enak bgt!!!,FALSE,Tidak Ada,Selesai
ORD-2024-003512,10/3/2024 17:32,Ayam,55500,0.5,5,3,Lumayan,FALSE,Rendah,Selesai
ORD-2024-003513,1/29/2024 14:34,Mie,31000,3.76835683,18,3,Biasa saja,FALSE,Tidak Ada,Selesai
ORD-2024-003514,3/19/2024 14:08,Mie,30500,3.991883664,28,5,Buruan order!11,FALSE,Rendah,Selesai
ORD-2024-003515,1/20/2024 16:28,Mie,21500,17.33961608,55,4,Sesuai pesanan,FALSE,Tidak Ada,Dibatalkan
ORD-2024-003516,2/24/2024 11:05,Mie,46500,4.394133693,40,,,TRUE,Tidak Ada,Selesai
ORD-2024-003517,1/15/2024 18:22,Ayam,30000,1.446586738,7,3,Gapapa,FALSE,Tidak Ada,Selesai
ORD-2024-003518,3/17/2024 18:52,Kopi,12000,2.444240193,15,5,Top bgt kualitasnya,FALSE,Tidak Ada,Selesai
ORD-2024-003519,2/22/2024 12:30,Ayam,55500,1.36972707,25,3,Biasa saja,FALSE,Tinggi,Selesai
ORD-2024-003520,1/1/2024 12:02,Ayam,87000,0.654537602,21,5,Cepat sampai,FALSE,Tidak Ada,Selesai
ORD-2024-003521,12/3/2024 20:21,Ayam,37500,0.857061501,20,3,OK,FALSE,Tidak Ada,Selesai
ORD-2024-003522,1/3/2024 11:58,Kopi,15500,0.753126885,9,5,Driver ramah,TRUE,Tidak Ada,Selesai
ORD-2024-003523,3/4/2024 11:39,Ayam,69500,2.387635667,26,5,Nggg enak 😋,FALSE,Tidak Ada,Selesai
ORD-2024-003524,3/24/2024 12:44,Ayam,51000,7.09851251,45,4,Mantap gan!,TRUE,Tinggi,Selesai
ORD-2024-003525,3/13/2024 17:30,Ayam,46000,7.316129574,43,,,FALSE,Tidak Ada,Selesai
ORD-2024-003526,1/9/2024 4:44,Ayam,61000,0.5,11,2,Lama bgt nunggunya,TRUE,Tinggi,Selesai
ORD-2024-003527,3/14/2024 20:02,Mie,28000,,19,5,Puas bgt,FALSE,Tidak Ada,Selesai
ORD-2024-003528,1/1/2024 14:53,Martabak,37500,0.843585701,14,4,Sesuai pesanan,FALSE,Tidak Ada,Selesai
ORD-2024-003529,4/2/2024 13:26,Mie,35000,0.883352597,19,,,FALSE,Tidak Ada,Selesai
ORD-2024-003530,14/01/2024 10:39,Kopi,18000,0.5,12,5,Rekomendasi deh,FALSE,Rendah,Selesai
ORD-2024-003531,3/21/2024 19:34,Ayam,56500,1.47534113,5,4,Driver ramah,FALSE,Rendah,Selesai
ORD-2024-003532,3/9/2024 18:44,Martabak,31500,2.658196887,16,,,FALSE,Tidak Ada,Selesai
ORD-2024-003533,3/20/2024 19:59,Ayam,1000,2.589403201,41,,,TRUE,Tinggi,Dibatalkan
ORD-2024-003534,2/9/2024 2:20,Ayam,10500,2.352037656,5,5,Nggg enak 😋,TRUE,Tidak Ada,Selesai
ORD-2024-003535,2/10/2024 1:07,Ayam,51500,,26,,,TRUE,Tidak Ada,Selesai
ORD-2024-003536,3/17/2024 1:54,Ayam,42000,3.677179992,26,5,Nggg enak 😋,TRUE,Tidak Ada,Selesai
ORD-2024-003537,2/16/2024 14:56,Ayam,54000,5.254455374,31,5,Rekomendasi deh,FALSE,Tinggi,Selesai
ORD-2024-003538,1/15/2024 11:27,Kopi,1291000,1.27520215,5,5,Puas bgt,TRUE,Tidak Ada,Selesai
ORD-2024-003539,1/30/2024 17:48,Martabak,27500,0.5,14,5,Sesuai pesanan,FALSE,Rendah,Selesai
ORD-2024-003540,20/02/2024 13:15,Ayam,58000,,9,,,TRUE,Rendah,Refund
ORD-2024-003541,3/23/2024 13:20,Ayam,62500,0.5,25,5,Enak bgt!!,FALSE,Tidak Ada,Selesai
ORD-2024-003542,2/18/2024 17:01,Mie,25000,1.889721347,12,,,FALSE,Tinggi,Selesai
ORD-2024-003543,14/03/2024 12:19,Ayam,19500,0.508577857,11,3,OK,FALSE,Tidak Ada,Selesai
ORD-2024-003544,2/2/2024 13:58,Ayam,35500,,21,3,OK,FALSE,Rendah,Selesai
ORD-2024-003545,3/28/2024 23:55,Mie,32500,0.749243838,7,4,Driver ramah,FALSE,Tidak Ada,Selesai
ORD-2024-003546,2/25/2024 17:20,Ayam,5500,4.026615464,36,5,Sesuai pesanan,TRUE,Tidak Ada,Selesai
ORD-2024-003547,21/01/2024 13:20,Ayam,71500,0.5,11,5,Mantap gan!,FALSE,Tidak Ada,Selesai
ORD-2024-003548,3/3/2024 10:34,Kopi,18500,2.427333167,5,5,Mantap gan!,FALSE,Tidak Ada,Selesai
ORD-2024-003549,27/02/2024 09:49,Ayam,73500,0.557139696,13,,,TRUE,Tinggi,Dibatalkan
ORD-2024-003550,1/25/2024 19:01,Kopi,15500,0.5,22,5,Nggg enak 😋,TRUE,Tidak Ada,Selesai
ORD-2024-003551,2/17/2024 14:56,Mie,11500,6.10225954,48,3,OK,FALSE,Tidak Ada,Selesai
ORD-2024-003552,3/22/2024 14:21,Ayam,58500,,29,2,Makanannya dingin,TRUE,Tinggi,Selesai
ORD-2024-003553,1/14/2024 19:38,Kopi,22000,0.5,25,5,Puas bgt,FALSE,Tidak Ada,Selesai
ORD-2024-003554,1/7/2024 14:10,Kopi,20500,3.272578567,28,4,Puas bgt,TRUE,Tidak Ada,Selesai
ORD-2024-003555,1/23/2024 12:48,Ayam,40500,2.837524248,13,4,Mantap gan!,FALSE,Tidak Ada,Selesai
ORD-2024-003556,3/2/2024 15:19,Martabak,30500,,10,,,FALSE,Tidak Ada,Selesai
ORD-2024-003557,2/10/2024 20:01,Ayam,1585000,1.630346557,5,5,Puas bgt,FALSE,Tidak Ada,Selesai
ORD-2024-003558,5/2/2024 3:05,Kopi,12500,6.542955066,28,5,Akan order lg nih,TRUE,Tidak Ada,Selesai
ORD-2024-003559,3/5/2024 8:34,Ayam,35000,0.843700805,18,,,FALSE,Rendah,Selesai
ORD-2024-003560,19/02/2024 00:48,Kopi,13000,1.524039034,5,4,Buruan order!11,FALSE,Tidak Ada,Selesai
ORD-2024-003561,1/2/2024 14:30,Ayam,66500,,29,3,Gapapa,FALSE,Tinggi,Selesai
ORD-2024-003562,3/12/2024 11:11,Mie,28000,4.424734551,27,3,Biasa saja,FALSE,Tidak Ada,Selesai
ORD-2024-003563,2/15/2024 17:59,Ayam,19000,7.447479718,30,5,Sesuai pesanan,FALSE,Tidak Ada,Selesai
ORD-2024-003564,18/01/2024 13:50,Kopi,18000,5.686997103,17,5,Enak bgt!!,FALSE,Tidak Ada,Dibatalkan
ORD-2024-003565,3/22/2024 2:09,Kopi,15500,,38,5,Nggg enak 😋,FALSE,Tidak Ada,Selesai
ORD-2024-003566,1/22/2024 13:14,Martabak,29000,12.98033112,70,4,Sesuai pesanan,TRUE,Tidak Ada,Selesai
ORD-2024-003567,3/2/2024 14:22,Kopi,13000,3.583498954,21,5,Rekomendasi deh,TRUE,Tidak Ada,Selesai
ORD-2024-003568,2/19/2024 17:03,Martabak,32500,4.171555304,36,5,Nggg enak 😋,FALSE,Tidak Ada,Selesai
ORD-2024-003569,3/22/2024 13:32,Martabak,500,12.18898069,54,,,TRUE,Tidak Ada,Refund
ORD-2024-003570,1/16/2024 22:48,Mie,33500,0.5,7,,,FALSE,Tidak Ada,Refund
ORD-2024-003571,2/2/2024 19:03,Ayam,79500,3.015762391,17,4,Mantap gan!,FALSE,Tinggi,Selesai
ORD-2024-003572,2/24/2024 13:18,Kopi,14000,4.029377414,24,4,Cepat sampai,TRUE,Tidak Ada,Selesai
ORD-2024-003573,19/01/2024 02:07,Mie,22500,7.496787457,29,5,Puas bgt,TRUE,Tidak Ada,Selesai
ORD-2024-003574,1/20/2024 14:18,Mie,29500,6.458471348,36,5,Buruan order!11,FALSE,Tinggi,Selesai
ORD-2024-003575,3/3/2024 19:46,Mie,37500,,47,,,FALSE,Tidak Ada,Selesai
ORD-2024-003576,2/27/2024 20:48,Kopi,14500,8.744740048,65,3,Gapapa,TRUE,Rendah,Selesai
ORD-2024-003577,2/7/2024 18:31,Ayam,29000,2.312542622,9,5,Cepat sampai,TRUE,Rendah,Selesai
ORD-2024-003578,12/3/2024 18:52,Kopi,19000,0.5,18,3,OK,FALSE,Rendah,Selesai
ORD-2024-003579,15/02/2024 20:34,Martabak,36000,0.5,16,4,Buruan order!11,TRUE,Tidak Ada,Selesai
ORD-2024-003580,1/9/2024 20:15,Kopi,16500,2.35999467,26,,,FALSE,Rendah,Selesai
ORD-2024-003581,2/12/2024 6:02,Kopi,14000,1.714234508,12,5,Akan order lg nih,FALSE,Tidak Ada,Dibatalkan
ORD-2024-003582,30/01/2024 12:17,Mie,33000,1.800309901,24,,,TRUE,Tidak Ada,Selesai
ORD-2024-003583,12/2/2024 9:00,Kopi,2456500,1.53450124,5,5,Enak bgt!!!!!!,TRUE,Tidak Ada,Selesai
ORD-2024-003584,3/30/2024 23:06,Mie,24000,7.493093455,60,2,Lama bgt nunggunya,FALSE,Tinggi,Selesai
ORD-2024-003585,20/02/2024 21:18,Kopi,17000,1.334974848,20,4,Wow enak bgt,TRUE,Tidak Ada,Selesai
ORD-2024-003586,2/24/2024 12:17,Ayam,38000,5.818557621,40,,,FALSE,Tidak Ada,Selesai
ORD-2024-003587,3/26/2024 8:16,Kopi,19000,6.994954178,22,,,FALSE,Rendah,Selesai
ORD-2024-003588,3/9/2024 13:44,Martabak,23000,2.07645365,13,5,Top bgt kualitasnya,FALSE,Tidak Ada,Selesai
ORD-2024-003589,3/20/2024 11:00,Ayam,52000,1.776855707,5,4,Buruan order!11,FALSE,Tidak Ada,Selesai
ORD-2024-003590,3/26/2024 11:09,Ayam,47500,4.294133823,41,5,Rekomendasi deh,FALSE,Rendah,Selesai
ORD-2024-003591,3/5/2024 19:55,Mie,30500,3.692711715,15,5,Enak bgt,TRUE,Tidak Ada,Dibatalkan
ORD-2024-003592,3/20/2024 20:37,Ayam,51500,1.19488068,14,5,Buruan order!11,TRUE,Tidak Ada,Dibatalkan
ORD-2024-003593,1/20/2024 22:38,Kopi,15500,0.5,10,5,Buruan order!!!11,FALSE,Tidak Ada,Selesai
ORD-2024-003594,2/10/2024 18:53,Kopi,13000,,20,5,Buruan order!11,FALSE,Tidak Ada,Selesai
ORD-2024-003595,2/27/2024 8:24,Kopi,16500,0.5,5,5,Nggg enak 😋,TRUE,Tidak Ada,Selesai
ORD-2024-003596,12/1/2024 19:34,Martabak,0,1.047533393,24,4,Wow enak bgt,FALSE,Tidak Ada,Selesai
ORD-2024-003597,2/2/2024 12:57,Ayam,3364500,0.910709108,27,4,Cepat sampai,FALSE,Tidak Ada,Refund
ORD-2024-003598,3/24/2024 14:10,Kopi,17000,3.045942639,17,,,FALSE,Tidak Ada,Selesai
ORD-2024-003599,3/13/2024 4:07,Kopi,18000,9.26986701,38,5,Sesuai pesanan,FALSE,Tidak Ada,Selesai
ORD-2024-003600,3/4/2024 12:56,Martabak,27500,3.472639461,31,,,TRUE,Rendah,Selesai
ORD-2024-003601,1/23/2024 21:59,Ayam,67000,7.837514113,43,3,OK,TRUE,Rendah,Selesai
ORD-2024-003602,3/12/2024 5:09,Kopi,17500,4.599268102,16,4,Top bgt kualitasnya,TRUE,Tidak Ada,Selesai
ORD-2024-003603,1/15/2024 12:11,Ayam,30000,,33,4,Cepat sampai,TRUE,Rendah,Selesai
ORD-2024-003604,1/9/2024 12:29,Ayam,74000,1.603623585,32,,,FALSE,Tidak Ada,Selesai
ORD-2024-003605,1/6/2024 16:53,Ayam,64500,1.178214583,26,5,Enak bgt!!,FALSE,Tidak Ada,Selesai
ORD-2024-003606,3/12/2024 21:30,Ayam,68500,5.617816261,38,5,Cepat sampai,FALSE,Tinggi,Selesai
ORD-2024-003607,1/2/2024 19:12,Mie,29000,7.074078816,45,5,Mantap gan!,TRUE,Rendah,Selesai
ORD-2024-003608,1/12/2024 12:57,Ayam,12500,1.803796762,15,5,Driver ramah,TRUE,Tidak Ada,Selesai
ORD-2024-003609,2/10/2024 17:37,Mie,33500,0.5,5,5,Mantap gan!!,FALSE,Tidak Ada,Selesai
ORD-2024-003610,3/2/2024 12:12,Mie,26500,4.718320896,28,4,Top bgt kualitasnya,FALSE,Rendah,Selesai
ORD-2024-003611,3/16/2024 11:02,Kopi,18000,1.006707064,37,5,Puas bgt,FALSE,Tidak Ada,Dibatalkan
ORD-2024-003612,1/3/2024 20:58,Ayam,60500,0.5,9,4,Enak bgt!!,FALSE,Tidak Ada,Selesai
ORD-2024-003613,2/5/2024 23:37,Kopi,24500,4.904091151,28,5,Driver ramah,FALSE,Tidak Ada,Selesai
ORD-2024-003614,10/1/2024 11:27,Martabak,26000,2.185789581,23,4,Akan order lg nih,FALSE,Tidak Ada,Selesai
ORD-2024-003615,3/26/2024 19:05,Kopi,14500,3.4675557,21,5,Makanan hangat sampai,FALSE,Tinggi,Selesai
ORD-2024-003616,3/23/2024 19:19,Ayam,37000,7.384384505,53,4,Driver ramah,FALSE,Tidak Ada,Selesai
ORD-2024-003617,12/1/2024 7:18,Kopi,12000,2.337251567,30,5,Top bgt kualitasnya,FALSE,Tidak Ada,Selesai
ORD-2024-003618,10/3/2024 14:39,Mie,18500,2.098667452,45,1,Kurang sambelnya,TRUE,Tinggi,Selesai
ORD-2024-003619,3/16/2024 14:02,Martabak,16000,1.030269928,8,5,Makanan hangat sampai,TRUE,Tidak Ada,Selesai
ORD-2024-003620,2/17/2024 6:27,Ayam,58500,1.092367112,17,,,FALSE,Tidak Ada,Selesai
ORD-2024-003621,2/7/2024 20:34,Martabak,45000,4.776888024,30,4,Sesuai pesanan,TRUE,Tidak Ada,Selesai
ORD-2024-003622,3/20/2024 20:38,Ayam,86000,1.788220646,12,,,TRUE,Tidak Ada,Selesai
ORD-2024-003623,3/8/2024 14:35,Ayam,37000,0.535680271,8,5,Driver ramah,FALSE,Tidak Ada,Selesai
ORD-2024-003624,3/22/2024 20:33,Mie,24000,0.5,15,5,Buruan order!11,FALSE,Tidak Ada,Selesai
ORD-2024-003625,3/3/2024 2:23,Ayam,72000,1.921209483,12,4,Cepat sampai,FALSE,Tidak Ada,Selesai
ORD-2024-003626,3/16/2024 19:29,Ayam,58500,1.876213403,9,2,Paket berantakan,FALSE,Tinggi,Selesai
ORD-2024-003627,2/28/2024 0:44,Ayam,54000,3.179256175,21,4,Enak bgt!!!,TRUE,Tidak Ada,Selesai
ORD-2024-003628,1/3/2024 4:27,Mie,24000,,7,5,Makanan hangat sampai,TRUE,Tidak Ada,Selesai
ORD-2024-003629,15/02/2024 21:36,Martabak,39000,,9,5,Makasih ya,FALSE,Rendah,Selesai
ORD-2024-003630,24/01/2024 19:05,Martabak,2933000,2.126628006,23,5,Driver ramah,FALSE,Tidak Ada,Selesai
ORD-2024-003631,3/14/2024 18:04,Martabak,32000,7.118681615,36,5,Cepat sampai,FALSE,Tidak Ada,Selesai
ORD-2024-003632,2/12/2024 17:29,Ayam,30000,0.521065866,11,5,Wow enak bgt,FALSE,Tidak Ada,Selesai
ORD-2024-003633,1/12/2024 4:31,Kopi,16500,3.511175442,35,5,Buruan order!11,FALSE,Tidak Ada,Selesai
ORD-2024-003634,1/24/2024 3:34,Kopi,18000,2.703166624,29,1,"Narik duit banyak😡",TRUE,Rendah,Selesai
ORD-2024-003635,3/23/2024 19:05,Ayam,49000,4.141959628,28,4,Wow enak bgt,FALSE,Tidak Ada,Selesai
ORD-2024-003636,2/21/2024 13:17,Kopi,19500,0.5,5,5,Nggg enak 😋,FALSE,Tidak Ada,Selesai
ORD-2024-003637,3/18/2024 10:32,Mie,26500,8.521592336,42,4,Puas bgt,FALSE,Tidak Ada,Selesai
ORD-2024-003638,1/7/2024 8:46,Ayam,42500,2.91039149,39,4,Nggg enak 😋,TRUE,Tidak Ada,Selesai
ORD-2024-003639,1/17/2024 13:43,Ayam,42000,5.633347254,45,2,Driver gak ramah,TRUE,Tinggi,Selesai
ORD-2024-003640,1/6/2024 12:00,Ayam,65000,,5,4,Top bgt kualitasnya,FALSE,Tidak Ada,Selesai
ORD-2024-003641,1/17/2024 11:31,Ayam,40500,4.034454228,25,,,TRUE,Tidak Ada,Selesai
ORD-2024-003642,3/14/2024 11:04,Mie,0,4.556471284,21,5,Makanan hangat sampai,FALSE,Tinggi,Selesai
ORD-2024-003643,2/13/2024 17:29,Kopi,20500,,9,,,TRUE,Tidak Ada,Selesai
ORD-2024-003644,1/18/2024 14:11,Kopi,16000,,28,4,Makasih ya,TRUE,Tidak Ada,Selesai
ORD-2024-003645,3/12/2024 19:00,Martabak,31500,3.217047009,34,5,Akan order lg nih,TRUE,Tidak Ada,Selesai
ORD-2024-003646,3/7/2024 16:11,Ayam,78500,0.5,26,,,FALSE,Rendah,Selesai
ORD-2024-003647,2/27/2024 12:26,Kopi,23000,3.991150545,33,4,Top bgt kualitasnya,FALSE,Tidak Ada,Selesai
ORD-2024-003648,3/10/2024 11:00,Kopi,20000,0.5,13,,,FALSE,Tidak Ada,Selesai
ORD-2024-003649,14/02/2024 20:44,Kopi,17000,0.634350191,16,4,Top bgt kualitasnya,FALSE,Tidak Ada,Selesai
ORD-2024-003650,1/12/2024 13:00,Mie,19500,3.273216179,15,5,Sesuai pesanan,FALSE,Tidak Ada,Selesai
ORD-2024-003651,2/29/2024 3:52,Martabak,42500,0.5,22,,,FALSE,Tidak Ada,Selesai
ORD-2024-003652,1/24/2024 17:47,Kopi,15500,10.70978106,43,3,Biasa saja,FALSE,Rendah,Selesai
ORD-2024-003653,2/26/2024 12:12,Mie,28000,6.083878371,30,5,Sesuai pesanan,FALSE,Tinggi,Selesai
ORD-2024-003654,1/10/2024 18:20,Ayam,62000,2.952924552,20,,,FALSE,Rendah,Selesai
ORD-2024-003655,3/2/2024 11:56,Ayam,52500,5.128727198,5,5,Buruan order!11,FALSE,Tidak Ada,Selesai
ORD-2024-003656,2/9/2024 19:44,Ayam,71000,6.556541561,44,4,Mantap gan!,FALSE,Rendah,Selesai
ORD-2024-003657,3/23/2024 14:26,Ayam,5614000,0.901190286,6,4,Enak bgt,FALSE,Rendah,Selesai
ORD-2024-003658,1/28/2024 13:22,Kopi,18500,5.679614735,39,5,Mantap gan!,FALSE,Tidak Ada,Selesai
ORD-2024-003659,2/5/2024 3:26,Martabak,3791500,0.649970595,8,4,Puas bgt,FALSE,Rendah,Selesai
ORD-2024-003660,20/03/2024 16:59,Mie,25500,1.599941108,11,5,Top bgt kualitasnya,FALSE,Rendah,Selesai
ORD-2024-003661,26/01/2024 17:05,Kopi,17000,2.451098912,10,5,Rekomendasi deh,TRUE,Tidak Ada,Selesai
ORD-2024-003662,1/10/2024 13:02,Kopi,16000,3.754146878,39,5,Sesuai pesanan,FALSE,Tidak Ada,Selesai
ORD-2024-003663,3/12/2024 12:14,Ayam,30000,0.5,29,,,FALSE,Tidak Ada,Selesai
ORD-2024-003664,2/29/2024 6:56,Ayam,34500,1.029624148,21,5,Makasih ya,FALSE,Tidak Ada,Selesai
ORD-2024-003665,16/02/2024 21:48,Kopi,19500,2.813455641,25,5,Mantap gan!,FALSE,Tidak Ada,Selesai
ORD-2024-003666,2/13/2024 4:26,Kopi,11000,1.326552278,15,5,Makasih ya,FALSE,Tidak Ada,Selesai
ORD-2024-003667,2/4/2024 13:02,Mie,23000,4.475298724,39,1,Buruk skli layanannya,FALSE,Tinggi,Selesai
ORD-2024-003668,25/01/2024 18:45,Ayam,34000,3.163661284,22,4,Puas bgt,TRUE,Rendah,Selesai
ORD-2024-003669,3/10/2024 21:19,Ayam,44000,0.801292013,28,,,TRUE,Tinggi,Selesai
ORD-2024-003670,1/30/2024 19:25,Kopi,16000,0.5,5,4,Cepat sampai,FALSE,Tidak Ada,Selesai
ORD-2024-003671,1/7/2024 11:28,Ayam,44500,2.975039675,32,4,Akan order lg nih,FALSE,Tidak Ada,Selesai
ORD-2024-003672,2/5/2024 12:23,Ayam,27500,1.796061146,31,,,TRUE,Tidak Ada,Refund
ORD-2024-003673,2/15/2024 14:10,Martabak,28500,0.55522137,5,5,Driver ramah,TRUE,Tidak Ada,Selesai
ORD-2024-003674,2/1/2024 21:59,Ayam,35500,1.185241569,8,,,TRUE,Tidak Ada,Selesai
ORD-2024-003675,2/11/2024 14:40,Martabak,1000,1.083110824,15,4,Nggg enak 😋,FALSE,Tidak Ada,Selesai
ORD-2024-003676,1/4/2024 19:06,Ayam,41000,0.5,18,5,Top bgt kualitasnya,FALSE,Tidak Ada,Selesai
ORD-2024-003677,11/1/2024 14:49,Ayam,66500,2.374987,15,5,Nggg enak 😋,TRUE,Tidak Ada,Selesai
ORD-2024-003678,13/01/2024 17:09,Kopi,22500,4.327307225,28,4,Top bgt kualitasnya,FALSE,Tidak Ada,Selesai
ORD-2024-003679,2/26/2024 1:43,Mie,31500,2.570295828,5,,,TRUE,Tidak Ada,Selesai
ORD-2024-003680,3/22/2024 13:58,Kopi,15500,5.251127683,38,4,Makasih ya,FALSE,Tidak Ada,Selesai
ORD-2024-003681,4/2/2024 2:43,Martabak,31000,0.5,18,,,TRUE,Tidak Ada,Selesai
ORD-2024-003682,1/11/2024 5:28,Ayam,26000,1.716039206,27,2,😠😠😠,FALSE,Tinggi,Selesai
ORD-2024-003683,13/03/2024 17:00,Martabak,29000,2.820329787,28,5,Buruan order!11,TRUE,Rendah,Dibatalkan
ORD-2024-003684,3/30/2024 2:20,Ayam,37000,3.381049743,17,5,Makanan hangat sampai,FALSE,Tinggi,Selesai
ORD-2024-003685,1/24/2024 11:51,Martabak,35000,3.570074655,15,5,Nggg enak 😋,FALSE,Tidak Ada,Refund
ORD-2024-003686,3/16/2024 13:02,Kopi,27500,3.916526673,18,,,TRUE,Tidak Ada,Selesai
ORD-2024-003687,4/3/2024 14:45,Mie,29500,3.161747008,23,,,TRUE,Tidak Ada,Selesai
ORD-2024-003688,2/29/2024 17:59,Kopi,8000,0.5,6,4,Buruan order!!11,FALSE,Tidak Ada,Selesai
ORD-2024-003689,3/16/2024 20:01,Ayam,45500,3.56533868,17,,,FALSE,Rendah,Selesai
ORD-2024-003690,1/9/2024 14:18,Ayam,53500,,26,4,Sesuai pesanan,TRUE,Tidak Ada,Selesai
ORD-2024-003691,8/2/2024 0:13,Mie,26500,15.09861249,42,2,Gak sesuai foto,FALSE,Tinggi,Selesai
ORD-2024-003692,16/01/2024 13:08,Kopi,13500,3.546266413,15,5,Makanan hangat sampai,FALSE,Rendah,Dibatalkan
ORD-2024-003693,2/24/2024 13:04,Martabak,32000,3.483031106,27,,,TRUE,Tidak Ada,Selesai
ORD-2024-003694,3/21/2024 17:14,Ayam,30500,2.16966448,22,4,Puas bgt,TRUE,Rendah,Selesai
ORD-2024-003695,3/19/2024 18:34,Ayam,35500,6.073108503,42,4,Wow enak bgt,FALSE,Tidak Ada,Selesai
ORD-2024-003696,2/1/2024 21:36,Ayam,62500,17.26658105,76,1,Gajadi orderan,TRUE,Tinggi,Selesai
ORD-2024-003697,16/02/2024 17:03,Mie,19000,4.529386892,29,4,Cepat sampai,TRUE,Tidak Ada,Selesai
ORD-2024-003698,3/13/2024 0:41,Martabak,2795500,2.844121216,24,5,Makanan hangat sampai,FALSE,Rendah,Selesai
ORD-2024-003699,2/24/2024 17:03,Mie,30000,0.5,16,4,Mantap gan!,TRUE,Tidak Ada,Selesai
ORD-2024-003700,26/02/2024 17:49,Ayam,81000,3.891985136,17,3,Gapapa,FALSE,Tidak Ada,Selesai
ORD-2024-003701,2/3/2024 18:45,Martabak,22500,3.698779525,18,5,Makasih ya,TRUE,Rendah,Selesai
ORD-2024-003702,3/25/2024 13:19,Martabak,24000,4.482549515,44,,,FALSE,Tidak Ada,Selesai
ORD-2024-003703,2/17/2024 0:00,Ayam,27000,0.5,37,5,Makanan hangat sampai,FALSE,Tidak Ada,Dibatalkan
ORD-2024-003704,2/18/2024 5:21,Mie,26500,3.181631045,25,4,Enak bgttt,FALSE,Tidak Ada,Selesai
ORD-2024-003705,1/21/2024 17:04,Mie,26500,1.051754458,6,,,FALSE,Tidak Ada,Selesai
ORD-2024-003706,2/18/2024 12:57,Mie,36500,4.284741527,46,4,Cepat sampai,TRUE,Tidak Ada,Selesai
ORD-2024-003707,1/14/2024 19:11,Martabak,36000,,11,5,Top bgt kualitasnya,FALSE,Tidak Ada,Selesai
ORD-2024-003708,1/24/2024 18:44,Ayam,38500,3.455836768,29,5,Nggg enak 😋,TRUE,Rendah,Selesai
ORD-2024-003709,1/29/2024 11:04,Ayam,66000,1.048642416,16,5,Wow enak bgt,FALSE,Rendah,Selesai
ORD-2024-003710,1/5/2024 20:53,Mie,17500,0.5,16,5,Driver ramah,TRUE,Tidak Ada,Selesai
ORD-2024-003711,2/1/2024 14:32,Ayam,39500,3.010107431,19,5,Enak bgt,FALSE,Tidak Ada,Selesai
ORD-2024-003712,1/20/2024 3:05,Martabak,31000,,22,4,Nggg enak 😋,TRUE,Tidak Ada,Selesai
ORD-2024-003713,1/29/2024 19:59,Martabak,21500,3.230183778,22,5,Makasih ya,FALSE,Tinggi,Selesai
ORD-2024-003714,27/03/2024 14:21,Martabak,38000,7.795279018,46,4,Rekomendasi deh,FALSE,Tidak Ada,Selesai
ORD-2024-003715,13/03/2024 21:28,Mie,42000,10.44519922,55,,,TRUE,Tinggi,Selesai
ORD-2024-003716,1/24/2024 14:19,Ayam,46500,0.807260472,14,5,Rekomendasi deh,TRUE,Tidak Ada,Selesai
ORD-2024-003717,30/01/2024 07:26,Ayam,40500,4.970425589,13,4,Puas bgt,FALSE,Tidak Ada,Selesai
ORD-2024-003718,1/23/2024 22:09,Ayam,49500,1.308793477,7,5,Sesuai pesanan,FALSE,Rendah,Selesai
ORD-2024-003719,7/3/2024 13:29,Kopi,14000,6.921498895,44,3,Biasa saja,FALSE,Rendah,Selesai
ORD-2024-003720,3/29/2024 17:58,Ayam,56000,4.646292609,32,5,Cepat sampai,FALSE,Tidak Ada,Selesai
ORD-2024-003721,2/14/2024 7:45,Ayam,29500,0.5,5,4,Puas bgt,TRUE,Tidak Ada,Selesai
ORD-2024-003722,1/24/2024 12:06,Mie,28000,1.568375775,18,5,Buruan order!11,FALSE,Rendah,Selesai
ORD-2024-003723,3/25/2024 13:58,Mie,39500,1.234379338,18,4,Makanan hangat sampai,FALSE,Tidak Ada,Selesai
ORD-2024-003724,1/16/2024 20:46,Ayam,18000,4.613878687,34,5,Makasih ya,FALSE,Tinggi,Refund
ORD-2024-003725,3/13/2024 11:49,Kopi,11500,1.584351344,35,4,Enak bgttt,FALSE,Tidak Ada,Selesai
ORD-2024-003726,1/28/2024 19:35,Mie,23000,3.461630457,5,4,Top bgt kualitasnya,FALSE,Tidak Ada,Selesai
ORD-2024-003727,3/16/2024 18:47,Ayam,6286000,2.767192437,34,3,Yaudah minum teh,TRUE,Rendah,Selesai
ORD-2024-003728,3/1/2024 11:24,Ayam,60500,11.14428077,54,3,Yaudah minum teh,TRUE,Rendah,Selesai
ORD-2024-003729,1/7/2024 10:58,Ayam,43500,8.331475369,27,5,Makasih ya,FALSE,Tidak Ada,Dibatalkan
ORD-2024-003730,30/03/2024 18:04,Kopi,23000,1.674273305,20,,,FALSE,Tidak Ada,Selesai
ORD-2024-003731,3/18/2024 16:58,Ayam,47000,3.857482083,33,3,Yaudah minum teh,TRUE,Rendah,Dibatalkan
ORD-2024-003732,1/23/2024 8:21,Mie,13000,5.30635787,40,,,FALSE,Tinggi,Dibatalkan
ORD-2024-003733,1/7/2024 16:08,Kopi,16000,6.874512755,22,5,Rekomendasi deh,FALSE,Tinggi,Selesai
ORD-2024-003734,3/2/2024 11:11,Kopi,16000,0.5,6,5,Cepat sampai,TRUE,Tidak Ada,Selesai
ORD-2024-003735,7/2/2024 18:08,Ayam,71500,1.078947227,5,3,OK,FALSE,Rendah,Selesai
ORD-2024-003736,8/1/2024 13:17,Kopi,16500,1.158002501,18,4,Driver ramah,TRUE,Tidak Ada,Selesai
ORD-2024-003737,24/03/2024 12:59,Martabak,27000,1.709848233,21,5,Wow enak bgt,TRUE,Tidak Ada,Selesai
ORD-2024-003738,1/15/2024 13:36,Martabak,38000,,23,4,Buruan order!11,TRUE,Tidak Ada,Selesai
ORD-2024-003739,3/30/2024 12:47,Martabak,31000,2.056762759,24,5,Makasih ya,FALSE,Tidak Ada,Selesai
ORD-2024-003740,17/01/2024 12:03,Kopi,13500,3.264925611,32,5,Top bgt kualitasnya,TRUE,Tidak Ada,Selesai
ORD-2024-003741,3/30/2024 12:08,Mie,34000,2.063666611,6,,,FALSE,Tidak Ada,Selesai
ORD-2024-003742,2/15/2024 4:44,Mie,27500,3.287985007,34,5,Wow enak bgt,FALSE,Tidak Ada,Selesai
ORD-2024-003743,2/17/2024 1:57,Martabak,30000,0.5,22,,,TRUE,Tidak Ada,Selesai
ORD-2024-003744,3/5/2024 13:56,Ayam,54500,6.262114665,29,4,Mantap gan!,FALSE,Rendah,Selesai
ORD-2024-003745,2/20/2024 11:22,Ayam,33500,8.394049066,35,4,Nggg enak 😋,FALSE,Rendah,Selesai
ORD-2024-003746,1/30/2024 14:29,Ayam,42500,2.886277063,30,,,FALSE,Tidak Ada,Dibatalkan
ORD-2024-003747,3/15/2024 12:08,Martabak,30000,6.395768695,20,,,TRUE,Rendah,Selesai
ORD-2024-003748,1/3/2024 19:05,Kopi,15500,0.5,7,5,Nggg enak 😋,TRUE,Tidak Ada,Selesai
ORD-2024-003749,3/28/2024 2:30,Kopi,22000,4.790289533,16,5,Puas bgt,FALSE,Tidak Ada,Selesai
ORD-2024-003750,18/03/2024 12:37,Mie,27500,0.5,13,5,Sesuai pesanan,TRUE,Tidak Ada,Selesai
ORD-2024-003751,28/01/2024 11:16,Mie,32000,1.572797782,13,,,TRUE,Tidak Ada,Selesai
ORD-2024-003752,3/10/2024 2:39,Mie,26000,1.173881397,7,,,FALSE,Rendah,Selesai
ORD-2024-003753,1/20/2024 18:07,Ayam,69000,2.642711584,13,5,Driver ramah,TRUE,Tidak Ada,Selesai
ORD-2024-003754,3/5/2024 14:35,Martabak,33000,1.076522729,10,4,Wow enak bgt,FALSE,Tidak Ada,Selesai
ORD-2024-003755,23/02/2024 12:29,Ayam,51500,3.042650435,12,2,Gajadi orderan,FALSE,Rendah,Selesai
ORD-2024-003756,1/6/2024 20:59,Ayam,51500,1.373690626,22,4,Mantap gan!,FALSE,Rendah,Selesai
ORD-2024-003757,3/6/2024 11:23,Ayam,35500,5.915323295,44,5,Buruan order!11,FALSE,Tidak Ada,Selesai
ORD-2024-003758,2/6/2024 8:19,Ayam,60000,3.014413858,22,5,Akan order lg nih,FALSE,Tidak Ada,Dibatalkan
ORD-2024-003759,2/25/2024 18:43,Kopi,16500,0.72735489,28,5,Rekomendasi deh,FALSE,Tidak Ada,Selesai
ORD-2024-003760,1/25/2024 18:26,Mie,22500,1.229004184,8,5,Sesuai pesanan,FALSE,Tidak Ada,Selesai
ORD-2024-003761,3/23/2024 18:29,Ayam,70000,5.640216143,25,,,TRUE,Tidak Ada,Selesai
ORD-2024-003762,1/22/2024 20:56,Martabak,20500,1.465626024,22,3,OK,FALSE,Tinggi,Selesai
ORD-2024-003763,2/7/2024 8:13,Kopi,14500,2.302313316,21,,,FALSE,Tidak Ada,Selesai
ORD-2024-003764,1/18/2024 23:21,Ayam,68500,3.140410934,20,5,Makasih ya,FALSE,Tidak Ada,Selesai
ORD-2024-003765,2/11/2024 12:06,Kopi,18000,1.282256434,16,5,Wow enak bgt,FALSE,Rendah,Selesai
ORD-2024-003766,3/6/2024 17:34,Ayam,50500,1.044329322,6,5,Rekomendasi deh,FALSE,Tidak Ada,Selesai
ORD-2024-003767,3/17/2024 19:06,Kopi,17500,,5,5,Puas bgt,TRUE,Tidak Ada,Selesai
ORD-2024-003768,22/02/2024 12:46,Kopi,17500,0.725759834,20,5,Enak bgt!!!!!!,TRUE,Tidak Ada,Dibatalkan
ORD-2024-003769,1/11/2024 18:43,Ayam,26000,1.003107813,25,4,Makasih ya,TRUE,Tidak Ada,Selesai
ORD-2024-003770,1/26/2024 18:56,Ayam,45500,0.5,10,5,Buruan order!11,TRUE,Tidak Ada,Selesai
ORD-2024-003771,2/6/2024 5:56,Kopi,23500,1.087088738,9,5,Mantap gan!,FALSE,Tidak Ada,Selesai
ORD-2024-003772,16/02/2024 18:15,Mie,21500,1.160095346,10,5,Buruan order!11,FALSE,Tidak Ada,Selesai
ORD-2024-003773,1/5/2024 7:04,Ayam,46000,9.797365104,36,5,Wow enak bgt,TRUE,Tidak Ada,Selesai
ORD-2024-003774,2/16/2024 16:31,Martabak,26000,2.67281081,26,3,Gapapa,FALSE,Rendah,Selesai
ORD-2024-003775,2/4/2024 20:49,Martabak,29500,4.644780454,20,4,Makanan hangat sampai,TRUE,Rendah,Selesai
ORD-2024-003776,3/29/2024 19:31,Mie,22000,0.5,20,,,FALSE,Tinggi,Dibatalkan
ORD-2024-003777,21/02/2024 19:46,Mie,29500,0.5,9,4,Wow enak bgt,FALSE,Rendah,Selesai
ORD-2024-003778,3/22/2024 12:23,Kopi,17500,5.054699,11,5,Puas bgt,FALSE,Tidak Ada,Selesai
ORD-2024-003779,13/03/2024 19:25,Martabak,36000,2.930906537,19,5,Makanan hangat sampai,TRUE,Tidak Ada,Selesai
ORD-2024-003780,3/17/2024 12:51,Mie,18500,0.635802451,30,5,Puas bgt,FALSE,Tidak Ada,Selesai
ORD-2024-003781,2/5/2024 12:21,Kopi,15000,1.556550231,11,2,Gak sesuai foto,FALSE,Tinggi,Refund
ORD-2024-003782,9/3/2024 0:36,Ayam,500,2.320941228,15,4,Makanan hangat sampai,FALSE,Tidak Ada,Dibatalkan
ORD-2024-003783,20/03/2024 09:32,Ayam,47500,,27,,,FALSE,Tidak Ada,Selesai
ORD-2024-003784,1/24/2024 19:09,Mie,33500,0.5,16,5,Rekomendasi deh,TRUE,Tinggi,Selesai
ORD-2024-003785,2/17/2024 20:19,Mie,32500,2.724389538,37,5,Top bgt kualitasnya,TRUE,Tidak Ada,Selesai
ORD-2024-003786,15/01/2024 07:00,Ayam,32000,3.787305962,15,,,TRUE,Tidak Ada,Selesai
ORD-2024-003787,2/5/2024 13:49,Kopi,22000,11.43542795,53,,,FALSE,Tidak Ada,Selesai
ORD-2024-003788,16/01/2024 14:07,Kopi,18000,4.937684566,37,4,Cepat sampai,FALSE,Tidak Ada,Selesai
ORD-2024-003789,1/7/2024 8:41,Ayam,31500,0.969833715,7,5,Makanan hangat sampai,TRUE,Tidak Ada,Selesai
ORD-2024-003790,2/1/2024 5:26,Mie,38500,3.709273057,22,4,Enak bgt!!,TRUE,Tidak Ada,Selesai
ORD-2024-003791,2/10/2024 6:45,Ayam,49500,4.322605008,31,3,Gapapa,FALSE,Tinggi,Selesai
ORD-2024-003792,13/03/2024 20:14,Ayam,19000,3.925062509,21,3,Standar lah,FALSE,Tinggi,Selesai
ORD-2024-003793,3/28/2024 0:34,Kopi,13500,5.146797378,24,4,Buruan order!!!11,FALSE,Tidak Ada,Selesai
ORD-2024-003794,16/01/2024 21:52,Martabak,23000,7.021794864,26,2,Kurang sambelnya,TRUE,Tinggi,Selesai
ORD-2024-003795,1/19/2024 2:23,Ayam,40000,0.5,19,,,FALSE,Tidak Ada,Selesai
ORD-2024-003796,1/12/2024 17:17,Martabak,26500,0.5,15,4,Wow enak bgt,TRUE,Tidak Ada,Selesai
ORD-2024-003797,16/02/2024 21:17,Kopi,15500,4.774793817,25,,,FALSE,Tidak Ada,Selesai
ORD-2024-003798,2/25/2024 16:51,Ayam,46500,0.872551165,10,5,Top bgt kualitasnya,FALSE,Tidak Ada,Selesai
ORD-2024-003799,3/28/2024 21:31,Ayam,50000,,14,5,Mantap gan!,FALSE,Tidak Ada,Selesai
ORD-2024-003800,25/01/2024 18:55,Kopi,506500,1.53862908,21,5,Puas bgt,FALSE,Tidak Ada,Selesai
ORD-2024-003801,27/03/2024 14:50,Ayam,38000,5.142344516,24,5,Sesuai pesanan,TRUE,Rendah,Selesai
ORD-2024-003802,1/19/2024 14:29,Mie,34000,,8,4,Top bgt kualitasnya,FALSE,Tidak Ada,Selesai
ORD-2024-003803,2/25/2024 19:26,Mie,34500,3.34277998,22,5,Rekomendasi deh,FALSE,Tidak Ada,Dibatalkan
ORD-2024-003804,1/1/2024 11:41,Mie,32500,0.5,15,5,Top bgt kualitasnya,FALSE,Tidak Ada,Selesai
ORD-2024-003805,21/03/2024 04:52,Ayam,60500,,24,5,Makanan hangat sampai,TRUE,Tinggi,Selesai
ORD-2024-003806,1/9/2024 13:20,Mie,26500,1.29627599,9,5,Top bgt kualitasnya,FALSE,Tidak Ada,Selesai
ORD-2024-003807,1/6/2024 12:30,Kopi,14500,0.5,5,5,Buruan order!11,FALSE,Tidak Ada,Selesai
ORD-2024-003808,1/17/2024 12:20,Ayam,35500,5.610493072,46,3,Biasa saja,TRUE,Rendah,Selesai
ORD-2024-003809,1/25/2024 11:38,Ayam,57500,5.986856799,25,5,Driver ramah,FALSE,Tinggi,Selesai
ORD-2024-003810,3/14/2024 3:49,Ayam,32000,4.226487558,34,5,Buruan order!11,FALSE,Rendah,Selesai
ORD-2024-003811,20/02/2024 17:31,Martabak,22500,0.833114558,27,4,Mantap gan!!!,TRUE,Tidak Ada,Selesai
ORD-2024-003812,1/26/2024 14:39,Kopi,21500,2.222270699,25,,,FALSE,Tidak Ada,Selesai
ORD-2024-003813,1/20/2024 20:11,Ayam,83500,,26,5,Cepat sampai,FALSE,Tidak Ada,Selesai
ORD-2024-003814,17/03/2024 21:46,Martabak,33000,,5,,,FALSE,Tidak Ada,Selesai
ORD-2024-003815,1/2/2024 13:39,Ayam,70000,2.17704392,7,5,Nggg enak 😋,FALSE,Tidak Ada,Selesai
ORD-2024-003816,3/25/2024 7:09,Kopi,15500,3.984232685,24,,,FALSE,Rendah,Selesai
ORD-2024-003817,3/29/2024 14:14,Kopi,11000,0.5,10,4,Top bgt kualitasnya,FALSE,Tidak Ada,Selesai
ORD-2024-003818,3/7/2024 18:00,Mie,30500,1.05590112,8,4,Buruan order!11,TRUE,Tidak Ada,Selesai
ORD-2024-003819,3/1/2024 7:50,Mie,30000,7.836366714,40,5,Driver ramah,FALSE,Tidak Ada,Dibatalkan
ORD-2024-003820,30/01/2024 17:32,Kopi,17000,1.681746182,21,3,Standar lah,FALSE,Tinggi,Selesai
ORD-2024-003821,3/1/2024 17:35,Kopi,15500,8.384241602,52,2,Gak sesuai foto,FALSE,Tinggi,Selesai
ORD-2024-003822,1/24/2024 20:50,Kopi,20500,,60,5,Akan order lg nih,FALSE,Tidak Ada,Selesai
ORD-2024-003823,1/21/2024 6:24,Mie,19000,2.243822896,17,4,Enak bgt!!!!!!!!!,FALSE,Rendah,Selesai
ORD-2024-003824,3/3/2024 14:06,Ayam,1000,1.019217543,30,4,Top bgt kualitasnya,TRUE,Tidak Ada,Selesai
ORD-2024-003825,11/3/2024 12:45,Ayam,38500,4.693061086,17,5,Makanan hangat sampai,FALSE,Tidak Ada,Selesai
ORD-2024-003826,3/4/2024 20:27,Ayam,53500,0.520599512,13,4,Mantap gan!,FALSE,Tidak Ada,Selesai
ORD-2024-003827,2/3/2024 19:49,Kopi,12500,0.871244849,7,5,Driver ramah,FALSE,Tidak Ada,Selesai
ORD-2024-003828,2/11/2024 19:08,Kopi,13000,4.609676539,45,3,Yaudah minum teh,FALSE,Tinggi,Selesai
ORD-2024-003829,28/01/2024 04:09,Mie,35000,1.705607465,34,5,Sesuai pesanan,TRUE,Rendah,Selesai
ORD-2024-003830,3/6/2024 11:48,Ayam,52000,0.675203468,16,,,FALSE,Tidak Ada,Selesai
ORD-2024-003831,1/20/2024 12:45,Kopi,12500,3.159131167,28,5,Akan order lg nih,FALSE,Tidak Ada,Selesai
ORD-2024-003832,28/03/2024 18:11,Mie,27500,3.958845339,25,,,FALSE,Tidak Ada,Selesai
ORD-2024-003833,2/21/2024 12:52,Mie,15500,,12,4,Top bgt kualitasnya,TRUE,Tidak Ada,Selesai
ORD-2024-003834,2/13/2024 11:57,Kopi,2096500,0.972956263,16,5,Makasih ya,FALSE,Tidak Ada,Selesai
ORD-2024-003835,3/22/2024 15:55,Kopi,23000,0.750298699,5,5,Driver ramah,FALSE,Rendah,Selesai
ORD-2024-003836,3/23/2024 11:17,Ayam,74000,1.433404076,23,5,Wow enak bgt,FALSE,Tidak Ada,Selesai
ORD-2024-003837,3/3/2024 12:00,Mie,31500,4.324722296,18,,,FALSE,Tidak Ada,Selesai
ORD-2024-003838,1/30/2024 9:49,Ayam,53000,3.752230102,18,5,Buruan order!11,FALSE,Tidak Ada,Selesai
ORD-2024-003839,2/11/2024 11:14,Mie,26000,3.25878185,24,4,Nggg enak 😋,TRUE,Tidak Ada,Selesai
ORD-2024-003840,2/21/2024 16:50,Martabak,35500,0.5,5,4,Rekomendasi deh,FALSE,Tidak Ada,Selesai
ORD-2024-003841,1/30/2024 20:42,Kopi,15000,0.5,20,5,Nggg enak 😋,FALSE,Tidak Ada,Selesai
ORD-2024-003842,2/10/2024 15:02,Ayam,20000,0.758093844,8,,,FALSE,Tidak Ada,Selesai
ORD-2024-003843,3/13/2024 12:59,Kopi,18500,0.952180745,26,4,Cepat sampai,TRUE,Tidak Ada,Selesai
ORD-2024-003844,2/17/2024 13:04,Kopi,11500,0.5,5,4,Akan order lg nih,FALSE,Tidak Ada,Selesai
ORD-2024-003845,3/27/2024 14:17,Ayam,35500,1.584503154,16,4,Rekomendasi deh,FALSE,Tidak Ada,Selesai
ORD-2024-003846,3/26/2024 14:37,Martabak,30000,0.5,5,,,TRUE,Rendah,Selesai
ORD-2024-003847,2/27/2024 19:51,Mie,25500,4.15914938,36,,,TRUE,Tidak Ada,Selesai
ORD-2024-003848,1/1/2024 0:16,Kopi,10500,4.649558489,21,4,Top bgt kualitasnya,FALSE,Tidak Ada,Selesai
ORD-2024-003849,1/21/2024 2:39,Martabak,4004500,,13,5,Sesuai pesanan,FALSE,Tidak Ada,Selesai
ORD-2024-003850,1/13/2024 11:09,Ayam,82000,0.5,12,4,Rekomendasi deh,FALSE,Tidak Ada,Selesai
ORD-2024-003851,1/26/2024 20:57,Kopi,19500,6.624093858,35,4,Puas bgt,FALSE,Tidak Ada,Selesai
ORD-2024-003852,3/9/2024 20:25,Ayam,65500,10.11222237,52,1,Lama org kerjanyaa,FALSE,Rendah,Selesai
ORD-2024-003853,3/7/2024 17:10,Martabak,16000,0.678307124,20,3,OK,FALSE,Tinggi,Selesai
ORD-2024-003854,3/2/2024 12:08,Mie,40000,,24,3,OK,TRUE,Tidak Ada,Selesai
ORD-2024-003855,3/27/2024 14:21,Martabak,25000,5.534315723,32,4,Enak bgt!!,TRUE,Tidak Ada,Selesai
ORD-2024-003856,3/8/2024 20:41,Ayam,51500,2.328566037,5,,,FALSE,Tidak Ada,Refund
ORD-2024-003857,1/31/2024 6:40,Kopi,13500,1.171684116,10,,,FALSE,Tinggi,Selesai
ORD-2024-003858,3/30/2024 6:07,Kopi,12000,1.953475799,27,4,Top bgt kualitasnya,FALSE,Tidak Ada,Selesai
ORD-2024-003859,2/18/2024 12:01,Kopi,11500,2.153972231,24,4,Cepat sampai,FALSE,Tidak Ada,Selesai
ORD-2024-003860,3/15/2024 18:14,Mie,26500,1.535663784,7,4,Driver ramah,FALSE,Tidak Ada,Selesai
ORD-2024-003861,1/21/2024 11:22,Mie,12000,7.971037421,37,4,Wow enak bgt,TRUE,Tidak Ada,Selesai
ORD-2024-003862,2/14/2024 20:17,Martabak,28000,4.086364022,21,4,Top bgt kualitasnya,FALSE,Tidak Ada,Selesai
ORD-2024-003863,2/28/2024 9:30,Kopi,21000,0.828453004,21,5,Wow enak bgt,FALSE,Tidak Ada,Selesai
ORD-2024-003864,1/1/2024 14:25,Ayam,62000,2.642460843,31,5,Makanan hangat sampai,FALSE,Tidak Ada,Dibatalkan
ORD-2024-003865,3/26/2024 15:25,Ayam,58500,3.500890054,14,,,FALSE,Tidak Ada,Selesai
ORD-2024-003866,3/16/2024 19:56,Kopi,12500,0.5,14,5,Akan order lg nih,FALSE,Rendah,Selesai
ORD-2024-003867,26/01/2024 19:27,Kopi,10000,1.331491036,6,,,TRUE,Tidak Ada,Dibatalkan
ORD-2024-003868,2/2/2024 1:01,Martabak,38000,7.078999474,26,5,Makasih ya,FALSE,Tidak Ada,Selesai
ORD-2024-003869,2/10/2024 15:12,Martabak,26500,2.512252201,13,,,FALSE,Rendah,Selesai
ORD-2024-003870,2/19/2024 18:27,Ayam,50000,0.733859113,8,5,Cepat sampai,FALSE,Tidak Ada,Selesai
ORD-2024-003871,2/29/2024 17:56,Kopi,15500,0.5,17,5,Akan order lg nih,FALSE,Tidak Ada,Selesai
ORD-2024-003872,2/15/2024 14:14,Ayam,63000,2.190846027,33,4,Cepat sampai,TRUE,Tidak Ada,Selesai
ORD-2024-003873,3/29/2024 20:46,Ayam,82500,2.380134113,20,4,Makasih ya,FALSE,Tidak Ada,Selesai
ORD-2024-003874,2/14/2024 12:29,Mie,36000,1.221264304,6,3,Standar lah,FALSE,Rendah,Selesai
ORD-2024-003875,2/24/2024 11:54,Ayam,12500,2.986131921,25,,,TRUE,Rendah,Selesai
ORD-2024-003876,3/8/2024 21:53,Kopi,15000,0.5,16,4,Akan order lg nih,FALSE,Tidak Ada,Selesai
ORD-2024-003877,3/19/2024 19:26,Ayam,29000,0.5,12,,,FALSE,Tinggi,Selesai
ORD-2024-003878,8/2/2024 8:55,Mie,32500,2.370784179,32,4,Nggg enak 😋,FALSE,Tidak Ada,Selesai
ORD-2024-003879,2/7/2024 9:45,Kopi,16500,0.5,13,4,Top bgt kualitasnya,FALSE,Rendah,Selesai
ORD-2024-003880,2/9/2024 20:36,Ayam,61500,6.383596197,40,4,Makasih ya,TRUE,Tidak Ada,Selesai
ORD-2024-003881,1/2/2024 7:53,Kopi,15000,0.5,5,5,Akan order lg nih,FALSE,Tidak Ada,Selesai
ORD-2024-003882,2/3/2024 14:18,Martabak,22000,3.361836428,15,,,TRUE,Tidak Ada,Selesai
ORD-2024-003883,2/4/2024 8:01,Mie,20000,1.488813377,19,4,Sesuai pesanan,FALSE,Tidak Ada,Selesai
ORD-2024-003884,3/25/2024 5:09,Ayam,26000,1.531415797,17,5,Driver ramah,FALSE,Tidak Ada,Selesai
ORD-2024-003885,2/12/2024 18:38,Mie,17000,4.343099353,24,,,FALSE,Tidak Ada,Selesai
ORD-2024-003886,1/28/2024 21:52,Mie,15500,2.076216081,24,5,Cepat sampai,FALSE,Tidak Ada,Selesai
ORD-2024-003887,3/7/2024 19:06,Mie,19000,,35,,,FALSE,Tidak Ada,Selesai
ORD-2024-003888,1/2/2024 18:28,Martabak,22000,2.110751735,15,,,TRUE,Tidak Ada,Selesai
ORD-2024-003889,1/23/2024 14:48,Martabak,33000,2.696128633,16,5,Akan order lg nih,TRUE,Tidak Ada,Selesai
ORD-2024-003890,2/8/2024 16:22,Kopi,18000,4.290295241,21,4,Top bgt kualitasnya,TRUE,Tinggi,Refund
ORD-2024-003891,2/22/2024 20:51,Martabak,33000,2.804194744,27,2,Ayamnya keras,TRUE,Tinggi,Selesai
ORD-2024-003892,1/17/2024 11:02,Kopi,21500,2.868332727,17,5,Nggg enak 😋,FALSE,Tidak Ada,Selesai
ORD-2024-003893,2/25/2024 12:59,Martabak,29500,4.670815215,37,1,Gajadi orderan,FALSE,Tinggi,Selesai
ORD-2024-003894,3/19/2024 11:52,Kopi,13000,8.932900103,40,4,Mantap gan!,FALSE,Tidak Ada,Selesai
ORD-2024-003895,15/02/2024 11:13,Martabak,46500,1.418259757,12,1,Kurang sambelnya,FALSE,Tinggi,Selesai
ORD-2024-003896,2/12/2024 11:33,Mie,32500,2.581980317,44,3,Standar lah,TRUE,Rendah,Selesai
ORD-2024-003897,25/01/2024 13:40,Ayam,54000,0.5,5,5,Makasih ya,FALSE,Tidak Ada,Selesai
ORD-2024-003898,1/1/2024 20:51,Mie,26500,1.333259731,24,4,Mantap gan!,FALSE,Tidak Ada,Selesai
ORD-2024-003899,3/19/2024 11:16,Kopi,17500,1.593336156,5,,,TRUE,Tidak Ada,Selesai
ORD-2024-003900,2/8/2024 13:25,Mie,24500,5.409747373,38,5,Nggg enak 😋,FALSE,Tidak Ada,Selesai
ORD-2024-003901,1/10/2024 13:03,Kopi,17000,2.160891704,46,4,Makanan hangat sampai,TRUE,Tidak Ada,Selesai
ORD-2024-003902,1/24/2024 14:10,Kopi,18500,3.939872012,36,4,Cepat sampai,FALSE,Tidak Ada,Selesai
ORD-2024-003903,1/18/2024 12:12,Mie,21000,0.5,27,,,FALSE,Tinggi,Selesai
ORD-2024-003904,1/24/2024 12:41,Ayam,24000,1.873622101,18,5,Wow enak bgt,FALSE,Rendah,Selesai
ORD-2024-003905,1/30/2024 22:37,Mie,11500,6.947547981,38,5,Top bgt kualitasnya,FALSE,Tidak Ada,Selesai
ORD-2024-003906,29/03/2024 21:25,Kopi,20500,0.762022089,17,5,Makanan hangat sampai,FALSE,Tidak Ada,Selesai
ORD-2024-003907,4/1/2024 13:45,Kopi,10000,0.5,33,,,FALSE,Tidak Ada,Selesai
ORD-2024-003908,13/03/2024 12:48,Ayam,59500,1.704351318,8,5,Makanan hangat sampai,FALSE,Tidak Ada,Selesai
ORD-2024-003909,1/20/2024 20:05,Kopi,11500,3.65656723,37,5,Mantap gan!,TRUE,Tidak Ada,Selesai
ORD-2024-003910,3/3/2024 19:04,Ayam,32500,1.817956732,23,5,Top bgt kualitasnya,FALSE,Rendah,Selesai
ORD-2024-003911,1/5/2024 13:03,Ayam,39500,1.84843794,10,5,Top bgt kualitasnya,FALSE,Tidak Ada,Selesai
ORD-2024-003912,2/16/2024 5:10,Ayam,55000,3.324216045,18,5,Driver ramah,FALSE,Tidak Ada,Selesai
ORD-2024-003913,2/5/2024 19:11,Ayam,30000,0.880653016,5,5,Cepat sampai,TRUE,Rendah,Selesai
ORD-2024-003914,1/21/2024 12:33,Mie,21500,4.181646729,5,1,"Narik duit banyak😡",TRUE,Tinggi,Refund
ORD-2024-003915,1/30/2024 11:08,Mie,26000,,5,,,FALSE,Tidak Ada,Selesai
ORD-2024-003916,1/14/2024 11:14,Kopi,11500,1.511304783,14,5,Sesuai pesanan,TRUE,Tidak Ada,Selesai
ORD-2024-003917,2/2/2024 20:04,Martabak,40500,3.201411579,24,3,Biasa saja,FALSE,Rendah,Selesai
ORD-2024-003918,26/03/2024 14:23,Ayam,22500,5.287225493,18,4,Puas bgt,TRUE,Tidak Ada,Dibatalkan
ORD-2024-003919,2/26/2024 4:49,Martabak,28500,4.703895814,22,,,TRUE,Tidak Ada,Selesai
ORD-2024-003920,2/14/2024 10:15,Mie,35000,3.8370116,23,5,Cepat sampai,TRUE,Tidak Ada,Selesai
ORD-2024-003921,1/23/2024 13:13,Mie,16500,1.334628593,11,5,Puas bgt,FALSE,Tidak Ada,Selesai
ORD-2024-003922,1/23/2024 23:37,Kopi,16000,0.5,5,5,Rekomendasi deh,FALSE,Tidak Ada,Selesai
ORD-2024-003923,3/3/2024 11:13,Martabak,31000,0.733232635,8,3,Biasa saja,FALSE,Rendah,Refund
ORD-2024-003924,17/01/2024 13:29,Ayam,38000,6.003750763,46,4,Mantap gan!!!,FALSE,Tidak Ada,Selesai
ORD-2024-003925,3/15/2024 0:05,Mie,25500,5.841691834,14,5,Nggg enak 😋,FALSE,Rendah,Selesai
ORD-2024-003926,21/01/2024 04:18,Ayam,61000,9.082340881,46,3,Lumayan,FALSE,Rendah,Dibatalkan
ORD-2024-003927,1/8/2024 20:58,Martabak,26500,0.5,27,,,FALSE,Tidak Ada,Selesai
ORD-2024-003928,3/10/2024 17:53,Martabak,35500,2.308847901,17,4,Wow enak bgt,TRUE,Tidak Ada,Selesai
ORD-2024-003929,3/22/2024 10:52,Martabak,33000,3.138199371,23,4,Puas bgt,TRUE,Rendah,Selesai
ORD-2024-003930,3/20/2024 19:59,Ayam,41500,3.72043124,18,5,Cepat sampai,FALSE,Tidak Ada,Selesai
ORD-2024-003931,2/3/2024 13:40,Mie,34000,3.097321352,26,,,TRUE,Rendah,Selesai
ORD-2024-003932,2/26/2024 14:40,Ayam,39000,4.409176478,49,,,FALSE,Rendah,Dibatalkan
ORD-2024-003933,9/1/2024 13:38,Martabak,36500,1.336385344,29,4,Wow enak bgt,FALSE,Tidak Ada,Selesai
ORD-2024-003934,3/15/2024 10:24,Ayam,39500,0.59327831,8,5,Rekomendasi deh,FALSE,Tidak Ada,Selesai
ORD-2024-003935,2/6/2024 16:46,Ayam,46000,0.686667724,5,4,Wow enak bgt,FALSE,Tidak Ada,Selesai
ORD-2024-003936,2/1/2024 18:28,Kopi,16000,0.5,11,,,FALSE,Tinggi,Dibatalkan
ORD-2024-003937,1/10/2024 3:08,Kopi,18000,1.29383468,16,4,Driver ramah,TRUE,Tidak Ada,Selesai
ORD-2024-003938,1/7/2024 14:32,Ayam,11000,0.5,21,4,Rekomendasi deh,FALSE,Tidak Ada,Selesai
ORD-2024-003939,14/02/2024 17:26,Ayam,59000,1.163562405,15,4,Puas bgt,TRUE,Tidak Ada,Selesai
ORD-2024-003940,3/19/2024 11:29,Kopi,16000,2.968278923,40,5,Top bgt kualitasnya,FALSE,Tidak Ada,Selesai
ORD-2024-003941,3/3/2024 11:51,Martabak,32000,6.746509031,37,1,"Narik duit banyak😡",TRUE,Tinggi,Selesai
ORD-2024-003942,3/17/2024 11:37,Mie,29500,5.490355704,27,2,Ayamnya keras,FALSE,Tinggi,Selesai
ORD-2024-003943,29/03/2024 21:20,Ayam,58000,0.873762181,20,,,TRUE,Tidak Ada,Selesai
ORD-2024-003944,15/01/2024 18:11,Kopi,8000,0.5,21,5,Makasih ya,FALSE,Tidak Ada,Selesai
ORD-2024-003945,2/19/2024 7:14,Ayam,33500,0.64356352,6,4,Cepat sampai,FALSE,Tidak Ada,Selesai
ORD-2024-003946,1/21/2024 13:09,Ayam,57000,10.61999783,41,5,Puas bgt,TRUE,Rendah,Selesai
ORD-2024-003947,1/23/2024 19:43,Martabak,31500,2.392021664,5,5,Wow enak bgt,FALSE,Tinggi,Selesai
ORD-2024-003948,3/23/2024 18:58,Martabak,24000,0.604521286,11,,,TRUE,Tidak Ada,Dibatalkan
ORD-2024-003949,1/1/2024 6:12,Ayam,64000,5.511767515,36,,,FALSE,Rendah,Selesai
ORD-2024-003950,26/02/2024 00:19,Ayam,47000,1.508528932,20,5,Makanan hangat sampai,FALSE,Tidak Ada,Selesai
ORD-2024-003951,3/4/2024 21:59,Ayam,66500,6.884510127,48,4,Enak bgt!!,FALSE,Tidak Ada,Selesai
ORD-2024-003952,2/29/2024 12:00,Mie,34500,,9,5,Nggg enak 😋,TRUE,Rendah,Selesai
ORD-2024-003953,3/28/2024 21:43,Mie,28000,1.498775671,16,5,Mantap gan!,TRUE,Rendah,Selesai
ORD-2024-003954,2/10/2024 14:31,Ayam,61000,2.109275977,5,3,Gapapa,FALSE,Tidak Ada,Selesai
ORD-2024-003955,1/24/2024 18:10,Ayam,41500,6.694013648,46,4,Driver ramah,FALSE,Tidak Ada,Selesai
ORD-2024-003956,10/2/2024 19:11,Mie,32000,6.092124003,47,4,Makasih ya,FALSE,Rendah,Selesai
ORD-2024-003957,3/1/2024 12:10,Mie,27500,2.562449336,11,4,Wow enak bgt,FALSE,Tidak Ada,Selesai
ORD-2024-003958,1/20/2024 11:56,Kopi,15000,0.752220746,30,5,Makanan hangat sampai,FALSE,Tidak Ada,Selesai
ORD-2024-003959,1/11/2024 12:01,Ayam,31000,1.549308861,15,,,FALSE,Tinggi,Dibatalkan
ORD-2024-003960,1/21/2024 13:07,Ayam,43500,11.14358461,42,5,Puas bgt,TRUE,Tidak Ada,Dibatalkan
ORD-2024-003961,2/22/2024 12:37,Kopi,12000,2.807745288,19,5,Mantap gan!!,TRUE,Tidak Ada,Selesai
ORD-2024-003962,3/26/2024 12:14,Kopi,19500,4.557390058,34,5,Cepat sampai,TRUE,Tidak Ada,Selesai
ORD-2024-003963,3/26/2024 4:41,Ayam,72000,,15,,,TRUE,Tidak Ada,Selesai
ORD-2024-003964,3/20/2024 21:48,Kopi,20500,2.277907587,15,5,Top bgt kualitasnya,FALSE,Tidak Ada,Selesai
ORD-2024-003965,2/18/2024 13:39,Ayam,93000,1.680857126,24,,,FALSE,Tidak Ada,Dibatalkan
ORD-2024-003966,3/26/2024 17:12,Martabak,26500,3.641271527,32,5,Driver ramah,FALSE,Tidak Ada,Selesai
ORD-2024-003967,1/29/2024 1:02,Ayam,61500,5.720925441,26,,,TRUE,Rendah,Selesai
ORD-2024-003968,1/29/2024 5:04,Ayam,31500,,14,,,FALSE,Tidak Ada,Selesai
ORD-2024-003969,1/23/2024 3:53,Kopi,15500,1.96678815,12,5,Makanan hangat sampai,FALSE,Tidak Ada,Selesai
ORD-2024-003970,17/02/2024 16:42,Kopi,10000,1.247848738,18,4,Puas bgt,FALSE,Tidak Ada,Selesai
ORD-2024-003971,2/17/2024 20:34,Mie,1388500,0.584749726,5,,,FALSE,Rendah,Selesai
ORD-2024-003972,2/21/2024 11:06,Kopi,19000,8.402852142,35,5,Nggg enak 😋,TRUE,Tinggi,Selesai
ORD-2024-003973,8/3/2024 11:24,Ayam,44000,,15,4,Driver ramah,FALSE,Tidak Ada,Selesai
ORD-2024-003974,1/18/2024 21:00,Martabak,30000,4.838703662,22,4,Sesuai pesanan,FALSE,Tidak Ada,Selesai
ORD-2024-003975,1/23/2024 21:58,Ayam,56000,3.769453377,28,5,Top bgt kualitasnya,FALSE,Tidak Ada,Selesai
ORD-2024-003976,3/22/2024 18:53,Mie,22000,,30,5,Buruan order!11,TRUE,Tidak Ada,Selesai
ORD-2024-003977,2/19/2024 19:55,Kopi,21000,8.282840658,66,,,FALSE,Rendah,Selesai
ORD-2024-003978,1/16/2024 18:13,Kopi,15500,2.929482073,15,5,Mantap gan!,FALSE,Rendah,Selesai
ORD-2024-003979,1/15/2024 20:51,Ayam,38500,6.846887264,37,5,Makasih ya,FALSE,Tidak Ada,Selesai
ORD-2024-003980,1/25/2024 13:44,Kopi,17500,0.550677329,5,5,Makasih ya,TRUE,Tidak Ada,Selesai
ORD-2024-003981,21/01/2024 21:13,Mie,39500,2.956219747,41,4,Nggg enak 😋,FALSE,Rendah,Selesai
ORD-2024-003982,2/6/2024 16:58,Mie,28500,4.438857629,37,,,TRUE,Tinggi,Selesai
ORD-2024-003983,3/30/2024 2:30,Ayam,45500,0.9508842,5,,,FALSE,Tidak Ada,Selesai
ORD-2024-003984,1/20/2024 13:37,Ayam,26000,4.049931284,25,5,Driver ramah,FALSE,Tidak Ada,Dibatalkan
ORD-2024-003985,3/19/2024 11:41,Mie,24500,4.521684258,29,4,Buruan order!!!11,FALSE,Tidak Ada,Selesai
ORD-2024-003986,26/01/2024 11:03,Mie,27500,5.336908046,28,5,Buruan order!!11,TRUE,Tidak Ada,Selesai
ORD-2024-003987,2/24/2024 18:45,Ayam,45000,1.125751705,11,,,TRUE,Tidak Ada,Selesai
ORD-2024-003988,2/14/2024 23:10,Kopi,9500,3.433402569,26,5,Mantap gan!,FALSE,Tidak Ada,Selesai
ORD-2024-003989,3/10/2024 17:00,Ayam,37500,1.088308793,33,2,"Narik duit banyak😡",FALSE,Tinggi,Selesai
ORD-2024-003990,2/11/2024 8:15,Mie,36000,4.030168875,29,,,FALSE,Tidak Ada,Selesai
ORD-2024-003991,1/31/2024 17:59,Ayam,75500,1.865124435,27,5,Puas bgt,FALSE,Rendah,Dibatalkan
ORD-2024-003992,1/21/2024 19:10,Ayam,36500,2.730511306,18,5,Cepat sampai,FALSE,Tidak Ada,Selesai
ORD-2024-003993,3/19/2024 14:25,Martabak,35000,1.612740988,28,,,FALSE,Tidak Ada,Selesai
ORD-2024-003994,21/01/2024 13:59,Ayam,32000,0.530150415,24,4,Makasih ya,FALSE,Tidak Ada,Selesai
ORD-2024-003995,1/23/2024 6:56,Kopi,22500,0.588152426,8,5,Akan order lg nih,TRUE,Tidak Ada,Selesai
ORD-2024-003996,2/19/2024 6:13,Kopi,865000,0.5,10,5,Makasih ya,TRUE,Tidak Ada,Selesai
ORD-2024-003997,11/1/2024 17:56,Ayam,55500,2.887574849,7,,,TRUE,Rendah,Refund
ORD-2024-003998,2/21/2024 14:06,Kopi,16000,5.664250768,19,4,Top bgt kualitasnya,TRUE,Tinggi,Selesai
ORD-2024-003999,2/9/2024 3:00,Kopi,27500,0.5,8,,,TRUE,Tidak Ada,Selesai
ORD-2024-004000,3/25/2024 18:12,Ayam,24500,,5,4,Nggg enak 😋,FALSE,Tidak Ada,Selesai
ORD-2024-004001,3/18/2024 12:22,Kopi,27000,1.834519055,26,,,TRUE,Tidak Ada,Selesai
ORD-2024-004002,3/17/2024 2:33,Mie,25000,4.015036351,21,4,Enak bgttt,TRUE,Tidak Ada,Selesai
ORD-2024-004003,3/30/2024 14:31,Martabak,31500,0.514884329,19,5,Enak bgt!!!,TRUE,Tidak Ada,Selesai
ORD-2024-004004,1/6/2024 19:52,Ayam,41500,0.950926166,5,4,Nggg enak 😋,TRUE,Rendah,Selesai
ORD-2024-004005,22/03/2024 17:33,Ayam,25000,0.791920861,27,5,Sesuai pesanan,FALSE,Tidak Ada,Dibatalkan
ORD-2024-004006,2/4/2024 11:39,Ayam,42500,1.527736711,22,,,TRUE,Tidak Ada,Selesai
ORD-2024-004007,2/26/2024 3:29,Kopi,15000,0.764671628,16,4,Makasih ya,FALSE,Tidak Ada,Selesai
ORD-2024-004008,15/01/2024 21:26,Kopi,17500,1.304366689,26,4,Buruan order!11,TRUE,Tidak Ada,Selesai
ORD-2024-004009,3/23/2024 13:22,Martabak,38500,3.911850159,29,2,Lama org kerjanyaa,FALSE,Tinggi,Dibatalkan
ORD-2024-004010,3/27/2024 12:44,Ayam,54500,2.832599132,12,4,Top bgt kualitasnya,TRUE,Tidak Ada,Selesai
ORD-2024-004011,3/30/2024 12:34,Ayam,500,0.5,20,4,Sesuai pesanan,FALSE,Tidak Ada,Selesai
ORD-2024-004012,3/19/2024 18:53,Kopi,17500,3.046226203,15,3,Yaudah minum teh,TRUE,Rendah,Selesai
ORD-2024-004013,2/27/2024 12:21,Martabak,24000,1.944964144,21,3,Lumayan,FALSE,Tinggi,Selesai
ORD-2024-004014,2/4/2024 20:40,Ayam,53000,8.180120335,34,5,Rekomendasi deh,TRUE,Tidak Ada,Selesai
ORD-2024-004015,2/8/2024 18:55,Martabak,28500,1.024532861,32,4,Makasih ya,FALSE,Tidak Ada,Selesai
ORD-2024-004016,2/4/2024 18:48,Ayam,64500,3.885704185,32,4,Cepat sampai,TRUE,Tidak Ada,Selesai
ORD-2024-004017,3/16/2024 9:04,Mie,15000,3.93757994,30,,,TRUE,Tidak Ada,Selesai
ORD-2024-004018,3/20/2024 17:35,Mie,500,0.751161873,7,5,Buruan order!11,FALSE,Tidak Ada,Selesai
ORD-2024-004019,3/17/2024 20:16,Ayam,37500,7.006057122,40,5,Enak bgt!!,FALSE,Tinggi,Selesai
ORD-2024-004020,3/20/2024 9:25,Ayam,40000,2.027001748,18,,,FALSE,Tidak Ada,Selesai
ORD-2024-004021,3/6/2024 13:07,Kopi,10500,3.407852636,25,,,FALSE,Tidak Ada,Selesai
ORD-2024-004022,2/6/2024 16:40,Ayam,59500,0.5,5,5,Nggg enak 😋,FALSE,Tidak Ada,Selesai
ORD-2024-004023,3/15/2024 21:06,Martabak,33500,0.894425424,34,5,Enak bgttt,FALSE,Rendah,Selesai
ORD-2024-004024,3/15/2024 19:18,Mie,24000,,21,5,Akan order lg nih,FALSE,Tidak Ada,Selesai
ORD-2024-004025,3/18/2024 14:56,Martabak,16000,,21,3,Gapapa,FALSE,Rendah,Selesai
ORD-2024-004026,1/22/2024 11:10,Mie,24500,2.077599619,7,5,Mantap gan!,TRUE,Tidak Ada,Dibatalkan
ORD-2024-004027,2/28/2024 14:18,Kopi,18000,1.405239641,31,1,Gak sesuai foto,FALSE,Tinggi,Selesai
ORD-2024-004028,8/1/2024 12:17,Ayam,65000,3.069572268,36,5,Sesuai pesanan,FALSE,Tidak Ada,Selesai
ORD-2024-004029,15/02/2024 18:00,Martabak,43000,2.003288497,27,4,Mantap gan!,FALSE,Tidak Ada,Refund
ORD-2024-004030,3/14/2024 17:21,Kopi,21500,0.5,16,4,Puas bgt,FALSE,Tidak Ada,Selesai
ORD-2024-004031,3/10/2024 21:38,Martabak,31000,3.146731945,46,4,Mantap gan!,FALSE,Tidak Ada,Dibatalkan
ORD-2024-004032,1/14/2024 20:55,Ayam,46500,1.645175216,27,5,Akan order lg nih,FALSE,Tidak Ada,Selesai
ORD-2024-004033,2/27/2024 0:03,Ayam,1000,1.254276011,5,5,Mantap gan!,TRUE,Tidak Ada,Refund
ORD-2024-004034,3/27/2024 14:48,Mie,21000,0.5,16,2,Paket berantakan,TRUE,Tinggi,Dibatalkan
ORD-2024-004035,3/16/2024 19:22,Ayam,42000,0.746806302,20,5,Mantap gan!,TRUE,Rendah,Selesai
ORD-2024-004036,2/15/2024 17:35,Mie,30500,0.759928089,16,5,Akan order lg nih,FALSE,Rendah,Selesai
ORD-2024-004037,25/01/2024 17:42,Mie,23000,8.217206503,47,1,Buruk skali layanannya,TRUE,Tidak Ada,Dibatalkan
ORD-2024-004038,2/7/2024 21:03,Martabak,39500,1.699612179,32,,,FALSE,Tidak Ada,Dibatalkan
ORD-2024-004039,1/3/2024 16:30,Martabak,34500,0.5,10,5,Nggg enak 😋,TRUE,Tidak Ada,Selesai
ORD-2024-004040,3/23/2024 0:07,Kopi,13500,0.5,8,4,Driver ramah,TRUE,Tidak Ada,Selesai
ORD-2024-004041,2/24/2024 17:03,Mie,26000,0.5,5,5,Cepat sampai,TRUE,Tidak Ada,Selesai
ORD-2024-004042,2/7/2024 13:08,Ayam,36500,2.666532989,5,5,Puas bgt,TRUE,Tidak Ada,Selesai
ORD-2024-004043,6/1/2024 19:42,Kopi,15500,0.619676123,11,5,Rekomendasi deh,FALSE,Tinggi,Dibatalkan
ORD-2024-004044,3/12/2024 12:52,Martabak,26000,2.070799842,13,5,Makanan hangat sampai,FALSE,Tidak Ada,Selesai
ORD-2024-004045,2/8/2024 12:09,Kopi,21500,1.386401931,15,4,Rekomendasi deh,FALSE,Rendah,Dibatalkan
ORD-2024-004046,1/15/2024 13:39,Kopi,25500,4.887030269,24,4,Mantap gan!,FALSE,Tidak Ada,Selesai
ORD-2024-004047,3/2/2024 14:49,Ayam,27500,1.159148385,6,4,Cepat sampai,FALSE,Tidak Ada,Selesai
ORD-2024-004048,1/24/2024 11:21,Kopi,8500,1.838937652,13,3,Standar lah,FALSE,Rendah,Selesai
ORD-2024-004049,3/22/2024 19:28,Mie,24500,3.832702479,31,4,Akan order lg nih,FALSE,Tidak Ada,Selesai
ORD-2024-004050,3/4/2024 14:19,Ayam,26000,1.704046739,13,5,Nggg enak 😋,FALSE,Rendah,Selesai
ORD-2024-004051,2/11/2024 18:38,Mie,26500,4.728234795,27,5,Puas bgt,TRUE,Tinggi,Selesai
ORD-2024-004052,1/13/2024 7:34,Martabak,35500,3.251327886,37,5,Makanan hangat sampai,FALSE,Tidak Ada,Selesai
ORD-2024-004053,3/3/2024 4:18,Mie,36500,,23,1,Lama org kerjanyaa,TRUE,Tinggi,Selesai
ORD-2024-004054,1/28/2024 11:00,Kopi,17500,2.103428738,22,5,Puas bgt,FALSE,Tidak Ada,Selesai
ORD-2024-004055,1/17/2024 2:59,Martabak,28500,10.25229639,43,,,TRUE,Tidak Ada,Selesai
ORD-2024-004056,3/1/2024 12:40,Ayam,18500,3.250681875,17,,,FALSE,Tidak Ada,Selesai
ORD-2024-004057,2/24/2024 17:41,Mie,26000,7.061484407,33,4,Wow enak bgt,FALSE,Tidak Ada,Selesai
ORD-2024-004058,3/20/2024 13:45,Ayam,52500,0.590814191,11,5,Sesuai pesanan,TRUE,Tidak Ada,Selesai
ORD-2024-004059,11/2/2024 13:10,Mie,30500,1.980507872,20,4,Puas bgt,FALSE,Tidak Ada,Selesai
ORD-2024-004060,1/18/2024 10:06,Mie,21000,7.179554259,31,5,Rekomendasi deh,FALSE,Tinggi,Selesai
ORD-2024-004061,3/5/2024 13:39,Ayam,44000,1.168533433,5,5,Akan order lg nih,TRUE,Tidak Ada,Selesai
ORD-2024-004062,1/8/2024 11:33,Ayam,26500,10.29474074,55,3,Gapapa,FALSE,Tidak Ada,Selesai
ORD-2024-004063,2/16/2024 11:16,Martabak,13000,0.5,8,4,Enak bgt!!,FALSE,Rendah,Selesai
ORD-2024-004064,2/4/2024 19:40,Ayam,33000,6.988980109,56,,,TRUE,Tinggi,Selesai
ORD-2024-004065,1/19/2024 13:07,Mie,2255500,1.767508321,30,5,Nggg enak 😋,TRUE,Tidak Ada,Selesai
ORD-2024-004066,29/02/2024 13:44,Ayam,49500,0.5,5,,,FALSE,Tidak Ada,Selesai
ORD-2024-004067,2/28/2024 13:54,Ayam,28000,6.348854201,32,5,Nggg enak 😋,FALSE,Rendah,Selesai
ORD-2024-004068,1/5/2024 14:32,Mie,23500,0.870817123,31,5,Mantap gan!,TRUE,Tidak Ada,Selesai
ORD-2024-004069,25/01/2024 12:26,Martabak,30000,0.5,20,5,Nggg enak 😋,FALSE,Tidak Ada,Selesai
ORD-2024-004070,1/9/2024 7:52,Mie,23500,0.5,12,4,Driver ramah,FALSE,Tidak Ada,Selesai
ORD-2024-004071,3/17/2024 13:59,Ayam,34500,3.228628034,5,5,Driver ramah,FALSE,Tidak Ada,Selesai
ORD-2024-004072,3/5/2024 18:51,Martabak,22000,11.42454196,51,4,Wow enak bgt,FALSE,Rendah,Dibatalkan
ORD-2024-004073,2/15/2024 15:34,Kopi,19500,0.5,13,,,TRUE,Tidak Ada,Selesai
ORD-2024-004074,2/6/2024 13:11,Martabak,41500,1.859400476,5,5,Makasih ya,TRUE,Tidak Ada,Selesai
ORD-2024-004075,2/10/2024 14:44,Martabak,14500,0.597682565,20,5,Mantap gan!,TRUE,Tidak Ada,Selesai
ORD-2024-004076,3/25/2024 13:46,Kopi,15000,4.099905045,20,,,FALSE,Tinggi,Dibatalkan
ORD-2024-004077,3/6/2024 11:22,Kopi,19500,0.5,17,5,Akan order lg nih,FALSE,Tidak Ada,Refund
ORD-2024-004078,1/25/2024 14:31,Ayam,51000,0.822685925,16,5,Puas bgt,FALSE,Tidak Ada,Selesai
ORD-2024-004079,2/26/2024 5:37,Martabak,21500,0.655983217,10,5,Nggg enak 😋,FALSE,Tidak Ada,Selesai
ORD-2024-004080,1/9/2024 7:13,Ayam,43500,2.412368833,24,4,Driver ramah,FALSE,Rendah,Dibatalkan
ORD-2024-004081,3/16/2024 19:56,Martabak,32500,6.195056362,37,5,Nggg enak 😋,TRUE,Tidak Ada,Selesai
ORD-2024-004082,2/25/2024 13:03,Ayam,3707500,2.146731801,46,,,FALSE,Rendah,Dibatalkan
ORD-2024-004083,3/15/2024 22:02,Martabak,16000,0.5,26,5,Buruan order!11,TRUE,Tidak Ada,Selesai
ORD-2024-004084,3/17/2024 20:14,Martabak,29000,2.486137445,11,4,Akan order lg nih,FALSE,Tidak Ada,Selesai
ORD-2024-004085,1/30/2024 21:45,Ayam,57000,4.791357294,41,,,FALSE,Rendah,Selesai
ORD-2024-004086,1/11/2024 20:42,Ayam,70000,0.5,7,,,FALSE,Tidak Ada,Selesai
ORD-2024-004087,2/6/2024 13:24,Ayam,14000,0.5,5,,,FALSE,Tidak Ada,Selesai
ORD-2024-004088,6/3/2024 9:39,Martabak,21500,0.624054719,5,5,Makasih ya,TRUE,Tidak Ada,Selesai
ORD-2024-004089,3/26/2024 20:37,Mie,22000,4.11228277,23,4,Nggg enak 😋,TRUE,Rendah,Selesai
ORD-2024-004090,12/3/2024 11:52,Ayam,51500,2.687115377,31,5,Cepat sampai,FALSE,Tidak Ada,Selesai
ORD-2024-004091,2/12/2024 21:22,Martabak,29000,2.333467055,22,4,Wow enak bgt,FALSE,Tidak Ada,Selesai
ORD-2024-004092,3/7/2024 18:03,Ayam,49500,0.860966517,20,2,Lama bgt nunggunya,TRUE,Tinggi,Dibatalkan
ORD-2024-004093,2/26/2024 14:46,Kopi,18000,1.211464058,5,5,Puas bgt,TRUE,Tidak Ada,Selesai
ORD-2024-004094,3/25/2024 2:52,Mie,19500,10.13405546,39,4,Mantap gan!,TRUE,Tidak Ada,Selesai
ORD-2024-004095,3/10/2024 14:57,Ayam,5680000,0.825779553,5,4,Driver ramah,FALSE,Tidak Ada,Selesai
ORD-2024-004096,12/2/2024 16:19,Kopi,18500,6.9575286,18,5,Cepat sampai,FALSE,Tidak Ada,Selesai
ORD-2024-004097,2/12/2024 8:50,Ayam,62000,2.606300568,8,5,Buruan order!11,FALSE,Rendah,Selesai
ORD-2024-004098,4/3/2024 5:33,Ayam,87500,0.5,12,,,FALSE,Rendah,Selesai
ORD-2024-004099,1/14/2024 12:40,Ayam,35500,1.889460306,25,5,Mantap gan!,FALSE,Tidak Ada,Selesai
ORD-2024-004100,3/5/2024 14:54,Ayam,53500,8.901359662,35,3,Gapapa,TRUE,Tinggi,Selesai
ORD-2024-004101,1/11/2024 21:31,Martabak,45000,1.626771366,24,,,FALSE,Tinggi,Selesai
ORD-2024-004102,5/2/2024 10:36,Kopi,26000,5.971799947,34,5,Cepat sampai,FALSE,Tidak Ada,Dibatalkan
ORD-2024-004103,3/1/2024 19:42,Kopi,15000,0.888871838,18,2,Kecewa bgt,TRUE,Tinggi,Selesai
ORD-2024-004104,3/14/2024 18:53,Ayam,85000,2.538350737,13,,,FALSE,Rendah,Selesai
ORD-2024-004105,14/03/2024 13:09,Ayam,65000,5.570854129,27,4,Top bgt kualitasnya,FALSE,Rendah,Selesai
ORD-2024-004106,2/24/2024 18:52,Martabak,41000,7.603114201,43,4,Puas bgt,FALSE,Tidak Ada,Selesai
ORD-2024-004107,3/21/2024 10:47,Mie,31500,1.995565287,10,4,Wow enak bgt,FALSE,Tidak Ada,Selesai
ORD-2024-004108,1/3/2024 14:47,Ayam,56500,3.062355719,29,2,Gajadi orderan,FALSE,Tinggi,Selesai
ORD-2024-004109,3/26/2024 12:43,Mie,41500,0.5,5,5,Makanan hangat sampai,FALSE,Tidak Ada,Selesai
ORD-2024-004110,1/16/2024 12:50,Kopi,14500,0.875967233,19,4,Nggg enak 😋,FALSE,Tidak Ada,Selesai
ORD-2024-004111,2/1/2024 17:08,Kopi,24500,0.98015076,24,,,FALSE,Tidak Ada,Selesai
ORD-2024-004112,3/1/2024 13:22,Kopi,25500,0.5,16,5,Buruan order!11,TRUE,Tidak Ada,Selesai
ORD-2024-004113,2/24/2024 11:44,Ayam,74500,0.984241692,6,5,Puas bgt,FALSE,Tidak Ada,Selesai
ORD-2024-004114,3/9/2024 16:45,Ayam,50500,1.161941677,5,4,Sesuai pesanan,TRUE,Tidak Ada,Selesai
ORD-2024-004115,2/11/2024 12:19,Martabak,32000,10.3987479,39,5,Akan order lg nih,FALSE,Rendah,Selesai
ORD-2024-004116,1/27/2024 19:59,Ayam,30000,3.313309072,29,5,Akan order lg nih,FALSE,Tidak Ada,Refund
ORD-2024-004117,3/8/2024 20:48,Mie,23000,1.665404196,16,5,Buruan order!11,TRUE,Tidak Ada,Selesai
ORD-2024-004118,2/26/2024 13:32,Kopi,19000,13.28219205,54,4,Makanan hangat sampai,FALSE,Tidak Ada,Selesai
ORD-2024-004119,3/13/2024 13:15,Ayam,27500,0.5,18,5,Rekomendasi deh,FALSE,Tidak Ada,Selesai
ORD-2024-004120,1/1/2024 21:20,Martabak,28000,1.939083893,5,,,FALSE,Tidak Ada,Selesai
ORD-2024-004121,2/25/2024 13:28,Ayam,84000,3.124390385,21,,,FALSE,Tidak Ada,Selesai
ORD-2024-004122,3/24/2024 14:52,Kopi,16000,0.5,5,5,Enak bgttt,FALSE,Tidak Ada,Selesai
ORD-2024-004123,3/3/2024 19:22,Martabak,38000,3.786913039,13,2,Ayamnya keras,FALSE,Tinggi,Selesai
ORD-2024-004124,1/13/2024 18:25,Mie,30000,0.5,9,5,Akan order lg nih,TRUE,Rendah,Selesai
ORD-2024-004125,3/25/2024 12:30,Martabak,27500,0.5,38,4,Mantap gan!!!,TRUE,Tidak Ada,Selesai
ORD-2024-004126,4/1/2024 17:38,Martabak,29000,0.521951482,20,,,TRUE,Rendah,Selesai
ORD-2024-004127,3/24/2024 17:21,Martabak,31500,7.930574602,30,5,Enak bgt,TRUE,Tidak Ada,Selesai
ORD-2024-004128,1/23/2024 20:51,Mie,11500,3.448790478,36,4,Enak bgt!!!,TRUE,Tidak Ada,Selesai
ORD-2024-004129,3/28/2024 17:57,Ayam,67500,3.196352292,11,4,Enak bgt,FALSE,Tidak Ada,Selesai
ORD-2024-004130,3/30/2024 19:40,Ayam,49500,2.432371779,35,,,FALSE,Tidak Ada,Selesai
ORD-2024-004131,3/9/2024 20:58,Ayam,68000,1.03935075,7,,,FALSE,Tinggi,Dibatalkan
ORD-2024-004132,2/3/2024 13:07,Ayam,58000,,24,1,😠😠😠,TRUE,Rendah,Selesai
ORD-2024-004133,3/12/2024 18:31,Martabak,29000,1.58365961,38,,,FALSE,Tidak Ada,Selesai
ORD-2024-004134,19/01/2024 18:27,Martabak,31500,0.5,10,,,FALSE,Rendah,Selesai
ORD-2024-004135,3/6/2024 8:40,Kopi,17500,3.509654283,35,4,Buruan order!11,FALSE,Rendah,Refund
ORD-2024-004136,2/28/2024 12:37,Ayam,76000,0.5,13,5,Top bgt kualitasnya,FALSE,Tinggi,Selesai
ORD-2024-004137,1/3/2024 21:51,Martabak,30500,0.634640342,13,4,Cepat sampai,FALSE,Tidak Ada,Selesai
ORD-2024-004138,2/21/2024 11:36,Ayam,56500,5.106293467,22,4,Sesuai pesanan,TRUE,Tidak Ada,Refund
ORD-2024-004139,3/9/2024 8:39,Martabak,20500,3.237462363,31,,,FALSE,Tidak Ada,Selesai
ORD-2024-004140,2/4/2024 11:07,Kopi,16500,2.990803989,18,5,Mantap gan!,FALSE,Tidak Ada,Selesai
ORD-2024-004141,2/12/2024 20:08,Ayam,76000,1.624899956,36,5,Mantap gan!!,FALSE,Tidak Ada,Selesai
ORD-2024-004142,28/02/2024 12:01,Ayam,58500,1.513936869,11,3,Standar lah,FALSE,Tidak Ada,Selesai
ORD-2024-004143,3/11/2024 3:50,Ayam,33500,3.516091401,17,,,FALSE,Tidak Ada,Selesai
ORD-2024-004144,4/2/2024 1:12,Mie,19000,4.041284852,30,5,Driver ramah,FALSE,Tidak Ada,Selesai
ORD-2024-004145,3/16/2024 21:57,Mie,21000,2.141355268,19,5,Sesuai pesanan,FALSE,Tidak Ada,Selesai
ORD-2024-004146,1/27/2024 20:41,Martabak,0,10.44747394,52,3,OK,FALSE,Tinggi,Dibatalkan
ORD-2024-004147,3/6/2024 12:13,Ayam,53000,9.350281936,33,5,Makasih ya,FALSE,Tidak Ada,Selesai
ORD-2024-004148,3/1/2024 19:06,Kopi,17500,1.595277069,19,5,Nggg enak 😋,FALSE,Rendah,Selesai
ORD-2024-004149,3/18/2024 11:22,Martabak,30000,5.154784156,34,5,Wow enak bgt,TRUE,Rendah,Selesai
ORD-2024-004150,3/22/2024 0:11,Martabak,43000,,31,5,Enak bgt!!,FALSE,Tidak Ada,Selesai
ORD-2024-004151,1/18/2024 12:02,Ayam,35000,2.150819303,15,,,TRUE,Tidak Ada,Selesai
ORD-2024-004152,3/24/2024 7:57,Ayam,50500,0.5,14,,,FALSE,Tidak Ada,Selesai
ORD-2024-004153,3/24/2024 20:08,Martabak,18000,2.559769708,33,5,Top bgt kualitasnya,FALSE,Rendah,Selesai
ORD-2024-004154,2/5/2024 11:45,Kopi,18000,6.92514349,37,4,Makasih ya,TRUE,Tidak Ada,Selesai
ORD-2024-004155,3/16/2024 8:06,Ayam,33000,4.54420897,32,,,TRUE,Tidak Ada,Selesai
ORD-2024-004156,2/4/2024 18:53,Ayam,47000,4.629787043,53,,,FALSE,Tinggi,Selesai
ORD-2024-004157,8/1/2024 21:19,Kopi,15000,,14,5,Driver ramah,FALSE,Tidak Ada,Selesai
ORD-2024-004158,1/19/2024 13:34,Mie,28000,1.331601882,30,,,FALSE,Tinggi,Selesai
ORD-2024-004159,12/3/2024 20:16,Mie,22000,0.796607039,20,4,Cepat sampai,FALSE,Rendah,Selesai
ORD-2024-004160,22/02/2024 12:23,Kopi,14000,1.139020539,24,5,Akan order lg nih,FALSE,Tidak Ada,Selesai
ORD-2024-004161,2/8/2024 5:18,Kopi,22500,2.599213103,23,,,FALSE,Tidak Ada,Selesai
ORD-2024-004162,3/29/2024 18:11,Ayam,56500,1.36136966,27,5,Puas bgt,FALSE,Tidak Ada,Selesai
ORD-2024-004163,3/9/2024 1:02,Kopi,14000,2.467703279,25,,,FALSE,Rendah,Selesai
ORD-2024-004164,3/8/2024 20:13,Kopi,15500,1.731437184,18,5,Nggg enak 😋,FALSE,Tidak Ada,Selesai
ORD-2024-004165,1/20/2024 20:44,Martabak,42500,1.013204446,10,,,FALSE,Tinggi,Refund
ORD-2024-004166,1/20/2024 1:38,Kopi,15500,0.5,15,4,Mantap gan!,FALSE,Tidak Ada,Selesai
ORD-2024-004167,1/31/2024 20:46,Ayam,40000,6.672388212,22,4,Makanan hangat sampai,TRUE,Tidak Ada,Selesai
ORD-2024-004168,2/16/2024 11:00,Ayam,40000,0.5,20,2,Paket berantakan,TRUE,Tinggi,Dibatalkan
ORD-2024-004169,3/18/2024 11:06,Ayam,42500,0.5,21,5,Top bgt kualitasnya,TRUE,Tidak Ada,Selesai
ORD-2024-004170,2/12/2024 18:00,Ayam,41500,5.259885699,29,1,Kecewa bgt,FALSE,Tinggi,Dibatalkan
ORD-2024-004171,1/28/2024 17:12,Ayam,30000,17.24408754,75,,,FALSE,Rendah,Selesai
ORD-2024-004172,3/24/2024 18:05,Mie,18000,3.895980639,35,,,FALSE,Tinggi,Selesai
ORD-2024-004173,2/18/2024 21:30,Kopi,13000,0.5,21,4,Makanan hangat sampai,FALSE,Rendah,Selesai
ORD-2024-004174,19/02/2024 18:07,Kopi,19000,0.771226707,24,5,Buruan order!11,FALSE,Rendah,Selesai
ORD-2024-004175,2/2/2024 13:47,Mie,23500,,58,3,Biasa saja,FALSE,Rendah,Selesai
ORD-2024-004176,4/3/2024 12:35,Mie,24500,4.960236049,31,4,Nggg enak 😋,FALSE,Tidak Ada,Selesai
ORD-2024-004177,1/9/2024 17:29,Kopi,22000,2.50966621,21,,,FALSE,Rendah,Selesai
ORD-2024-004178,2/22/2024 12:52,Mie,35000,0.810944124,19,,,FALSE,Tinggi,Refund
ORD-2024-004179,2/7/2024 4:11,Ayam,47000,,23,4,Driver ramah,FALSE,Tidak Ada,Selesai
ORD-2024-004180,3/23/2024 18:21,Ayam,41000,0.5,16,5,Sesuai pesanan,TRUE,Tidak Ada,Selesai
ORD-2024-004181,16/03/2024 11:09,Kopi,13000,2.840101859,35,,,TRUE,Tinggi,Selesai
ORD-2024-004182,3/26/2024 18:17,Martabak,35000,0.5,5,,,TRUE,Tidak Ada,Selesai
ORD-2024-004183,2/27/2024 15:56,Martabak,28500,15.16853427,58,4,Wow enak bgt,FALSE,Tidak Ada,Selesai
ORD-2024-004184,1/3/2024 12:26,Ayam,45000,0.607758309,15,4,Cepat sampai,FALSE,Tidak Ada,Selesai
ORD-2024-004185,2/10/2024 12:30,Ayam,38000,,9,5,Driver ramah,FALSE,Rendah,Dibatalkan
ORD-2024-004186,2/29/2024 19:46,Martabak,24000,0.505467991,5,5,Cepat sampai,TRUE,Tidak Ada,Selesai
ORD-2024-004187,3/27/2024 13:52,Ayam,57000,2.330195698,25,5,Mantap gan!,FALSE,Rendah,Selesai
ORD-2024-004188,3/10/2024 20:02,Kopi,11000,0.5,15,5,Enak bgt!!!,FALSE,Tidak Ada,Selesai
ORD-2024-004189,3/14/2024 10:59,Martabak,37500,4.367298929,29,4,Driver ramah,FALSE,Rendah,Selesai
ORD-2024-004190,1/12/2024 14:34,Martabak,26000,2.637859931,5,,,TRUE,Tidak Ada,Selesai
ORD-2024-004191,3/30/2024 14:16,Martabak,29000,0.5,24,5,Wow enak bgt,FALSE,Tidak Ada,Selesai
ORD-2024-004192,3/6/2024 4:13,Mie,16500,5.663216165,36,3,Biasa saja,FALSE,Tinggi,Selesai
ORD-2024-004193,1/8/2024 16:33,Kopi,16500,2.37571274,6,4,Makasih ya,FALSE,Tidak Ada,Selesai
ORD-2024-004194,2/3/2024 12:28,Martabak,27500,7.63749981,53,5,Mantap gan!,TRUE,Tidak Ada,Selesai
ORD-2024-004195,1/12/2024 3:36,Martabak,0,7.453161806,47,3,Yaudah minum teh,TRUE,Rendah,Selesai
ORD-2024-004196,3/20/2024 4:05,Ayam,37000,,22,4,Wow enak bgt,FALSE,Tidak Ada,Selesai
ORD-2024-004197,1/7/2024 21:59,Ayam,51000,0.5,15,,,FALSE,Tidak Ada,Refund
ORD-2024-004198,1/26/2024 18:53,Ayam,76000,0.5,16,4,Nggg enak 😋,TRUE,Tidak Ada,Selesai
ORD-2024-004199,1/30/2024 13:32,Kopi,18500,13.19588539,42,2,"Narik duit banyak😡",FALSE,Tinggi,Selesai
ORD-2024-004200,6/1/2024 17:14,Martabak,32000,2.005953936,16,5,Sesuai pesanan,TRUE,Tidak Ada,Selesai
ORD-2024-004201,2/22/2024 14:11,Mie,17000,0.816269016,28,5,Sesuai pesanan,FALSE,Tidak Ada,Selesai
ORD-2024-004202,1/2/2024 12:12,Ayam,61000,4.404654862,20,5,Akan order lg nih,FALSE,Rendah,Selesai
ORD-2024-004203,3/28/2024 4:55,Ayam,6859000,0.920738293,27,3,Lumayan,TRUE,Rendah,Selesai
ORD-2024-004204,2/12/2024 12:48,Mie,30500,3.897221586,30,5,Akan order lg nih,FALSE,Tidak Ada,Selesai
ORD-2024-004205,1/3/2024 14:15,Ayam,75500,5.447279566,24,,,FALSE,Tidak Ada,Selesai
ORD-2024-004206,2/21/2024 21:07,Kopi,8000,4.601090864,29,5,Rekomendasi deh,FALSE,Tidak Ada,Selesai
ORD-2024-004207,3/7/2024 21:05,Kopi,19500,0.960813354,5,5,Makasih ya,TRUE,Rendah,Selesai
ORD-2024-004208,21/02/2024 00:37,Kopi,20500,1.540580677,18,,,FALSE,Tidak Ada,Selesai
ORD-2024-004209,2/19/2024 18:52,Ayam,29000,1.599474462,16,,,FALSE,Tidak Ada,Dibatalkan
ORD-2024-004210,3/4/2024 14:47,Ayam,36500,2.027530773,15,1,Ayamnya keras,FALSE,Tinggi,Dibatalkan
ORD-2024-004211,3/9/2024 18:46,Ayam,37000,0.549508014,5,5,Makanan hangat sampai,FALSE,Tidak Ada,Selesai
ORD-2024-004212,3/20/2024 11:34,Kopi,13500,1.807014349,18,5,Puas bgt,FALSE,Tidak Ada,Selesai
ORD-2024-004213,8/2/2024 17:54,Kopi,14500,2.144847317,22,,,FALSE,Tidak Ada,Selesai
ORD-2024-004214,2/24/2024 19:24,Ayam,55500,2.275996122,7,,,FALSE,Tidak Ada,Selesai
ORD-2024-004215,1/3/2024 18:32,Martabak,36500,5.142736243,41,4,Makasih ya,FALSE,Tidak Ada,Selesai
ORD-2024-004216,2/1/2024 17:46,Mie,500,2.185294226,23,5,Makanan hangat sampai,TRUE,Tidak Ada,Selesai
ORD-2024-004217,2/27/2024 11:33,Ayam,69500,,7,3,OK,FALSE,Rendah,Selesai
ORD-2024-004218,1/12/2024 17:41,Kopi,19500,,23,5,Rekomendasi deh,TRUE,Tidak Ada,Selesai
ORD-2024-004219,2/12/2024 21:51,Martabak,20000,4.788294019,37,5,Makanan hangat sampai,FALSE,Tidak Ada,Selesai
ORD-2024-004220,1/3/2024 13:51,Ayam,59500,1.154216663,29,5,Buruan order!11,FALSE,Tidak Ada,Selesai
ORD-2024-004221,1/9/2024 19:48,Ayam,57000,3.109498899,38,4,Enak bgt!!,TRUE,Tidak Ada,Selesai
ORD-2024-004222,2/22/2024 13:24,Martabak,36500,0.5,31,,,TRUE,Tidak Ada,Selesai
ORD-2024-004223,2/2/2024 13:55,Mie,27000,1.255315064,5,5,Sesuai pesanan,TRUE,Tidak Ada,Selesai
ORD-2024-004224,1/19/2024 3:03,Mie,3249500,7.198078708,26,5,Top bgt kualitasnya,TRUE,Tidak Ada,Selesai
ORD-2024-004225,3/23/2024 4:45,Kopi,16500,7.267762275,21,5,Buruan order!11,FALSE,Tidak Ada,Selesai
ORD-2024-004226,1/12/2024 4:58,Martabak,34000,2.56929035,26,,,FALSE,Tinggi,Selesai
ORD-2024-004227,6/3/2024 19:00,Kopi,500,3.635525662,23,5,Top bgt kualitasnya,TRUE,Rendah,Selesai
ORD-2024-004228,2/20/2024 13:32,Martabak,28000,5.772762739,45,2,Buruk sx layanannya,TRUE,Tinggi,Selesai
ORD-2024-004229,2/3/2024 4:29,Kopi,12500,9.550032742,27,5,Makanan hangat sampai,FALSE,Tidak Ada,Selesai
ORD-2024-004230,2/15/2024 18:26,Ayam,36000,,13,5,Cepat sampai,TRUE,Tidak Ada,Selesai
ORD-2024-004231,1/29/2024 14:01,Martabak,22500,2.473704599,13,3,OK,FALSE,Tinggi,Selesai
ORD-2024-004232,1/21/2024 21:08,Kopi,17500,1.611722186,30,4,Enak bgt!!,TRUE,Rendah,Selesai
ORD-2024-004233,1/14/2024 20:04,Kopi,15500,,21,5,Driver ramah,FALSE,Tidak Ada,Selesai
ORD-2024-004234,3/21/2024 11:36,Mie,116000,1.648717404,5,,,FALSE,Tidak Ada,Refund
ORD-2024-004235,2/20/2024 11:03,Ayam,36000,4.690918649,24,4,Buruan order!!11,TRUE,Tidak Ada,Selesai
ORD-2024-004236,1/29/2024 14:26,Ayam,42500,4.902506109,39,5,Rekomendasi deh,TRUE,Tidak Ada,Selesai
ORD-2024-004237,1/17/2024 21:09,Ayam,26000,6.687365893,47,5,Cepat sampai,FALSE,Tidak Ada,Selesai
ORD-2024-004238,1/12/2024 23:58,Martabak,34000,0.5,15,,,TRUE,Tinggi,Selesai
ORD-2024-004239,1/17/2024 20:04,Martabak,29500,2.246960315,22,5,Nggg enak 😋,FALSE,Tinggi,Selesai
ORD-2024-004240,1/4/2024 8:34,Ayam,23000,0.5,5,5,Top bgt kualitasnya,TRUE,Tidak Ada,Selesai
ORD-2024-004241,3/4/2024 13:48,Martabak,23500,0.672215133,25,5,Wow enak bgt,FALSE,Tidak Ada,Selesai
ORD-2024-004242,2/3/2024 11:56,Kopi,18000,6.914257392,25,4,Makasih ya,FALSE,Tidak Ada,Dibatalkan
ORD-2024-004243,1/19/2024 13:14,Martabak,26000,2.060250605,5,,,FALSE,Tinggi,Selesai
ORD-2024-004244,2/19/2024 0:06,Kopi,13500,4.263215493,24,4,Enak bgttt,TRUE,Tidak Ada,Dibatalkan
ORD-2024-004245,1/31/2024 14:46,Kopi,16000,0.5,10,,,FALSE,Tidak Ada,Selesai
ORD-2024-004246,1/27/2024 9:31,Mie,28500,1.617811635,21,5,Akan order lg nih,FALSE,Tidak Ada,Selesai
ORD-2024-004247,31/01/2024 14:05,Ayam,27500,3.36478568,29,3,OK,FALSE,Rendah,Selesai
ORD-2024-004248,3/9/2024 13:48,Ayam,60500,,30,4,Enak bgt,FALSE,Tidak Ada,Selesai
ORD-2024-004249,1/17/2024 21:11,Kopi,13000,1.182764987,20,4,Mantap gan!,TRUE,Tidak Ada,Selesai
ORD-2024-004250,1/1/2024 20:45,Mie,26000,,24,5,Top bgt kualitasnya,TRUE,Tidak Ada,Selesai
ORD-2024-004251,2/14/2024 12:09,Kopi,16500,3.160973622,15,5,Sesuai pesanan,TRUE,Tidak Ada,Selesai
ORD-2024-004252,10/1/2024 19:56,Ayam,42500,10.61015032,57,,,TRUE,Tidak Ada,Selesai
ORD-2024-004253,22/02/2024 14:32,Ayam,34500,5.264180021,28,,,TRUE,Rendah,Selesai
ORD-2024-004254,3/20/2024 14:53,Kopi,15500,11.02174989,47,,,TRUE,Tidak Ada,Selesai
ORD-2024-004255,3/15/2024 12:23,Ayam,78500,5.604719095,24,5,Enak bgt!!!,TRUE,Tidak Ada,Selesai
ORD-2024-004256,1/14/2024 9:32,Martabak,20000,5.79711851,40,5,Rekomendasi deh,TRUE,Tidak Ada,Selesai
ORD-2024-004257,8/2/2024 4:15,Mie,38000,2.582406268,18,4,Driver ramah,TRUE,Tidak Ada,Selesai
ORD-2024-004258,27/01/2024 13:46,Kopi,15500,2.191004309,12,5,Makanan hangat sampai,TRUE,Tidak Ada,Selesai
ORD-2024-004259,2/18/2024 17:09,Kopi,16500,1.563912328,24,4,Akan order lg nih,TRUE,Tidak Ada,Selesai
ORD-2024-004260,3/22/2024 19:38,Kopi,12000,,26,3,OK,FALSE,Rendah,Selesai
ORD-2024-004261,1/21/2024 21:50,Ayam,38500,0.602926804,7,4,Mantap gan!,TRUE,Tidak Ada,Selesai
ORD-2024-004262,2/21/2024 8:51,Mie,22500,0.5,35,3,Lumayan,TRUE,Rendah,Selesai
ORD-2024-004263,1/12/2024 3:42,Kopi,12000,8.863415312,27,,,TRUE,Tidak Ada,Selesai
ORD-2024-004264,1/26/2024 17:33,Kopi,15500,0.5,32,5,Makanan hangat sampai,FALSE,Rendah,Selesai
ORD-2024-004265,1/1/2024 13:14,Martabak,27000,11.29460302,45,2,Lama org kerjanyaa,FALSE,Tidak Ada,Selesai
ORD-2024-004266,27/03/2024 19:32,Kopi,24500,3.915286602,32,4,Makasih ya,TRUE,Tidak Ada,Selesai
ORD-2024-004267,1/23/2024 16:33,Martabak,2432500,1.194718963,13,4,Top bgt kualitasnya,FALSE,Rendah,Selesai
ORD-2024-004268,23/02/2024 20:25,Ayam,55500,3.59019568,32,5,Wow enak bgt,FALSE,Tidak Ada,Selesai
ORD-2024-004269,3/1/2024 11:52,Mie,26500,5.109188633,17,4,Cepat sampai,FALSE,Tidak Ada,Selesai
ORD-2024-004270,1/24/2024 13:19,Mie,24000,0.844551567,5,5,Makanan hangat sampai,FALSE,Tidak Ada,Selesai
ORD-2024-004271,2/5/2024 12:15,Martabak,26000,4.420733543,35,4,Sesuai pesanan,FALSE,Tidak Ada,Selesai
ORD-2024-004272,21/02/2024 14:00,Mie,26500,,13,4,Top bgt kualitasnya,TRUE,Tidak Ada,Selesai
ORD-2024-004273,3/4/2024 14:03,Ayam,69500,,5,,,FALSE,Tidak Ada,Selesai
ORD-2024-004274,1/8/2024 6:06,Kopi,9500,0.5,11,3,Biasa saja,FALSE,Rendah,Selesai
ORD-2024-004275,16/03/2024 17:05,Martabak,24000,0.684929186,5,5,Enak bgt!!,FALSE,Rendah,Selesai
ORD-2024-004276,5/1/2024 6:19,Kopi,12000,0.671855667,5,5,Akan order lg nih,FALSE,Tidak Ada,Selesai
ORD-2024-004277,1/15/2024 14:47,Kopi,12000,0.5,10,,,TRUE,Tidak Ada,Selesai
ORD-2024-004278,2/29/2024 17:26,Ayam,57000,3.883962373,5,4,Sesuai pesanan,TRUE,Tidak Ada,Selesai
ORD-2024-004279,1/14/2024 12:56,Ayam,61500,1.433986072,5,5,Nggg enak 😋,FALSE,Tidak Ada,Selesai
ORD-2024-004280,2/15/2024 19:48,Kopi,21000,6.472499014,48,,,FALSE,Tidak Ada,Selesai
ORD-2024-004281,2/3/2024 13:54,Ayam,61500,0.871743234,24,4,Cepat sampai,FALSE,Tidak Ada,Selesai
ORD-2024-004282,3/8/2024 13:58,Martabak,35000,1.811193,40,4,Mantap gan!,FALSE,Rendah,Selesai
ORD-2024-004283,1/10/2024 14:21,Ayam,4002500,3.056776804,29,4,Akan order lg nih,TRUE,Rendah,Selesai
ORD-2024-004284,1/22/2024 0:30,Ayam,28000,6.298074494,39,,,FALSE,Tidak Ada,Refund
ORD-2024-004285,3/8/2024 14:33,Kopi,13500,2.230929336,16,5,Makanan hangat sampai,FALSE,Tidak Ada,Selesai
ORD-2024-004286,1/18/2024 19:48,Kopi,21000,1.402937447,15,5,Nggg enak 😋,FALSE,Tidak Ada,Selesai
ORD-2024-004287,2/29/2024 14:06,Mie,32000,6.052558587,38,,,FALSE,Tidak Ada,Selesai
ORD-2024-004288,3/29/2024 21:30,Kopi,18000,1.114262647,5,3,OK,FALSE,Tidak Ada,Selesai
ORD-2024-004289,1/26/2024 18:40,Ayam,40500,0.5,19,1,Lama bgt nunggunya,TRUE,Rendah,Selesai
ORD-2024-004290,3/3/2024 17:12,Mie,25000,1.766589113,12,4,Puas bgt,TRUE,Tidak Ada,Selesai
ORD-2024-004291,1/30/2024 14:35,Kopi,7500,4.612653986,24,4,Makanan hangat sampai,TRUE,Tidak Ada,Selesai
ORD-2024-004292,1/1/2024 13:35,Ayam,55500,0.5,23,,,FALSE,Tidak Ada,Selesai
ORD-2024-004293,11/3/2024 19:29,Kopi,18000,2.64481474,7,4,Driver ramah,TRUE,Tidak Ada,Selesai
ORD-2024-004294,1/5/2024 13:42,Mie,27000,2.707637249,22,5,Rekomendasi deh,TRUE,Tidak Ada,Dibatalkan
ORD-2024-004295,18/01/2024 14:11,Kopi,4000,7.915926311,45,4,Wow enak bgt,FALSE,Rendah,Selesai
ORD-2024-004296,1/16/2024 17:50,Ayam,30500,1.012570599,11,5,Cepat sampai,TRUE,Tidak Ada,Selesai
ORD-2024-004297,2/18/2024 20:16,Ayam,39000,0.980668668,16,,,TRUE,Tidak Ada,Selesai
ORD-2024-004298,1/3/2024 20:43,Ayam,56500,1.742047595,19,4,Driver ramah,FALSE,Tidak Ada,Selesai
ORD-2024-004299,25/02/2024 17:15,Kopi,17500,1.324434652,25,5,Puas bgt,FALSE,Tidak Ada,Dibatalkan
ORD-2024-004300,2/16/2024 4:05,Kopi,16000,3.999351362,21,4,Driver ramah,FALSE,Tidak Ada,Selesai
ORD-2024-004301,1/15/2024 9:52,Ayam,1000,,9,,,FALSE,Tidak Ada,Selesai
ORD-2024-004302,1/1/2024 17:13,Mie,33500,4.267892267,22,3,Standar lah,FALSE,Rendah,Selesai
ORD-2024-004303,3/24/2024 19:57,Martabak,35500,5.145091885,27,2,Makanannya dingin,FALSE,Tinggi,Selesai
ORD-2024-004304,1/28/2024 22:07,Kopi,14500,7.691114573,27,4,Makanan hangat sampai,FALSE,Tidak Ada,Selesai
ORD-2024-004305,1/29/2024 19:34,Mie,31500,1.691290977,20,,,TRUE,Rendah,Selesai
ORD-2024-004306,1/9/2024 11:19,Ayam,53000,12.53919553,59,3,Biasa saja,FALSE,Rendah,Selesai
ORD-2024-004307,2/24/2024 17:52,Kopi,19500,0.728741149,15,,,FALSE,Tidak Ada,Selesai
ORD-2024-004308,1/30/2024 11:23,Martabak,36000,3.759123222,17,5,Makanan hangat sampai,TRUE,Tidak Ada,Selesai
ORD-2024-004309,3/1/2024 22:35,Mie,37500,2.290768918,18,,,TRUE,Tidak Ada,Dibatalkan
ORD-2024-004310,21/02/2024 07:14,Martabak,27500,5.093178226,36,4,Wow enak bgt,TRUE,Tidak Ada,Selesai
ORD-2024-004311,3/19/2024 7:19,Ayam,42500,1.943205408,18,5,Puas bgt,FALSE,Tidak Ada,Selesai
ORD-2024-004312,1/1/2024 11:56,Mie,29000,4.596578448,39,4,Nggg enak 😋,FALSE,Tidak Ada,Selesai
ORD-2024-004313,4/3/2024 18:31,Ayam,71500,7.985019466,42,4,Driver ramah,TRUE,Tidak Ada,Selesai
ORD-2024-004314,3/15/2024 3:20,Mie,26500,3.953600729,17,5,Nggg enak 😋,FALSE,Rendah,Selesai
ORD-2024-004315,2/13/2024 11:08,Mie,34500,4.489590709,36,5,Akan order lg nih,FALSE,Tidak Ada,Selesai
ORD-2024-004316,2/27/2024 10:51,Ayam,63000,0.5,5,4,Makasih ya,FALSE,Tidak Ada,Selesai
ORD-2024-004317,3/16/2024 21:31,Martabak,28500,0.688079732,9,4,Akan order lg nih,FALSE,Tidak Ada,Selesai
ORD-2024-004318,2/16/2024 14:54,Ayam,61000,10.98422953,50,4,Rekomendasi deh,TRUE,Rendah,Selesai
ORD-2024-004319,3/26/2024 14:10,Kopi,14500,,31,3,Yaudah minum teh,FALSE,Rendah,Selesai
ORD-2024-004320,1/3/2024 13:27,Kopi,17500,2.472837623,33,2,Driver gak ramah,FALSE,Tinggi,Refund
ORD-2024-004321,2/17/2024 13:49,Kopi,12000,1.371742598,25,4,Sesuai pesanan,FALSE,Tidak Ada,Selesai
ORD-2024-004322,1/5/2024 20:06,Mie,25500,0.5,21,5,Rekomendasi deh,TRUE,Tidak Ada,Selesai
ORD-2024-004323,1/8/2024 14:07,Martabak,37500,1.381994474,25,3,Yaudah minum teh,TRUE,Rendah,Selesai
ORD-2024-004324,2/3/2024 15:34,Kopi,20000,2.072925862,24,5,Makasih ya,FALSE,Tidak Ada,Selesai
ORD-2024-004325,3/2/2024 1:13,Mie,30500,0.712714567,5,4,Sesuai pesanan,TRUE,Tidak Ada,Selesai
ORD-2024-004326,2/9/2024 16:01,Mie,28000,0.570348013,29,5,Makanan hangat sampai,FALSE,Tidak Ada,Selesai
ORD-2024-004327,2/26/2024 11:53,Ayam,54000,2.130370711,30,4,Mantap gan!,FALSE,Tidak Ada,Selesai
ORD-2024-004328,2/11/2024 21:11,Mie,17000,2.644974051,20,3,Yaudah minum teh,TRUE,Tinggi,Selesai
ORD-2024-004329,3/13/2024 13:49,Ayam,48000,0.82298655,19,4,Akan order lg nih,FALSE,Tidak Ada,Selesai
ORD-2024-004330,3/8/2024 18:57,Mie,27500,2.655753505,9,4,Makasih ya,FALSE,Tidak Ada,Selesai
ORD-2024-004331,3/7/2024 1:28,Ayam,32500,6.917971571,29,,,FALSE,Tidak Ada,Selesai
ORD-2024-004332,1/18/2024 14:43,Ayam,500,1.922650642,16,,,FALSE,Tidak Ada,Selesai
ORD-2024-004333,1/9/2024 22:13,Kopi,18000,5.842928509,24,5,Enak bgt,FALSE,Tidak Ada,Selesai
ORD-2024-004334,3/11/2024 12:30,Martabak,39000,7.86306356,48,4,Puas bgt,FALSE,Tidak Ada,Selesai
ORD-2024-004335,2/15/2024 18:57,Kopi,20000,0.5,15,,,FALSE,Tidak Ada,Selesai
ORD-2024-004336,5/3/2024 19:03,Ayam,46500,0.5,5,,,FALSE,Tidak Ada,Selesai
ORD-2024-004337,29/03/2024 13:33,Kopi,11500,1.93904375,8,,,TRUE,Tidak Ada,Selesai
ORD-2024-004338,2/20/2024 18:11,Mie,29000,2.660941835,5,,,FALSE,Tidak Ada,Selesai
ORD-2024-004339,2/17/2024 8:00,Kopi,1713500,1.664768639,22,5,Akan order lg nih,FALSE,Tidak Ada,Selesai
ORD-2024-004340,3/28/2024 21:49,Ayam,44500,1.185582572,14,5,Rekomendasi deh,TRUE,Rendah,Selesai
ORD-2024-004341,3/14/2024 17:57,Kopi,23000,,30,,,FALSE,Rendah,Selesai
ORD-2024-004342,2/27/2024 19:49,Ayam,43500,0.5,44,4,Enak bgt!!!,FALSE,Rendah,Selesai
ORD-2024-004343,3/28/2024 10:26,Mie,24000,10.33293609,34,5,Cepat sampai,TRUE,Tidak Ada,Selesai
ORD-2024-004344,3/1/2024 20:31,Mie,21500,0.792205592,18,,,FALSE,Rendah,Selesai
ORD-2024-004345,2/2/2024 11:37,Kopi,13500,7.470316088,53,4,Enak bgttt,TRUE,Tidak Ada,Refund
ORD-2024-004346,31/01/2024 16:16,Kopi,21000,0.5,8,5,Top bgt kualitasnya,FALSE,Rendah,Selesai
ORD-2024-004347,3/2/2024 14:47,Martabak,11500,0.815769426,12,4,Top bgt kualitasnya,FALSE,Tidak Ada,Selesai
ORD-2024-004348,1/27/2024 12:11,Kopi,14500,0.803143086,20,5,Akan order lg nih,TRUE,Tidak Ada,Selesai
ORD-2024-004349,14/01/2024 11:53,Mie,27500,16.68131026,96,3,Biasa saja,FALSE,Rendah,Dibatalkan
ORD-2024-004350,24/03/2024 13:38,Martabak,42500,0.5,20,4,Top bgt kualitasnya,FALSE,Rendah,Selesai
ORD-2024-004351,1/14/2024 17:49,Martabak,21500,3.061940334,15,4,Makanan hangat sampai,FALSE,Tidak Ada,Dibatalkan
ORD-2024-004352,3/10/2024 19:17,Kopi,11000,6.113438446,27,5,Sesuai pesanan,FALSE,Rendah,Selesai
ORD-2024-004353,14/03/2024 17:23,Kopi,13000,3.34672899,19,2,Paket berantakan,FALSE,Tinggi,Selesai
ORD-2024-004354,24/02/2024 00:13,Mie,31000,1.351703529,5,4,Wow enak bgt,TRUE,Tidak Ada,Selesai
ORD-2024-004355,23/01/2024 12:47,Kopi,17000,9.532436102,45,,,FALSE,Rendah,Selesai
ORD-2024-004356,3/13/2024 0:06,Martabak,19000,6.719415575,30,5,Buruan order!!!11,FALSE,Tidak Ada,Selesai
ORD-2024-004357,3/27/2024 20:53,Ayam,53000,1.707244673,19,4,Makasih ya,TRUE,Tidak Ada,Selesai
ORD-2024-004358,10/3/2024 11:28,Martabak,41500,2.555222596,7,5,Driver ramah,TRUE,Rendah,Selesai
ORD-2024-004359,1/3/2024 2:25,Kopi,17500,10.28131727,44,4,Akan order lg nih,FALSE,Rendah,Dibatalkan
ORD-2024-004360,1/6/2024 21:00,Ayam,54500,12.14702884,46,3,Yaudah minum teh,FALSE,Rendah,Dibatalkan
ORD-2024-004361,1/26/2024 14:53,Ayam,55500,1.792547206,16,,,FALSE,Tinggi,Selesai
ORD-2024-004362,5/2/2024 18:54,Martabak,33000,5.638823232,25,5,Akan order lg nih,FALSE,Tidak Ada,Selesai
ORD-2024-004363,2/26/2024 13:50,Martabak,20500,1.078523545,27,5,Makasih ya,FALSE,Tidak Ada,Selesai
ORD-2024-004364,31/01/2024 00:34,Kopi,15500,1.394751552,9,4,Makanan hangat sampai,TRUE,Tidak Ada,Selesai
ORD-2024-004365,1/5/2024 10:16,Ayam,48500,0.540330789,22,5,Driver ramah,FALSE,Tidak Ada,Selesai
ORD-2024-004366,2/14/2024 21:52,Martabak,26500,0.704072114,16,5,Akan order lg nih,FALSE,Tidak Ada,Selesai
ORD-2024-004367,3/30/2024 21:14,Ayam,63000,3.208966557,28,5,Nggg enak 😋,TRUE,Tidak Ada,Selesai
ORD-2024-004368,21/01/2024 15:11,Kopi,14000,2.144838901,17,4,Top bgt kualitasnya,FALSE,Tidak Ada,Selesai
ORD-2024-004369,1/21/2024 3:52,Ayam,45500,0.788507383,6,4,Puas bgt,FALSE,Tidak Ada,Selesai
ORD-2024-004370,24/03/2024 14:03,Ayam,30500,1.547060342,21,5,Makanan hangat sampai,FALSE,Tidak Ada,Selesai
ORD-2024-004371,2/23/2024 19:52,Ayam,58000,1.401304142,13,4,Makanan hangat sampai,FALSE,Tidak Ada,Selesai
ORD-2024-004372,1/22/2024 19:22,Kopi,20500,13.11271522,62,,,FALSE,Rendah,Selesai
ORD-2024-004373,2/3/2024 21:23,Ayam,45500,5.763538057,39,,,FALSE,Tidak Ada,Selesai
ORD-2024-004374,1/1/2024 21:27,Kopi,20000,1.472903962,36,5,Makanan hangat sampai,FALSE,Tidak Ada,Selesai
ORD-2024-004375,23/02/2024 11:48,Kopi,16000,7.35731532,43,3,Gapapa,FALSE,Rendah,Selesai
ORD-2024-004376,3/1/2024 11:42,Kopi,6000,1.258549365,26,1,Kurang sambelnya,TRUE,Rendah,Selesai
ORD-2024-004377,3/13/2024 5:38,Kopi,16500,3.306971117,25,5,Puas bgt,FALSE,Rendah,Selesai
ORD-2024-004378,1/10/2024 9:56,Mie,25000,10.20209222,39,4,Enak bgt!!,FALSE,Tidak Ada,Selesai
ORD-2024-004379,1/5/2024 11:37,Ayam,53000,1.484260741,24,,,FALSE,Tidak Ada,Selesai
ORD-2024-004380,1/21/2024 12:15,Kopi,17500,,23,5,Driver ramah,FALSE,Tidak Ada,Selesai
ORD-2024-004381,22/01/2024 11:02,Ayam,40000,1.052606117,12,,,FALSE,Tidak Ada,Selesai
ORD-2024-004382,3/24/2024 11:54,Ayam,76000,,5,5,Nggg enak 😋,TRUE,Tidak Ada,Selesai
ORD-2024-004383,1/29/2024 9:21,Kopi,16000,2.561051286,23,1,Kecewa bgt,FALSE,Tinggi,Refund
ORD-2024-004384,5/1/2024 14:37,Kopi,15500,11.6277384,48,1,Makanannya dingin,FALSE,Tinggi,Selesai
ORD-2024-004385,3/12/2024 12:39,Mie,31000,1.810653608,25,5,Driver ramah,FALSE,Tidak Ada,Selesai
ORD-2024-004386,2/1/2024 12:18,Kopi,16500,,42,5,Makasih ya,FALSE,Tidak Ada,Selesai
ORD-2024-004387,1/21/2024 18:00,Mie,44000,,36,4,Top bgt kualitasnya,FALSE,Tidak Ada,Selesai
ORD-2024-004388,2/14/2024 21:41,Ayam,48000,0.878134546,7,,,TRUE,Tidak Ada,Selesai
ORD-2024-004389,2/4/2024 2:10,Ayam,57500,,25,4,Top bgt kualitasnya,TRUE,Tidak Ada,Dibatalkan
ORD-2024-004390,26/02/2024 19:25,Ayam,39000,3.092601405,19,,,FALSE,Rendah,Selesai
ORD-2024-004391,3/19/2024 18:03,Ayam,66000,2.189719096,35,3,Standar lah,TRUE,Rendah,Selesai
ORD-2024-004392,3/4/2024 17:30,Kopi,18000,0.5,6,,,FALSE,Rendah,Selesai
ORD-2024-004393,2/17/2024 11:58,Martabak,27500,15.20067905,81,1,😠😠😠,FALSE,Rendah,Selesai
ORD-2024-004394,3/17/2024 8:41,Ayam,37000,4.190901353,23,4,Akan order lg nih,FALSE,Tidak Ada,Selesai
ORD-2024-004395,2/27/2024 11:37,Mie,17000,1.727127484,26,5,Enak bgt!!!,FALSE,Tidak Ada,Selesai
ORD-2024-004396,2/27/2024 12:06,Mie,29000,2.888327992,10,,,FALSE,Rendah,Selesai
ORD-2024-004397,2/21/2024 14:54,Ayam,28500,0.5,5,4,Wow enak bgt,TRUE,Tidak Ada,Selesai
ORD-2024-004398,1/20/2024 16:40,Ayam,73500,2.051383087,18,,,FALSE,Tidak Ada,Selesai
ORD-2024-004399,19/02/2024 12:44,Ayam,30500,8.013668888,31,5,Driver ramah,FALSE,Tidak Ada,Selesai
ORD-2024-004400,2/24/2024 12:01,Ayam,48500,6.807478747,49,2,Buruk skli layanannya,FALSE,Tinggi,Selesai
ORD-2024-004401,1/21/2024 17:57,Ayam,36500,1.234664644,20,5,Enak bgt,TRUE,Tidak Ada,Selesai
ORD-2024-004402,1/18/2024 12:10,Kopi,16500,2.273811528,14,4,Puas bgt,FALSE,Tidak Ada,Selesai
ORD-2024-004403,2/15/2024 10:22,Ayam,52000,3.585867094,13,2,Kecewa bgt,FALSE,Tinggi,Selesai
ORD-2024-004404,2/4/2024 12:06,Kopi,18500,1.246588454,14,5,Makasih ya,TRUE,Tidak Ada,Selesai
ORD-2024-004405,2/8/2024 11:33,Mie,15500,0.5,8,,,FALSE,Tidak Ada,Selesai
ORD-2024-004406,3/16/2024 18:16,Martabak,24500,2.112270451,24,4,Cepat sampai,FALSE,Rendah,Selesai
ORD-2024-004407,1/17/2024 19:55,Mie,33000,2.761165367,21,5,Rekomendasi deh,FALSE,Tidak Ada,Selesai
ORD-2024-004408,1/12/2024 18:45,Ayam,62500,,25,4,Nggg enak 😋,FALSE,Tidak Ada,Selesai
ORD-2024-004409,3/27/2024 11:37,Kopi,6000,0.5,20,5,Wow enak bgt,FALSE,Tidak Ada,Selesai
ORD-2024-004410,1/1/2024 14:31,Kopi,18000,0.696895908,6,5,Top bgt kualitasnya,FALSE,Tidak Ada,Selesai
ORD-2024-004411,22/03/2024 21:12,Ayam,34000,1.283372745,13,,,FALSE,Tinggi,Selesai
ORD-2024-004412,1/22/2024 21:27,Ayam,41500,,12,,,FALSE,Tidak Ada,Selesai
ORD-2024-004413,3/20/2024 5:21,Martabak,28500,1.043752715,6,,,TRUE,Tidak Ada,Selesai
ORD-2024-004414,26/03/2024 14:17,Martabak,41500,0.969653418,5,4,Rekomendasi deh,TRUE,Tidak Ada,Selesai
ORD-2024-004415,2/12/2024 19:47,Kopi,12000,6.105684794,43,3,Standar lah,TRUE,Tinggi,Refund
ORD-2024-004416,3/10/2024 13:44,Kopi,10500,0.5,26,5,Buruan order!11,TRUE,Tidak Ada,Selesai
ORD-2024-004417,3/2/2024 12:01,Kopi,18500,2.05232526,10,4,Makasih ya,FALSE,Tidak Ada,Dibatalkan
ORD-2024-004418,2/20/2024 21:49,Ayam,51000,9.161655562,35,5,Buruan order!!11,TRUE,Tinggi,Selesai
ORD-2024-004419,1/28/2024 20:55,Ayam,71500,2.942593754,28,5,Mantap gan!,FALSE,Tidak Ada,Selesai
ORD-2024-004420,1/11/2024 12:10,Ayam,45500,3.789104167,18,5,Akan order lg nih,FALSE,Tidak Ada,Selesai
ORD-2024-004421,1/24/2024 0:48,Ayam,72000,1.69287431,25,5,Top bgt kualitasnya,FALSE,Tidak Ada,Selesai
ORD-2024-004422,2/15/2024 21:59,Mie,26000,0.5,7,4,Enak bgttt,TRUE,Rendah,Selesai
ORD-2024-004423,2/8/2024 21:26,Kopi,18500,3.116480118,5,,,FALSE,Tidak Ada,Selesai
ORD-2024-004424,2/2/2024 20:00,Martabak,42000,2.998399815,22,4,Makanan hangat sampai,TRUE,Tinggi,Selesai
ORD-2024-004425,1/22/2024 7:59,Ayam,48500,0.5,7,5,Buruan order!11,FALSE,Tidak Ada,Selesai
ORD-2024-004426,3/13/2024 21:00,Kopi,21000,1.860580885,20,3,Lumayan,FALSE,Rendah,Selesai
ORD-2024-004427,3/30/2024 12:10,Ayam,41000,7.406944402,35,4,Driver ramah,FALSE,Tidak Ada,Selesai
ORD-2024-004428,6/1/2024 14:00,Ayam,55500,0.688559631,20,3,Yaudah minum teh,FALSE,Tidak Ada,Selesai
ORD-2024-004429,2/13/2024 1:37,Ayam,27500,1.854668829,19,4,Driver ramah,FALSE,Tinggi,Selesai
ORD-2024-004430,1/24/2024 13:41,Martabak,26000,1.854693494,22,3,Lumayan,FALSE,Rendah,Selesai
ORD-2024-004431,1/30/2024 17:47,Martabak,22000,4.994240959,32,,,TRUE,Tidak Ada,Selesai
ORD-2024-004432,1/29/2024 12:34,Kopi,21500,5.221645917,31,5,Mantap gan!,FALSE,Tidak Ada,Selesai
ORD-2024-004433,21/01/2024 14:05,Kopi,24000,4.272230684,14,5,Enak bgttt,FALSE,Tidak Ada,Selesai
ORD-2024-004434,1/29/2024 17:44,Mie,23500,1.364537242,21,3,Yaudah minum teh,FALSE,Rendah,Selesai
ORD-2024-004435,1/3/2024 4:29,Ayam,38500,,17,4,Rekomendasi deh,FALSE,Tidak Ada,Selesai
ORD-2024-004436,2/11/2024 20:07,Ayam,29500,1.289963438,20,,,FALSE,Tidak Ada,Selesai
ORD-2024-004437,23/02/2024 01:30,Ayam,56000,3.416346,19,,,FALSE,Rendah,Selesai
ORD-2024-004438,2/20/2024 13:00,Martabak,25500,3.639510658,31,5,Puas bgt,TRUE,Tidak Ada,Selesai
ORD-2024-004439,1/30/2024 18:17,Mie,22000,10.05723961,50,3,Yaudah minum teh,FALSE,Rendah,Selesai
ORD-2024-004440,2/24/2024 7:43,Ayam,79000,1.813438301,21,5,Rekomendasi deh,TRUE,Tidak Ada,Selesai
ORD-2024-004441,26/01/2024 03:00,Mie,24000,3.002570074,18,4,Buruan order!11,TRUE,Tidak Ada,Refund
ORD-2024-004442,3/20/2024 11:27,Mie,30000,2.324314074,7,2,Gak sesuai foto,FALSE,Tinggi,Refund
ORD-2024-004443,26/01/2024 12:22,Ayam,52500,0.5,12,5,Nggg enak 😋,TRUE,Rendah,Selesai
ORD-2024-004444,2/6/2024 12:29,Kopi,10500,1.855246268,10,4,Mantap gan!!!,FALSE,Tidak Ada,Selesai
ORD-2024-004445,25/03/2024 16:23,Kopi,8500,2.361286885,13,5,Buruan order!11,FALSE,Tidak Ada,Dibatalkan
ORD-2024-004446,1/5/2024 18:50,Mie,29500,9.032513737,45,2,Kurang sambelnya,FALSE,Tinggi,Dibatalkan
ORD-2024-004447,24/01/2024 17:52,Ayam,80000,1.369670789,26,5,Top bgt kualitasnya,TRUE,Tidak Ada,Selesai
ORD-2024-004448,1/9/2024 19:06,Martabak,32500,11.75097143,61,,,TRUE,Tinggi,Selesai
ORD-2024-004449,1/3/2024 15:39,Ayam,62000,2.344624479,19,5,Makasih ya,FALSE,Tidak Ada,Selesai
ORD-2024-004450,1/23/2024 12:02,Martabak,23000,0.833073419,27,5,Driver ramah,FALSE,Tidak Ada,Selesai
ORD-2024-004451,3/12/2024 13:17,Kopi,21000,0.638333832,15,5,Sesuai pesanan,TRUE,Rendah,Selesai
ORD-2024-004452,3/4/2024 13:22,Kopi,21000,0.5,16,5,Cepat sampai,TRUE,Tidak Ada,Selesai
ORD-2024-004453,1/26/2024 20:36,Mie,21000,,15,,,TRUE,Tidak Ada,Selesai
ORD-2024-004454,1/2/2024 13:49,Mie,30000,0.5,5,5,Top bgt kualitasnya,TRUE,Tidak Ada,Selesai
ORD-2024-004455,1/29/2024 18:26,Mie,13500,1.76660628,24,,,FALSE,Rendah,Dibatalkan
ORD-2024-004456,2/5/2024 5:12,Ayam,63500,13.37146428,38,5,Mantap gan!,FALSE,Tidak Ada,Selesai
ORD-2024-004457,2/4/2024 11:00,Martabak,25500,3.326958901,15,3,Yaudah minum teh,FALSE,Rendah,Dibatalkan
ORD-2024-004458,3/5/2024 20:56,Ayam,1090500,4.278676772,29,,,FALSE,Tidak Ada,Selesai
ORD-2024-004459,2/4/2024 14:46,Kopi,18000,0.5,6,5,Driver ramah,TRUE,Tidak Ada,Selesai
ORD-2024-004460,3/16/2024 17:37,Kopi,0,1.92223841,19,5,Driver ramah,FALSE,Tidak Ada,Selesai
ORD-2024-004461,3/9/2024 14:03,Kopi,21500,1.011554496,17,,,FALSE,Tidak Ada,Selesai
ORD-2024-004462,3/23/2024 17:18,Kopi,9000,6.735710051,31,5,Buruan order!11,TRUE,Tinggi,Selesai
ORD-2024-004463,3/7/2024 12:29,Mie,28500,0.600085103,15,5,Rekomendasi deh,FALSE,Rendah,Selesai
ORD-2024-004464,18/02/2024 14:53,Ayam,32500,1.841529587,19,5,Rekomendasi deh,FALSE,Tidak Ada,Selesai
ORD-2024-004465,14/02/2024 08:57,Martabak,20000,2.660543273,9,5,Cepat sampai,FALSE,Rendah,Selesai
ORD-2024-004466,1/17/2024 12:48,Kopi,17000,2.164893628,25,4,Makasih ya,FALSE,Tidak Ada,Dibatalkan
ORD-2024-004467,1/9/2024 19:56,Ayam,48500,5.320171159,12,,,FALSE,Tidak Ada,Selesai
ORD-2024-004468,2/17/2024 23:38,Ayam,76000,0.789761348,27,4,Rekomendasi deh,FALSE,Tidak Ada,Selesai
ORD-2024-004469,1/8/2024 14:59,Mie,17000,1.421510229,22,5,Wow enak bgt,TRUE,Tinggi,Dibatalkan
ORD-2024-004470,1/15/2024 13:21,Mie,35500,4.71186766,39,5,Mantap gan!,TRUE,Rendah,Selesai
ORD-2024-004471,3/24/2024 17:24,Mie,18000,2.252782803,26,5,Driver ramah,FALSE,Tidak Ada,Selesai
ORD-2024-004472,31/01/2024 20:02,Mie,32500,1.543082524,17,5,Enak bgt!!!,TRUE,Tidak Ada,Selesai
ORD-2024-004473,1/30/2024 14:17,Ayam,70000,0.5,6,4,Puas bgt,FALSE,Tidak Ada,Selesai
ORD-2024-004474,3/6/2024 11:25,Kopi,18000,4.199785747,27,5,Driver ramah,FALSE,Tidak Ada,Selesai
ORD-2024-004475,3/26/2024 14:30,Martabak,24000,10.74622437,59,4,Rekomendasi deh,TRUE,Tidak Ada,Selesai
ORD-2024-004476,1/16/2024 18:11,Kopi,10000,2.905018799,15,4,Makanan hangat sampai,FALSE,Rendah,Selesai
ORD-2024-004477,2/22/2024 15:58,Kopi,8000,,29,2,😠😠😠,FALSE,Rendah,Selesai
ORD-2024-004478,1/11/2024 21:28,Kopi,24500,2.182444194,5,,,TRUE,Tidak Ada,Selesai
ORD-2024-004479,25/02/2024 13:43,Kopi,15000,0.790650667,7,5,Enak bgt,FALSE,Tidak Ada,Dibatalkan
ORD-2024-004480,1/6/2024 18:36,Kopi,12000,0.5,6,5,Nggg enak 😋,FALSE,Tidak Ada,Selesai
ORD-2024-004481,3/28/2024 22:32,Ayam,32500,3.17873671,33,5,Mantap gan!,TRUE,Tidak Ada,Selesai
ORD-2024-004482,5/3/2024 12:01,Kopi,17000,2.038376968,6,,,TRUE,Tidak Ada,Selesai
ORD-2024-004483,3/22/2024 11:54,Kopi,15000,4.571131601,32,4,Wow enak bgt,TRUE,Tidak Ada,Selesai
ORD-2024-004484,3/14/2024 11:44,Kopi,8500,3.559208369,40,,,TRUE,Tidak Ada,Selesai
ORD-2024-004485,3/23/2024 13:48,Ayam,66000,13.25666151,69,2,Ayamnya keras,TRUE,Tinggi,Dibatalkan
ORD-2024-004486,3/10/2024 21:46,Martabak,32500,2.14196405,34,,,FALSE,Tidak Ada,Dibatalkan
ORD-2024-004487,2/20/2024 11:48,Ayam,82500,1.671523956,34,5,Buruan order!11,TRUE,Tidak Ada,Selesai
ORD-2024-004488,21/01/2024 17:30,Kopi,21500,1.0137265,16,5,Buruan order!11,TRUE,Tidak Ada,Selesai
ORD-2024-004489,3/15/2024 21:53,Martabak,7000,,24,5,Makasih ya,TRUE,Tidak Ada,Selesai
ORD-2024-004490,3/13/2024 5:31,Kopi,22500,6.187670163,30,5,Makasih ya,FALSE,Tidak Ada,Refund
ORD-2024-004491,2/23/2024 6:49,Ayam,71500,0.5,15,5,Wow enak bgt,FALSE,Rendah,Selesai
ORD-2024-004492,12/1/2024 17:34,Martabak,24500,11.43653943,57,2,Ayamnya keras,FALSE,Tinggi,Selesai
ORD-2024-004493,2/9/2024 18:25,Kopi,14500,15.02016632,83,4,Makasih ya,FALSE,Tidak Ada,Refund
ORD-2024-004494,1/4/2024 12:56,Martabak,33000,2.732576872,25,4,Buruan order!!!11,FALSE,Tidak Ada,Selesai
ORD-2024-004495,1/31/2024 9:43,Martabak,22500,1.208355025,6,5,Nggg enak 😋,FALSE,Tidak Ada,Selesai
ORD-2024-004496,1/3/2024 13:49,Martabak,28000,0.757133859,20,4,Rekomendasi deh,TRUE,Tidak Ada,Selesai
ORD-2024-004497,2/23/2024 20:38,Kopi,0,0.970924375,23,5,Enak bgt!!!!!!,TRUE,Tidak Ada,Selesai
ORD-2024-004498,2/13/2024 14:12,Ayam,68500,0.5,6,5,Cepat sampai,TRUE,Tidak Ada,Dibatalkan
ORD-2024-004499,18/03/2024 19:14,Ayam,62500,1.933705165,11,1,Kecewa bgt,FALSE,Tinggi,Selesai
ORD-2024-004500,2/5/2024 7:51,Kopi,18500,0.5,19,5,Cepat sampai,TRUE,Tidak Ada,Selesai
ORD-2024-004501,3/29/2024 23:04,Kopi,17500,3.802593709,17,2,Lama bgt nunggunya,TRUE,Rendah,Dibatalkan
ORD-2024-004502,1/15/2024 21:55,Kopi,20500,1.395308361,13,,,FALSE,Tinggi,Selesai
ORD-2024-004503,3/22/2024 19:42,Ayam,45500,0.667049343,10,5,Cepat sampai,FALSE,Tidak Ada,Selesai
ORD-2024-004504,2/13/2024 16:37,Ayam,54500,2.361408183,19,5,Rekomendasi deh,FALSE,Tidak Ada,Selesai
ORD-2024-004505,1/7/2024 13:56,Kopi,2000,10.92133174,62,1,Buruk skli layanannya,FALSE,Tinggi,Selesai
ORD-2024-004506,3/25/2024 11:21,Ayam,44000,3.563619791,31,5,Akan order lg nih,FALSE,Rendah,Selesai
ORD-2024-004507,27/02/2024 03:30,Martabak,35500,2.030326887,12,,,FALSE,Tidak Ada,Selesai
ORD-2024-004508,20/01/2024 19:02,Ayam,45000,4.500597819,41,,,FALSE,Tinggi,Dibatalkan
ORD-2024-004509,27/01/2024 11:33,Kopi,14500,4.01224371,35,5,Driver ramah,FALSE,Tidak Ada,Selesai
ORD-2024-004510,1/9/2024 20:09,Mie,18500,,46,3,Gapapa,TRUE,Tidak Ada,Selesai
ORD-2024-004511,23/02/2024 19:53,Ayam,68500,0.686990499,24,4,Akan order lg nih,FALSE,Rendah,Selesai
ORD-2024-004512,2/11/2024 0:42,Kopi,19000,5.874382536,24,5,Driver ramah,TRUE,Tidak Ada,Selesai
ORD-2024-004513,1/19/2024 21:21,Ayam,65500,1.074425574,7,5,Makasih ya,FALSE,Tidak Ada,Selesai
ORD-2024-004514,3/23/2024 19:05,Martabak,17000,8.490598988,39,5,Akan order lg nih,FALSE,Tidak Ada,Selesai
ORD-2024-004515,1/1/2024 21:43,Kopi,16000,0.989953608,25,5,Nggg enak 😋,TRUE,Tidak Ada,Selesai
ORD-2024-004516,2/19/2024 5:51,Kopi,15500,7.845669708,24,5,Wow enak bgt,FALSE,Rendah,Selesai
ORD-2024-004517,17/01/2024 11:33,Kopi,15500,9.95531906,35,4,Mantap gan!,TRUE,Tidak Ada,Selesai
ORD-2024-004518,1/31/2024 20:03,Mie,1000,0.5,5,,,FALSE,Rendah,Dibatalkan
ORD-2024-004519,23/01/2024 13:12,Ayam,41000,11.00721675,40,4,Enak bgttt,FALSE,Tidak Ada,Selesai
ORD-2024-004520,2/3/2024 12:20,Ayam,64500,0.5,6,4,Buruan order!11,TRUE,Tidak Ada,Selesai
ORD-2024-004521,21/03/2024 20:16,Mie,12500,0.739880616,16,5,Top bgt kualitasnya,FALSE,Rendah,Selesai
ORD-2024-004522,3/28/2024 15:57,Kopi,10500,1.761871781,6,5,Enak bgt!!!,TRUE,Tidak Ada,Selesai
ORD-2024-004523,2/1/2024 9:51,Mie,10000,15.1531373,61,1,Driver gak ramah,FALSE,Rendah,Selesai
ORD-2024-004524,1/19/2024 13:13,Kopi,11500,2.011592905,20,,,FALSE,Tidak Ada,Selesai
ORD-2024-004525,3/15/2024 12:14,Mie,39000,2.398253952,5,5,Cepat sampai,FALSE,Tidak Ada,Selesai
ORD-2024-004526,1/2/2024 13:36,Kopi,16500,3.556679598,25,3,Biasa saja,FALSE,Rendah,Selesai
ORD-2024-004527,1/8/2024 14:41,Martabak,24500,10.35370623,51,,,TRUE,Tidak Ada,Refund
ORD-2024-004528,1/17/2024 9:15,Mie,31500,4.58843578,39,5,Makanan hangat sampai,FALSE,Tidak Ada,Selesai
ORD-2024-004529,3/29/2024 13:22,Kopi,500,0.761403713,17,,,TRUE,Tidak Ada,Selesai
ORD-2024-004530,24/02/2024 11:44,Ayam,67000,1.082870569,5,5,Enak bgt,FALSE,Tidak Ada,Selesai
ORD-2024-004531,17/02/2024 08:43,Ayam,68000,0.5,13,4,Buruan order!11,TRUE,Rendah,Selesai
ORD-2024-004532,21/02/2024 08:53,Ayam,50000,3.102288126,21,5,Wow enak bgt,FALSE,Tidak Ada,Selesai
ORD-2024-004533,3/10/2024 13:55,Ayam,63000,0.598062478,20,4,Cepat sampai,FALSE,Tidak Ada,Selesai
ORD-2024-004534,3/4/2024 13:17,Ayam,61000,0.892812961,41,1,Paket berantakan,TRUE,Tinggi,Selesai
ORD-2024-004535,1/20/2024 4:14,Kopi,18500,,25,5,Makasih ya,TRUE,Tidak Ada,Selesai
ORD-2024-004536,21/02/2024 19:49,Kopi,21000,1.186940931,10,5,Makasih ya,TRUE,Tidak Ada,Dibatalkan
ORD-2024-004537,2/22/2024 11:08,Kopi,21000,2.508605972,26,,,FALSE,Tidak Ada,Selesai
ORD-2024-004538,3/13/2024 21:57,Martabak,29000,1.520331533,35,1,Makanannya dingin,TRUE,Rendah,Selesai
ORD-2024-004539,1/7/2024 5:38,Ayam,62500,0.5,17,4,Wow enak bgt,TRUE,Tidak Ada,Selesai
ORD-2024-004540,1/22/2024 18:39,Ayam,45000,1.352315635,14,4,Makanan hangat sampai,FALSE,Tidak Ada,Selesai
ORD-2024-004541,2/23/2024 20:59,Ayam,36000,1.573091576,27,5,Wow enak bgt,TRUE,Tidak Ada,Selesai
ORD-2024-004542,23/01/2024 13:24,Kopi,15500,6.781483446,54,4,Rekomendasi deh,FALSE,Tinggi,Dibatalkan
ORD-2024-004543,3/17/2024 4:37,Ayam,50000,1.176687218,7,,,FALSE,Tidak Ada,Selesai
ORD-2024-004544,3/11/2024 13:48,Ayam,23500,1.430437647,8,,,FALSE,Tidak Ada,Selesai
ORD-2024-004545,2/21/2024 20:45,Kopi,20000,4.582146954,29,5,Makanan hangat sampai,FALSE,Tidak Ada,Selesai
ORD-2024-004546,1/24/2024 20:00,Mie,6500,4.268335474,30,,,TRUE,Tidak Ada,Selesai
ORD-2024-004547,2/2/2024 17:33,Ayam,97000,4.802702521,43,4,Puas bgt,TRUE,Tidak Ada,Selesai
ORD-2024-004548,3/18/2024 3:20,Martabak,41500,9.222427049,34,5,Enak bgttt,FALSE,Tidak Ada,Refund
ORD-2024-004549,25/01/2024 19:05,Martabak,28000,,33,5,Buruan order!!11,TRUE,Tidak Ada,Selesai
ORD-2024-004550,2/21/2024 11:57,Martabak,30000,1.570761132,33,4,Makanan hangat sampai,FALSE,Rendah,Selesai
ORD-2024-004551,7/1/2024 21:44,Mie,28000,5.169643178,33,5,Makasih ya,FALSE,Tinggi,Selesai
ORD-2024-004552,19/01/2024 23:47,Ayam,41500,,13,4,Makanan hangat sampai,FALSE,Tidak Ada,Selesai
ORD-2024-004553,2/9/2024 21:14,Ayam,54500,0.976002425,21,5,Enak bgt!!!!,TRUE,Tidak Ada,Selesai
ORD-2024-004554,2/6/2024 18:04,Mie,25000,1.082552674,13,,,FALSE,Tidak Ada,Selesai
ORD-2024-004555,3/1/2024 14:20,Kopi,16000,0.760199016,18,5,Buruan order!11,FALSE,Tidak Ada,Selesai
ORD-2024-004556,3/10/2024 17:37,Kopi,17500,,12,4,Akan order lg nih,FALSE,Tidak Ada,Selesai
ORD-2024-004557,3/23/2024 14:19,Martabak,20000,0.611826299,13,3,Lumayan,FALSE,Tinggi,Selesai
ORD-2024-004558,3/26/2024 4:18,Martabak,30500,0.5,8,3,Gapapa,FALSE,Rendah,Selesai
ORD-2024-004559,3/20/2024 20:09,Mie,27000,6.579870336,30,5,Top bgt kualitasnya,FALSE,Tinggi,Selesai
ORD-2024-004560,30/01/2024 12:01,Mie,27000,8.021285892,50,3,Biasa saja,FALSE,Rendah,Selesai
ORD-2024-004561,2/24/2024 17:39,Martabak,28500,2.65125567,23,5,Cepat sampai,FALSE,Tidak Ada,Selesai
ORD-2024-004562,3/20/2024 21:52,Ayam,70500,5.506937649,44,5,Makanan hangat sampai,TRUE,Tidak Ada,Selesai
ORD-2024-004563,1/5/2024 19:25,Mie,23500,0.608446358,5,,,TRUE,Tidak Ada,Selesai
ORD-2024-004564,1/1/2024 13:15,Ayam,55500,6.958395039,32,5,Rekomendasi deh,TRUE,Tidak Ada,Selesai
ORD-2024-004565,2/27/2024 20:06,Ayam,73000,2.117855796,13,4,Buruan order!11,TRUE,Rendah,Selesai
ORD-2024-004566,3/14/2024 14:09,Mie,25500,0.5,11,4,Cepat sampai,TRUE,Tidak Ada,Selesai
ORD-2024-004567,3/23/2024 9:54,Ayam,55000,0.5,5,5,Mantap gan!,FALSE,Tidak Ada,Selesai
ORD-2024-004568,2/1/2024 9:31,Ayam,50000,1.108744171,5,5,Cepat sampai,FALSE,Tidak Ada,Selesai
ORD-2024-004569,1/21/2024 11:42,Ayam,72000,0.5,20,3,Standar lah,FALSE,Rendah,Selesai
ORD-2024-004570,3/20/2024 14:06,Mie,24000,1.110120347,10,,,TRUE,Tidak Ada,Selesai
ORD-2024-004571,3/3/2024 18:04,Kopi,22000,0.5,19,5,Wow enak bgt,FALSE,Tidak Ada,Dibatalkan
ORD-2024-004572,2/14/2024 14:05,Martabak,29000,0.807670869,5,,,FALSE,Tidak Ada,Selesai
ORD-2024-004573,3/25/2024 11:09,Ayam,37000,0.926389283,5,4,Wow enak bgt,FALSE,Rendah,Selesai
ORD-2024-004574,3/20/2024 18:38,Martabak,35000,15.53839211,70,4,Wow enak bgt,FALSE,Tidak Ada,Refund
ORD-2024-004575,1/26/2024 18:13,Martabak,4274500,0.805782921,21,5,Buruan order!11,FALSE,Tidak Ada,Selesai
ORD-2024-004576,2/8/2024 9:54,Ayam,51500,0.820100869,8,5,Nggg enak 😋,FALSE,Tidak Ada,Selesai
ORD-2024-004577,2/27/2024 11:49,Kopi,8500,3.482634279,15,4,Cepat sampai,FALSE,Tidak Ada,Selesai
ORD-2024-004578,1/4/2024 21:26,Ayam,31000,5.88460175,45,,,FALSE,Rendah,Selesai
ORD-2024-004579,1/29/2024 11:59,Mie,500,1.468442229,17,5,Top bgt kualitasnya,FALSE,Tidak Ada,Selesai
ORD-2024-004580,3/1/2024 17:49,Martabak,28000,6.253193892,25,4,Makanan hangat sampai,FALSE,Tidak Ada,Selesai
ORD-2024-004581,1/3/2024 21:54,Mie,22000,1.24719195,5,5,Enak bgt!!!,FALSE,Tidak Ada,Dibatalkan
ORD-2024-004582,12/1/2024 18:42,Ayam,42000,0.658261022,8,5,Top bgt kualitasnya,TRUE,Tidak Ada,Selesai
ORD-2024-004583,3/16/2024 13:22,Martabak,29500,1.199815931,13,5,Mantap gan!!!,TRUE,Tidak Ada,Selesai
ORD-2024-004584,2/2/2024 11:35,Martabak,19500,2.819878731,29,3,Lumayan,TRUE,Tidak Ada,Selesai
ORD-2024-004585,1/1/2024 11:46,Martabak,32500,1.372533127,17,4,Rekomendasi deh,TRUE,Tidak Ada,Selesai
ORD-2024-004586,2/11/2024 14:16,Mie,35500,3.352411207,23,,,FALSE,Tidak Ada,Selesai
ORD-2024-004587,3/20/2024 19:15,Kopi,17500,0.811239641,6,5,Akan order lg nih,TRUE,Tidak Ada,Selesai
ORD-2024-004588,2/20/2024 14:52,Ayam,65000,3.62186382,38,,,FALSE,Tidak Ada,Selesai
ORD-2024-004589,6/2/2024 12:57,Martabak,38000,1.280549045,26,4,Makasih ya,TRUE,Tinggi,Selesai
ORD-2024-004590,2/9/2024 13:07,Martabak,39500,1.825692292,27,1,Kurang sambelnya,FALSE,Tinggi,Dibatalkan
ORD-2024-004591,1/3/2024 7:38,Kopi,24500,2.447606873,17,5,Akan order lg nih,TRUE,Tidak Ada,Selesai
ORD-2024-004592,3/10/2024 11:51,Ayam,43000,3.477237362,28,,,FALSE,Tidak Ada,Selesai
ORD-2024-004593,1/27/2024 20:49,Kopi,13500,0.818237297,5,5,Buruan order!11,FALSE,Tidak Ada,Selesai
ORD-2024-004594,1/6/2024 13:58,Ayam,64500,5.422670452,33,5,Nggg enak 😋,FALSE,Tidak Ada,Selesai
ORD-2024-004595,2/21/2024 8:40,Kopi,19500,,37,,,FALSE,Tidak Ada,Selesai
ORD-2024-004596,3/25/2024 21:00,Martabak,36000,0.800102847,9,4,Akan order lg nih,TRUE,Tidak Ada,Selesai
ORD-2024-004597,1/21/2024 19:05,Martabak,44000,,42,3,Biasa saja,FALSE,Rendah,Selesai
ORD-2024-004598,3/29/2024 21:13,Ayam,51500,3.279056801,22,,,FALSE,Tinggi,Selesai
ORD-2024-004599,1/31/2024 14:08,Kopi,18500,1.806777857,10,5,Top bgt kualitasnya,TRUE,Tidak Ada,Selesai
ORD-2024-004600,25/01/2024 20:19,Ayam,35000,0.514242154,5,5,Nggg enak 😋,TRUE,Tinggi,Selesai
ORD-2024-004601,5/3/2024 1:48,Ayam,87500,2.285698115,19,4,Top bgt kualitasnya,TRUE,Tidak Ada,Selesai
ORD-2024-004602,3/3/2024 14:02,Martabak,27500,0.540165573,22,2,Ayamnya keras,FALSE,Tinggi,Selesai
ORD-2024-004603,3/27/2024 19:44,Mie,24000,1.683682571,21,,,FALSE,Tidak Ada,Selesai
ORD-2024-004604,3/29/2024 19:55,Kopi,15000,1.576358864,7,1,Lama org kerjanyaa,TRUE,Tinggi,Dibatalkan
ORD-2024-004605,1/26/2024 4:51,Martabak,25000,3.818250429,16,4,Mantap gan!,FALSE,Rendah,Selesai
ORD-2024-004606,1/13/2024 13:35,Mie,21000,0.641002701,17,5,Mantap gan!!!,TRUE,Tidak Ada,Selesai
ORD-2024-004607,2/13/2024 14:15,Mie,22500,,37,,,TRUE,Tidak Ada,Selesai
ORD-2024-004608,15/01/2024 20:02,Ayam,28500,1.184164555,14,5,Top bgt kualitasnya,FALSE,Tidak Ada,Selesai
ORD-2024-004609,3/28/2024 5:09,Mie,20500,1.76089959,8,,,FALSE,Tidak Ada,Selesai
ORD-2024-004610,3/17/2024 21:00,Kopi,25000,4.439718829,35,5,Top bgt kualitasnya,FALSE,Tinggi,Selesai
ORD-2024-004611,2/4/2024 19:18,Ayam,64000,2.9456286,40,,,FALSE,Tidak Ada,Selesai
ORD-2024-004612,1/8/2024 21:57,Ayam,67000,1.104617879,27,,,FALSE,Tinggi,Refund
ORD-2024-004613,3/22/2024 2:28,Kopi,21500,1.464272704,30,5,Cepat sampai,TRUE,Tidak Ada,Selesai
ORD-2024-004614,2/19/2024 19:36,Ayam,82000,1.094928544,10,5,Nggg enak 😋,TRUE,Tidak Ada,Selesai
ORD-2024-004615,14/03/2024 14:51,Ayam,22000,2.709902654,32,,,FALSE,Tidak Ada,Selesai
ORD-2024-004616,1/17/2024 5:15,Ayam,31000,1.213207418,24,1,Makanannya dingin,FALSE,Tinggi,Selesai
ORD-2024-004617,14/03/2024 17:23,Mie,20500,3.880573431,21,4,Nggg enak 😋,TRUE,Tidak Ada,Selesai
ORD-2024-004618,1/18/2024 2:47,Mie,22500,,11,5,Enak bgt!!!!!!,FALSE,Tidak Ada,Selesai
ORD-2024-004619,1/17/2024 21:58,Ayam,46500,0.5,5,,,FALSE,Tidak Ada,Selesai
ORD-2024-004620,19/02/2024 17:21,Mie,23000,1.114359179,15,,,FALSE,Rendah,Selesai
ORD-2024-004621,2/20/2024 14:25,Mie,27500,0.750956334,5,5,Driver ramah,FALSE,Rendah,Selesai
ORD-2024-004622,2/1/2024 18:46,Martabak,30500,1.484429751,34,,,TRUE,Tidak Ada,Selesai
ORD-2024-004623,1/12/2024 20:17,Ayam,39500,2.176912479,8,,,TRUE,Tidak Ada,Selesai
ORD-2024-004624,3/10/2024 17:55,Martabak,13500,2.120295603,24,,,FALSE,Tinggi,Refund
ORD-2024-004625,3/16/2024 12:03,Mie,19000,4.213664336,5,5,Sesuai pesanan,TRUE,Tidak Ada,Selesai
ORD-2024-004626,3/22/2024 13:08,Martabak,26000,0.629097489,34,5,Mantap gan!!!,TRUE,Tidak Ada,Selesai
ORD-2024-004627,2/13/2024 12:49,Ayam,47500,8.782697671,56,1,Buruk skali layanannya,TRUE,Tinggi,Selesai
ORD-2024-004628,13/03/2024 21:23,Kopi,11500,1.25950659,5,,,FALSE,Tidak Ada,Selesai
ORD-2024-004629,3/14/2024 18:25,Martabak,26500,1.071091508,19,4,Wow enak bgt,TRUE,Tidak Ada,Selesai
ORD-2024-004630,3/9/2024 18:55,Kopi,11500,3.467249147,22,5,Top bgt kualitasnya,TRUE,Tidak Ada,Selesai
ORD-2024-004631,4/3/2024 21:20,Ayam,49500,4.912225842,31,5,Akan order lg nih,TRUE,Tidak Ada,Selesai
ORD-2024-004632,3/21/2024 18:02,Ayam,500,,23,5,Makasih ya,FALSE,Tidak Ada,Selesai
ORD-2024-004633,12/3/2024 9:44,Mie,18500,4.121283392,16,5,Sesuai pesanan,FALSE,Tidak Ada,Selesai
ORD-2024-004634,1/29/2024 17:35,Mie,21000,6.455674303,35,4,Makasih ya,TRUE,Tidak Ada,Selesai
ORD-2024-004635,1/16/2024 19:24,Ayam,47000,4.367623625,10,5,Rekomendasi deh,FALSE,Tidak Ada,Selesai
ORD-2024-004636,3/8/2024 13:48,Mie,28000,0.5,15,,,FALSE,Tidak Ada,Selesai
ORD-2024-004637,2/21/2024 12:38,Ayam,51000,5.269795191,11,5,Driver ramah,FALSE,Tidak Ada,Selesai
ORD-2024-004638,1/20/2024 14:03,Martabak,36000,4.468052046,41,,,TRUE,Tinggi,Selesai
ORD-2024-004639,2/18/2024 14:06,Martabak,27500,3.319542422,10,2,Bau gak tauu,FALSE,Tinggi,Dibatalkan
ORD-2024-004640,1/18/2024 14:01,Mie,30500,4.281629319,30,,,FALSE,Tidak Ada,Selesai
ORD-2024-004641,27/02/2024 04:48,Mie,34000,11.65109331,52,3,Gapapa,TRUE,Tidak Ada,Selesai
ORD-2024-004642,21/02/2024 12:22,Ayam,56000,1.692219784,36,5,Akan order lg nih,TRUE,Tidak Ada,Selesai
ORD-2024-004643,16/02/2024 17:04,Mie,26000,0.5,31,5,Buruan order!11,TRUE,Rendah,Selesai
ORD-2024-004644,3/28/2024 14:14,Ayam,58500,1.853506773,32,4,Sesuai pesanan,FALSE,Tidak Ada,Selesai
ORD-2024-004645,1/12/2024 17:20,Martabak,3206000,0.5,14,5,Cepat sampai,FALSE,Tidak Ada,Selesai
ORD-2024-004646,3/8/2024 17:23,Martabak,32500,1.04548437,26,,,TRUE,Tidak Ada,Selesai
ORD-2024-004647,2/8/2024 12:37,Martabak,31000,2.652050002,24,5,Mantap gan!,TRUE,Tidak Ada,Selesai
ORD-2024-004648,3/13/2024 14:16,Ayam,78500,,19,5,Driver ramah,FALSE,Tidak Ada,Selesai
ORD-2024-004649,1/28/2024 13:44,Mie,29000,,19,5,Buruan order!11,FALSE,Tidak Ada,Selesai
ORD-2024-004650,7/1/2024 14:07,Ayam,67000,5.177684763,47,1,Makanannya dingin,FALSE,Rendah,Refund
ORD-2024-004651,1/11/2024 16:40,Ayam,53500,1.636454004,8,5,Akan order lg nih,FALSE,Tidak Ada,Selesai
ORD-2024-004652,2/25/2024 9:54,Martabak,35000,6.911896675,22,5,Buruan order!11,FALSE,Tidak Ada,Selesai
ORD-2024-004653,1/28/2024 20:56,Kopi,13000,0.5,18,4,Buruan order!11,TRUE,Tidak Ada,Selesai
ORD-2024-004654,1/25/2024 22:38,Mie,23000,5.499866971,12,,,FALSE,Tidak Ada,Selesai
ORD-2024-004655,3/26/2024 20:35,Kopi,18000,5.290795822,32,5,Sesuai pesanan,FALSE,Tidak Ada,Selesai
ORD-2024-004656,2/29/2024 12:15,Ayam,57000,1.165796966,32,,,FALSE,Tidak Ada,Selesai
ORD-2024-004657,3/1/2024 2:34,Mie,1000,1.064523538,17,4,Nggg enak 😋,FALSE,Tidak Ada,Selesai
ORD-2024-004658,1/1/2024 3:36,Kopi,1630500,1.091940319,14,5,Driver ramah,FALSE,Tidak Ada,Selesai
ORD-2024-004659,3/18/2024 20:15,Ayam,27500,5.004280712,22,5,Rekomendasi deh,TRUE,Tidak Ada,Selesai
ORD-2024-004660,1/19/2024 19:44,Martabak,22500,5.34519255,17,4,Enak bgt,TRUE,Tinggi,Selesai
ORD-2024-004661,3/28/2024 14:18,Kopi,17500,1.200190235,25,3,Yaudah minum teh,FALSE,Rendah,Dibatalkan
ORD-2024-004662,3/12/2024 10:15,Martabak,24500,2.693808247,18,5,Makasih ya,FALSE,Tidak Ada,Selesai
ORD-2024-004663,20/02/2024 14:24,Kopi,31000,0.5,20,4,Wow enak bgt,FALSE,Tidak Ada,Dibatalkan
ORD-2024-004664,24/03/2024 12:28,Mie,29500,1.897729967,5,3,OK,FALSE,Tinggi,Selesai
ORD-2024-004665,3/20/2024 5:14,Mie,25500,20.15848133,76,4,Nggg enak 😋,TRUE,Rendah,Selesai
ORD-2024-004666,2/13/2024 1:08,Martabak,26000,0.518917122,27,5,Rekomendasi deh,FALSE,Rendah,Selesai
ORD-2024-004667,1/3/2024 19:44,Ayam,43500,,57,3,Standar lah,FALSE,Tidak Ada,Selesai
ORD-2024-004668,3/19/2024 12:33,Mie,26000,5.216158848,34,5,Enak bgt!!!,FALSE,Rendah,Selesai
ORD-2024-004669,1/28/2024 15:42,Martabak,31000,10.74973923,34,3,Gapapa,FALSE,Tidak Ada,Selesai
ORD-2024-004670,3/8/2024 11:51,Martabak,26500,0.593812092,15,4,Nggg enak 😋,TRUE,Tidak Ada,Refund
ORD-2024-004671,2/11/2024 10:53,Kopi,15500,0.7205582,13,,,TRUE,Rendah,Selesai
ORD-2024-004672,1/17/2024 1:58,Mie,35500,0.5,8,3,Biasa saja,FALSE,Tinggi,Selesai
ORD-2024-004673,2/25/2024 21:39,Martabak,40500,3.869701356,22,5,Rekomendasi deh,FALSE,Tidak Ada,Selesai
ORD-2024-004674,1/29/2024 11:45,Ayam,55500,3.099271729,43,,,FALSE,Tidak Ada,Selesai
ORD-2024-004675,2/6/2024 6:43,Kopi,11000,0.588283487,5,,,FALSE,Rendah,Selesai
ORD-2024-004676,25/02/2024 23:49,Mie,30000,4.698344648,21,5,Driver ramah,FALSE,Tidak Ada,Refund
ORD-2024-004677,4/3/2024 20:13,Ayam,77500,,21,4,Nggg enak 😋,FALSE,Tidak Ada,Selesai
ORD-2024-004678,23/02/2024 16:44,Mie,35500,0.5,29,5,Sesuai pesanan,FALSE,Tidak Ada,Selesai
ORD-2024-004679,21/02/2024 23:30,Martabak,35500,1.64746606,13,4,Mantap gan!,TRUE,Tidak Ada,Selesai
ORD-2024-004680,2/26/2024 13:03,Martabak,40500,0.5,5,,,FALSE,Tidak Ada,Selesai
ORD-2024-004681,1/5/2024 13:10,Ayam,52500,0.916494141,5,4,Puas bgt,FALSE,Rendah,Selesai
ORD-2024-004682,8/2/2024 13:05,Ayam,62000,1.392462433,41,2,Paket berantakan,FALSE,Tinggi,Dibatalkan
ORD-2024-004683,3/22/2024 19:46,Mie,21000,5.728877059,14,,,FALSE,Tidak Ada,Selesai
ORD-2024-004684,3/4/2024 14:30,Ayam,56500,4.718576594,30,3,Biasa saja,TRUE,Rendah,Selesai
ORD-2024-004685,3/5/2024 14:26,Martabak,40000,1.754246993,5,,,TRUE,Tidak Ada,Selesai
ORD-2024-004686,1/1/2024 13:53,Kopi,14000,3.868320388,18,5,Makanan hangat sampai,FALSE,Tidak Ada,Selesai
ORD-2024-004687,1/6/2024 14:12,Ayam,37000,2.52250383,15,4,Puas bgt,TRUE,Tidak Ada,Selesai
ORD-2024-004688,2/15/2024 20:56,Ayam,53000,1.250375388,5,4,Enak bgt!!!!,FALSE,Tidak Ada,Selesai
ORD-2024-004689,2/22/2024 9:36,Kopi,15500,,31,5,Makanan hangat sampai,FALSE,Tidak Ada,Dibatalkan
ORD-2024-004690,3/17/2024 21:13,Mie,30500,3.451288098,29,,,FALSE,Tidak Ada,Selesai
ORD-2024-004691,1/28/2024 22:49,Kopi,14500,2.895611443,15,3,OK,TRUE,Tidak Ada,Selesai
ORD-2024-004692,14/03/2024 22:17,Kopi,24000,2.88665472,14,5,Cepat sampai,FALSE,Tidak Ada,Selesai
ORD-2024-004693,1/10/2024 14:02,Ayam,30000,3.446390101,35,4,Wow enak bgt,FALSE,Tidak Ada,Selesai
ORD-2024-004694,2/10/2024 0:55,Kopi,22000,1.456182841,15,5,Puas bgt,FALSE,Rendah,Selesai
ORD-2024-004695,3/25/2024 14:49,Kopi,13000,6.099410593,54,2,Gajadi orderan,TRUE,Tinggi,Selesai
ORD-2024-004696,28/01/2024 12:37,Mie,13500,0.53131381,10,,,FALSE,Tidak Ada,Selesai
ORD-2024-004697,1/13/2024 12:45,Kopi,17500,6.459534567,39,,,TRUE,Tidak Ada,Selesai
ORD-2024-004698,9/3/2024 2:42,Kopi,15500,,5,3,Standar lah,FALSE,Tidak Ada,Selesai
ORD-2024-004699,2/12/2024 21:59,Ayam,33000,0.5,10,4,Cepat sampai,FALSE,Tinggi,Dibatalkan
ORD-2024-004700,1/3/2024 11:11,Mie,14000,2.749077723,32,5,Makasih ya,FALSE,Tidak Ada,Selesai
ORD-2024-004701,3/30/2024 5:08,Ayam,51500,1.414750642,24,5,Wow enak bgt,TRUE,Tidak Ada,Selesai
ORD-2024-004702,16/03/2024 22:58,Ayam,68000,5.070313009,40,5,Nggg enak 😋,TRUE,Rendah,Selesai
ORD-2024-004703,2/8/2024 12:21,Martabak,34500,1.69049365,22,1,Gak sesuai foto,FALSE,Tidak Ada,Selesai
ORD-2024-004704,3/5/2024 2:54,Kopi,16500,3.312948304,30,3,Lumayan,TRUE,Rendah,Selesai
ORD-2024-004705,3/8/2024 12:13,Kopi,18500,1.10562663,22,5,Makanan hangat sampai,TRUE,Tidak Ada,Selesai
ORD-2024-004706,3/10/2024 17:21,Kopi,16500,0.705088133,11,4,Puas bgt,FALSE,Tidak Ada,Selesai
ORD-2024-004707,2/7/2024 11:24,Martabak,19500,1.473309347,5,5,Puas bgt,TRUE,Tidak Ada,Selesai
ORD-2024-004708,1/26/2024 8:36,Ayam,27500,2.800370448,17,5,Sesuai pesanan,TRUE,Tidak Ada,Selesai
ORD-2024-004709,9/2/2024 21:38,Mie,24500,3.209608694,13,4,Nggg enak 😋,FALSE,Tidak Ada,Selesai
ORD-2024-004710,2/4/2024 19:32,Martabak,29000,2.589719439,31,5,Akan order lg nih,TRUE,Tidak Ada,Selesai
ORD-2024-004711,3/20/2024 14:12,Kopi,20000,13.28250798,70,,,FALSE,Tinggi,Selesai
ORD-2024-004712,1/31/2024 19:54,Kopi,19500,3.524117731,15,5,Makasih ya,FALSE,Tidak Ada,Selesai
ORD-2024-004713,1/26/2024 17:03,Ayam,8242000,8.043624327,52,5,Wow enak bgt,FALSE,Tidak Ada,Selesai
ORD-2024-004714,3/14/2024 13:05,Martabak,24500,0.5,5,4,Makanan hangat sampai,FALSE,Tidak Ada,Selesai
ORD-2024-004715,1/1/2024 13:22,Kopi,20000,,28,5,Makasih ya,TRUE,Tidak Ada,Selesai
ORD-2024-004716,2/27/2024 13:17,Ayam,30000,1.117518956,14,,,FALSE,Tidak Ada,Selesai
ORD-2024-004717,3/7/2024 10:20,Kopi,12000,,15,5,Akan order lg nih,FALSE,Tidak Ada,Selesai
ORD-2024-004718,3/4/2024 18:16,Mie,27000,2.238811887,34,,,FALSE,Tidak Ada,Selesai
ORD-2024-004719,1/1/2024 14:33,Kopi,20000,2.195547107,26,3,Biasa saja,FALSE,Rendah,Selesai
ORD-2024-004720,2/23/2024 4:18,Mie,28000,2.567331288,17,4,Cepat sampai,TRUE,Tinggi,Selesai
ORD-2024-004721,1/10/2024 19:16,Ayam,47500,4.102157351,35,5,Rekomendasi deh,FALSE,Rendah,Selesai
ORD-2024-004722,1/23/2024 9:16,Ayam,2000,,34,4,Mantap gan!,FALSE,Tidak Ada,Dibatalkan
ORD-2024-004723,16/03/2024 19:00,Ayam,60500,6.317570721,16,4,Akan order lg nih,TRUE,Tidak Ada,Selesai
ORD-2024-004724,26/01/2024 14:58,Kopi,6500,0.5,25,4,Driver ramah,FALSE,Tidak Ada,Selesai
ORD-2024-004725,3/1/2024 18:53,Ayam,37500,1.239797968,5,3,Gapapa,FALSE,Tidak Ada,Selesai
ORD-2024-004726,1/6/2024 14:01,Ayam,40000,0.886429209,24,4,Enak bgt!!,TRUE,Tidak Ada,Selesai
ORD-2024-004727,1/6/2024 9:51,Mie,27000,0.583731541,13,4,Makanan hangat sampai,TRUE,Rendah,Selesai
ORD-2024-004728,1/28/2024 20:03,Mie,20500,2.360560128,20,4,Cepat sampai,FALSE,Rendah,Selesai
ORD-2024-004729,3/29/2024 11:34,Martabak,29500,2.417365088,12,,,FALSE,Tidak Ada,Selesai
ORD-2024-004730,1/29/2024 13:47,Ayam,48000,0.773379015,10,5,Rekomendasi deh,FALSE,Tidak Ada,Selesai
ORD-2024-004731,3/26/2024 21:49,Ayam,49000,3.733314278,26,5,Puas bgt,FALSE,Tidak Ada,Selesai
ORD-2024-004732,18/03/2024 20:55,Ayam,39500,3.960557086,28,,,TRUE,Tidak Ada,Selesai
ORD-2024-004733,3/14/2024 4:53,Martabak,25000,0.5,5,5,Akan order lg nih,FALSE,Tinggi,Selesai
ORD-2024-004734,1/20/2024 17:13,Mie,18500,1.511340026,25,,,FALSE,Tidak Ada,Selesai
ORD-2024-004735,2/4/2024 19:20,Kopi,18000,6.625662863,44,1,Makanannya dingin,FALSE,Tinggi,Refund
ORD-2024-004736,1/27/2024 20:48,Ayam,61000,,25,4,Rekomendasi deh,FALSE,Tidak Ada,Dibatalkan
ORD-2024-004737,3/6/2024 0:36,Kopi,13000,1.28142007,10,5,Nggg enak 😋,FALSE,Tidak Ada,Selesai
ORD-2024-004738,3/22/2024 18:16,Ayam,77000,,23,5,Nggg enak 😋,FALSE,Tidak Ada,Selesai
ORD-2024-004739,2/13/2024 21:02,Kopi,15000,0.836581372,21,5,Nggg enak 😋,TRUE,Tidak Ada,Dibatalkan
ORD-2024-004740,2/25/2024 13:17,Martabak,41500,0.5,5,4,Nggg enak 😋,FALSE,Tidak Ada,Selesai
ORD-2024-004741,1/6/2024 2:22,Martabak,25000,5.098521465,27,5,Makasih ya,TRUE,Rendah,Selesai
ORD-2024-004742,18/01/2024 13:39,Ayam,17500,0.5,32,,,FALSE,Tidak Ada,Selesai
ORD-2024-004743,2/29/2024 13:09,Ayam,58000,1.037182824,25,3,OK,FALSE,Tinggi,Selesai
ORD-2024-004744,3/13/2024 21:29,Mie,27500,0.5,25,,,TRUE,Rendah,Selesai
ORD-2024-004745,2/25/2024 21:23,Ayam,52000,4.561350802,22,3,OK,FALSE,Rendah,Selesai
ORD-2024-004746,9/1/2024 20:47,Ayam,40500,0.5,15,5,Enak bgttt,FALSE,Tidak Ada,Selesai
ORD-2024-004747,3/28/2024 18:12,Ayam,51000,1.105813618,14,5,Top bgt kualitasnya,FALSE,Tidak Ada,Selesai
ORD-2024-004748,1/17/2024 10:50,Ayam,43000,2.555003776,18,5,Mantap gan!,TRUE,Tidak Ada,Selesai
ORD-2024-004749,2/20/2024 8:06,Kopi,15000,1.580668684,11,,,TRUE,Rendah,Selesai
ORD-2024-004750,2/1/2024 18:10,Mie,32000,0.994989937,5,5,Nggg enak 😋,FALSE,Rendah,Selesai
ORD-2024-004751,3/23/2024 21:24,Ayam,54500,0.965533343,16,5,Rekomendasi deh,FALSE,Tidak Ada,Selesai
ORD-2024-004752,2/5/2024 14:53,Kopi,19000,4.795350093,22,5,Cepat sampai,FALSE,Tidak Ada,Selesai
ORD-2024-004753,3/7/2024 14:12,Martabak,28500,,57,,,FALSE,Rendah,Dibatalkan
ORD-2024-004754,21/02/2024 12:42,Kopi,15000,1.283321132,16,5,Nggg enak 😋,TRUE,Tidak Ada,Selesai
ORD-2024-004755,1/12/2024 21:59,Mie,18000,0.5,5,4,Sesuai pesanan,TRUE,Tinggi,Selesai
ORD-2024-004756,1/12/2024 21:09,Mie,23500,0.5,27,1,Kecewa bgt,FALSE,Tinggi,Dibatalkan
ORD-2024-004757,2/18/2024 10:36,Ayam,0,,26,4,Nggg enak 😋,TRUE,Rendah,Selesai
ORD-2024-004758,11/3/2024 17:59,Martabak,25500,2.411363646,16,,,FALSE,Tidak Ada,Selesai
ORD-2024-004759,1/31/2024 12:14,Kopi,16000,4.591778406,25,5,Sesuai pesanan,FALSE,Tidak Ada,Selesai
ORD-2024-004760,27/02/2024 21:01,Mie,30000,3.586992355,13,,,FALSE,Tidak Ada,Selesai
ORD-2024-004761,1/30/2024 21:03,Kopi,15500,,37,4,Buruan order!!11,FALSE,Rendah,Selesai
ORD-2024-004762,2/24/2024 13:55,Mie,28500,6.510050132,42,2,Makanannya dingin,FALSE,Tinggi,Selesai
ORD-2024-004763,3/21/2024 17:42,Martabak,13500,,46,5,Akan order lg nih,FALSE,Tidak Ada,Selesai
ORD-2024-004764,2/29/2024 18:20,Ayam,50500,1.934152158,18,4,Sesuai pesanan,FALSE,Tidak Ada,Selesai
ORD-2024-004765,3/21/2024 13:31,Kopi,9500,1.10505603,16,5,Enak bgt,FALSE,Rendah,Selesai
ORD-2024-004766,3/16/2024 21:34,Mie,17500,2.121901326,31,5,Wow enak bgt,TRUE,Tidak Ada,Selesai
ORD-2024-004767,2/27/2024 14:32,Mie,24500,2.091897006,8,,,FALSE,Tidak Ada,Selesai
ORD-2024-004768,1/9/2024 11:35,Ayam,73000,2.826945976,24,,,TRUE,Tidak Ada,Selesai
ORD-2024-004769,3/6/2024 22:40,Martabak,33000,0.617744347,6,4,Rekomendasi deh,FALSE,Tidak Ada,Selesai
ORD-2024-004770,3/11/2024 13:35,Ayam,52000,3.198027699,25,5,Makanan hangat sampai,TRUE,Tidak Ada,Selesai
ORD-2024-004771,1/27/2024 18:01,Ayam,51000,1.829733848,28,4,Cepat sampai,FALSE,Tidak Ada,Selesai
ORD-2024-004772,1/11/2024 14:43,Kopi,13500,2.904369609,7,5,Sesuai pesanan,TRUE,Rendah,Selesai
ORD-2024-004773,21/03/2024 19:01,Ayam,42500,0.821751033,26,2,Bau gak tauu,FALSE,Tinggi,Selesai
ORD-2024-004774,12/1/2024 21:06,Mie,29000,1.70957741,22,5,Makanan hangat sampai,FALSE,Tidak Ada,Refund
ORD-2024-004775,23/03/2024 16:41,Ayam,1000,0.707931203,13,5,Rekomendasi deh,FALSE,Tidak Ada,Selesai
ORD-2024-004776,1/13/2024 18:52,Mie,29500,6.245657341,47,,,TRUE,Tidak Ada,Refund
ORD-2024-004777,3/3/2024 14:24,Ayam,45000,2.008063719,12,4,Makasih ya,FALSE,Tidak Ada,Selesai
ORD-2024-004778,3/17/2024 11:03,Ayam,31500,0.76460481,5,5,Buruan order!11,FALSE,Rendah,Selesai
ORD-2024-004779,1/29/2024 18:37,Ayam,31500,0.5,5,4,Makasih ya,FALSE,Tidak Ada,Selesai
ORD-2024-004780,11/3/2024 18:14,Ayam,31000,3.378616493,29,4,Cepat sampai,TRUE,Tidak Ada,Selesai
ORD-2024-004781,3/6/2024 13:42,Ayam,58000,0.72485721,10,,,TRUE,Tidak Ada,Dibatalkan
ORD-2024-004782,2/28/2024 7:45,Ayam,2543000,,44,4,Sesuai pesanan,FALSE,Tidak Ada,Selesai
ORD-2024-004783,3/3/2024 14:55,Kopi,9000,2.288780628,11,1,😠😠😠,FALSE,Tinggi,Selesai
ORD-2024-004784,1/29/2024 6:21,Ayam,34000,,14,,,FALSE,Tidak Ada,Selesai
ORD-2024-004785,1/2/2024 14:15,Kopi,27000,3.216005431,23,5,Mantap gan!!,TRUE,Tidak Ada,Selesai
ORD-2024-004786,1/22/2024 21:57,Kopi,19000,0.965661038,5,4,Makasih ya,TRUE,Tidak Ada,Selesai
ORD-2024-004787,2/11/2024 11:43,Mie,39500,5.148970336,17,3,Standar lah,TRUE,Tinggi,Selesai
ORD-2024-004788,2/26/2024 1:22,Mie,32000,1.105531487,9,5,Buruan order!11,TRUE,Tidak Ada,Selesai
ORD-2024-004789,3/8/2024 21:43,Kopi,13500,13.33112721,69,2,Kecewa bgt,FALSE,Tinggi,Dibatalkan
ORD-2024-004790,3/7/2024 13:16,Ayam,45000,2.78770838,18,5,Driver ramah,TRUE,Tidak Ada,Dibatalkan
ORD-2024-004791,3/6/2024 17:04,Ayam,61500,5.581614963,18,4,Makanan hangat sampai,FALSE,Tidak Ada,Selesai
ORD-2024-004792,3/2/2024 20:58,Mie,29000,0.5,13,4,Mantap gan!,FALSE,Tidak Ada,Selesai
ORD-2024-004793,20/01/2024 20:50,Ayam,500,1.284510155,17,,,TRUE,Tidak Ada,Dibatalkan
ORD-2024-004794,1/26/2024 20:07,Ayam,51000,4.012365008,12,2,Buruk skli layanannya,FALSE,Tinggi,Selesai
ORD-2024-004795,2/20/2024 17:38,Ayam,8000,3.193145824,12,,,FALSE,Tidak Ada,Selesai
ORD-2024-004796,3/15/2024 20:39,Ayam,1000,0.647919664,21,,,TRUE,Tidak Ada,Dibatalkan
ORD-2024-004797,1/19/2024 13:51,Ayam,46000,1.321115136,5,1,Gak sesuai foto,FALSE,Tinggi,Dibatalkan
ORD-2024-004798,15/02/2024 19:16,Martabak,31000,0.917307619,23,2,Gak sesuai foto,FALSE,Tinggi,Selesai
ORD-2024-004799,14/03/2024 00:58,Ayam,47500,2.850862664,6,3,Gapapa,FALSE,Rendah,Selesai
ORD-2024-004800,2/24/2024 13:19,Martabak,31000,1.267383207,5,4,Driver ramah,FALSE,Tidak Ada,Selesai
ORD-2024-004801,2/25/2024 12:39,Ayam,73000,1.109081868,16,,,FALSE,Tidak Ada,Selesai
ORD-2024-004802,3/4/2024 18:55,Ayam,49500,0.697226452,7,,,FALSE,Tidak Ada,Selesai
ORD-2024-004803,3/4/2024 18:38,Mie,1849000,1.577955458,13,,,TRUE,Tidak Ada,Dibatalkan
ORD-2024-004804,1/19/2024 7:06,Ayam,56000,0.652612597,13,5,Mantap gan!,TRUE,Tidak Ada,Selesai
ORD-2024-004805,3/12/2024 6:45,Mie,28500,9.8558152,35,5,Driver ramah,FALSE,Tidak Ada,Selesai
ORD-2024-004806,1/12/2024 13:58,Kopi,1058000,0.503487759,5,5,Makanan hangat sampai,FALSE,Tidak Ada,Selesai
ORD-2024-004807,3/23/2024 12:14,Ayam,71000,7.336067337,43,,,TRUE,Rendah,Selesai
ORD-2024-004808,2/18/2024 23:23,Mie,500,1.678331174,16,4,Buruan order!11,TRUE,Tidak Ada,Selesai
ORD-2024-004809,3/21/2024 17:15,Ayam,53500,,18,5,Makanan hangat sampai,FALSE,Tidak Ada,Selesai
ORD-2024-004810,2/19/2024 14:58,Mie,18000,0.789240786,15,,,FALSE,Tidak Ada,Selesai
ORD-2024-004811,2/19/2024 22:16,Ayam,52500,3.029796673,13,5,Sesuai pesanan,TRUE,Tidak Ada,Selesai
ORD-2024-004812,1/16/2024 13:34,Mie,25500,3.470580854,15,5,Puas bgt,TRUE,Rendah,Selesai
ORD-2024-004813,3/21/2024 21:07,Ayam,26000,1.890916958,15,5,Rekomendasi deh,TRUE,Tidak Ada,Selesai
ORD-2024-004814,1/1/2024 12:57,Kopi,16500,0.5,6,4,Cepat sampai,FALSE,Tidak Ada,Selesai
ORD-2024-004815,26/03/2024 11:41,Martabak,1937500,7.521830444,39,4,Top bgt kualitasnya,FALSE,Tinggi,Selesai
ORD-2024-004816,1/13/2024 13:53,Mie,22000,11.78584969,51,4,Rekomendasi deh,TRUE,Tidak Ada,Dibatalkan
ORD-2024-004817,2/19/2024 1:45,Mie,21500,,15,5,Mantap gan!,FALSE,Tidak Ada,Selesai
ORD-2024-004818,3/12/2024 14:51,Mie,34500,2.853118674,21,,,TRUE,Tidak Ada,Selesai
ORD-2024-004819,1/17/2024 18:34,Mie,1000,1.795140315,35,4,Buruan order!11,FALSE,Tidak Ada,Selesai
ORD-2024-004820,3/22/2024 6:49,Ayam,57500,1.165291502,5,,,TRUE,Tidak Ada,Selesai
ORD-2024-004821,1/20/2024 19:59,Ayam,31000,0.5,12,5,Enak bgt!!,FALSE,Tidak Ada,Selesai
ORD-2024-004822,23/03/2024 18:07,Ayam,55500,1.826791633,8,5,Wow enak bgt,FALSE,Tidak Ada,Selesai
ORD-2024-004823,2/23/2024 20:07,Kopi,14500,5.117591323,26,4,Akan order lg nih,TRUE,Tidak Ada,Selesai
ORD-2024-004824,23/02/2024 17:00,Kopi,13000,0.5,6,5,Makasih ya,FALSE,Tidak Ada,Refund
ORD-2024-004825,20/02/2024 08:11,Kopi,28500,,23,5,Wow enak bgt,TRUE,Tidak Ada,Selesai
ORD-2024-004826,1/5/2024 12:08,Ayam,45500,6.380155694,21,5,Makasih ya,FALSE,Tidak Ada,Selesai
ORD-2024-004827,29/01/2024 11:04,Martabak,28500,0.735973584,22,5,Akan order lg nih,TRUE,Tidak Ada,Selesai
ORD-2024-004828,2/26/2024 17:14,Ayam,66500,0.607288227,19,5,Buruan order!11,TRUE,Tidak Ada,Selesai
ORD-2024-004829,15/02/2024 17:06,Ayam,38500,4.438870972,48,4,Rekomendasi deh,FALSE,Tidak Ada,Dibatalkan
ORD-2024-004830,3/19/2024 12:40,Kopi,18000,0.883461247,32,3,Standar lah,FALSE,Tinggi,Dibatalkan
ORD-2024-004831,2/21/2024 13:01,Martabak,1000,0.639521249,7,,,FALSE,Tidak Ada,Selesai
ORD-2024-004832,2/1/2024 11:04,Martabak,2356500,1.424393713,29,,,TRUE,Tidak Ada,Refund
ORD-2024-004833,2/20/2024 13:56,Martabak,34000,1.495219248,14,4,Rekomendasi deh,FALSE,Tidak Ada,Selesai
ORD-2024-004834,2/18/2024 3:35,Ayam,38000,6.216827344,31,5,Wow enak bgt,FALSE,Tidak Ada,Selesai
ORD-2024-004835,1/17/2024 17:36,Kopi,23000,2.890488798,39,4,Top bgt kualitasnya,FALSE,Tidak Ada,Selesai
ORD-2024-004836,2/15/2024 20:24,Ayam,59500,1.56243322,10,,,FALSE,Tinggi,Selesai
ORD-2024-004837,2/12/2024 18:40,Kopi,20500,2.293207599,21,,,FALSE,Tidak Ada,Dibatalkan
ORD-2024-004838,2/26/2024 19:51,Kopi,18000,9.235075112,27,3,OK,FALSE,Rendah,Selesai
ORD-2024-004839,1/6/2024 13:00,Ayam,83000,0.5,22,,,FALSE,Tidak Ada,Selesai
ORD-2024-004840,2/12/2024 12:53,Ayam,46000,0.698504286,35,5,Cepat sampai,TRUE,Tidak Ada,Selesai
ORD-2024-004841,2/4/2024 21:16,Mie,29500,9.852540444,53,4,Makasih ya,TRUE,Tidak Ada,Dibatalkan
ORD-2024-004842,3/2/2024 12:36,Mie,35000,,59,1,Driver gak ramah,FALSE,Tinggi,Selesai
ORD-2024-004843,1/31/2024 2:16,Kopi,14000,0.585000289,21,2,Gak sesuai foto,TRUE,Tinggi,Selesai
ORD-2024-004844,2/18/2024 22:05,Ayam,68500,0.5,6,5,Buruan order!11,FALSE,Tidak Ada,Selesai
ORD-2024-004845,2/7/2024 18:09,Ayam,51000,1.639799547,21,3,Lumayan,FALSE,Rendah,Selesai
ORD-2024-004846,2/3/2024 18:29,Kopi,11500,0.5,19,,,FALSE,Tidak Ada,Selesai
ORD-2024-004847,16/03/2024 06:04,Mie,16000,3.191793853,10,5,Mantap gan!,FALSE,Tidak Ada,Selesai
ORD-2024-004848,1/2/2024 13:18,Ayam,50000,,28,4,Sesuai pesanan,FALSE,Tidak Ada,Selesai
ORD-2024-004849,3/24/2024 17:32,Martabak,37500,0.5,9,5,Cepat sampai,FALSE,Tidak Ada,Selesai
ORD-2024-004850,3/8/2024 16:03,Ayam,16500,1.991854281,14,,,FALSE,Tidak Ada,Selesai
ORD-2024-004851,3/30/2024 18:05,Mie,27500,9.495055285,44,5,Enak bgttt,FALSE,Tidak Ada,Selesai
ORD-2024-004852,1/11/2024 11:16,Kopi,20500,1.669540479,18,,,FALSE,Tidak Ada,Selesai
ORD-2024-004853,3/9/2024 17:51,Martabak,20500,1.322411919,45,2,Kecewa bgt,TRUE,Tinggi,Selesai
ORD-2024-004854,3/11/2024 14:06,Ayam,41000,18.57959015,73,2,Kurang sambelnya,FALSE,Tinggi,Dibatalkan
ORD-2024-004855,2/21/2024 19:27,Martabak,34500,2.277661986,5,4,Top bgt kualitasnya,FALSE,Tidak Ada,Selesai
ORD-2024-004856,2/28/2024 13:41,Ayam,65500,1.411169865,19,5,Makanan hangat sampai,TRUE,Tidak Ada,Selesai
ORD-2024-004857,1/1/2024 14:52,Ayam,78500,1.462601064,9,5,Sesuai pesanan,TRUE,Tidak Ada,Selesai
ORD-2024-004858,1/2/2024 23:04,Mie,22000,0.650588062,9,3,Lumayan,FALSE,Tidak Ada,Refund
ORD-2024-004859,1/23/2024 6:00,Mie,20500,2.153691188,21,3,Standar lah,FALSE,Tinggi,Dibatalkan
ORD-2024-004860,24/01/2024 12:32,Mie,37500,1.73332797,8,3,Gapapa,FALSE,Rendah,Selesai
ORD-2024-004861,3/23/2024 10:58,Martabak,24500,0.947402357,10,,,TRUE,Rendah,Selesai
ORD-2024-004862,2/11/2024 4:10,Mie,29500,0.524989663,14,4,Akan order lg nih,TRUE,Rendah,Selesai
ORD-2024-004863,1/13/2024 12:01,Ayam,88000,1.118582271,9,5,Wow enak bgt,TRUE,Tidak Ada,Selesai
ORD-2024-004864,1/5/2024 11:16,Ayam,64000,2.131999216,19,3,Yaudah minum teh,FALSE,Rendah,Selesai
ORD-2024-004865,3/13/2024 11:55,Ayam,64500,,17,,,FALSE,Rendah,Selesai
ORD-2024-004866,1/2/2024 12:08,Martabak,39500,0.500800195,13,4,Cepat sampai,FALSE,Tidak Ada,Selesai
ORD-2024-004867,5/2/2024 13:14,Kopi,18500,,45,,,FALSE,Tinggi,Dibatalkan
ORD-2024-004868,1/17/2024 12:03,Ayam,64500,2.348266259,24,5,Buruan order!11,FALSE,Tidak Ada,Selesai
ORD-2024-004869,3/24/2024 11:54,Kopi,15000,0.5,7,5,Driver ramah,TRUE,Tidak Ada,Selesai
ORD-2024-004870,1/27/2024 13:13,Mie,34000,3.543580294,11,4,Wow enak bgt,TRUE,Tidak Ada,Selesai
ORD-2024-004871,1/25/2024 12:23,Kopi,18500,0.5,5,,,TRUE,Tinggi,Selesai
ORD-2024-004872,1/15/2024 5:15,Ayam,4720500,4.028259297,12,4,Makasih ya,FALSE,Tidak Ada,Selesai
ORD-2024-004873,2/12/2024 13:43,Ayam,55000,4.158435777,39,4,Mantap gan!,TRUE,Tidak Ada,Dibatalkan
ORD-2024-004874,28/01/2024 14:19,Ayam,26500,3.158729022,7,5,Akan order lg nih,FALSE,Tidak Ada,Dibatalkan
ORD-2024-004875,3/19/2024 17:11,Ayam,76000,3.952595448,32,5,Makasih ya,TRUE,Rendah,Selesai
ORD-2024-004876,2/25/2024 19:11,Martabak,23000,,7,4,Akan order lg nih,TRUE,Tidak Ada,Selesai
ORD-2024-004877,3/15/2024 7:27,Martabak,2188500,3.892439908,30,5,Akan order lg nih,FALSE,Rendah,Selesai
ORD-2024-004878,3/26/2024 18:17,Martabak,33500,0.5,10,5,Makanan hangat sampai,FALSE,Rendah,Selesai
ORD-2024-004879,22/03/2024 18:39,Kopi,20500,1.244301296,17,5,Driver ramah,FALSE,Rendah,Selesai
ORD-2024-004880,2/15/2024 17:21,Mie,18500,8.580734195,48,3,OK,FALSE,Rendah,Selesai
ORD-2024-004881,2/19/2024 12:23,Ayam,63000,2.096744209,32,3,OK,TRUE,Rendah,Selesai
ORD-2024-004882,1/9/2024 14:10,Kopi,14000,,44,2,"Narik duit banyak😡",FALSE,Tinggi,Selesai
ORD-2024-004883,3/22/2024 21:58,Mie,500,0.5,8,4,Wow enak bgt,FALSE,Tidak Ada,Selesai
ORD-2024-004884,1/14/2024 13:14,Ayam,70000,1.947715877,24,,,FALSE,Tidak Ada,Selesai
ORD-2024-004885,3/15/2024 5:18,Ayam,53500,,5,5,Wow enak bgt,TRUE,Tidak Ada,Selesai
ORD-2024-004886,2/4/2024 12:27,Mie,18000,2.984462135,6,,,FALSE,Tidak Ada,Refund
ORD-2024-004887,1/30/2024 14:08,Ayam,54500,0.5,17,5,Mantap gan!,TRUE,Tidak Ada,Selesai
ORD-2024-004888,3/14/2024 19:47,Martabak,21500,0.57845344,21,5,Mantap gan!,TRUE,Tidak Ada,Selesai
ORD-2024-004889,1/26/2024 22:48,Ayam,31500,0.898577036,15,4,Sesuai pesanan,TRUE,Rendah,Selesai
ORD-2024-004890,3/16/2024 11:21,Martabak,42000,4.143847047,26,4,Akan order lg nih,FALSE,Tidak Ada,Selesai
ORD-2024-004891,3/23/2024 20:12,Ayam,69500,0.537244064,9,5,Makasih ya,FALSE,Tidak Ada,Selesai
ORD-2024-004892,1/29/2024 12:42,Ayam,51500,5.624746093,47,4,Driver ramah,FALSE,Tidak Ada,Selesai
ORD-2024-004893,2/12/2024 20:15,Martabak,569000,0.5,30,5,Makanan hangat sampai,FALSE,Tidak Ada,Selesai
ORD-2024-004894,2/22/2024 12:46,Ayam,42500,0.5,15,5,Cepat sampai,FALSE,Tidak Ada,Selesai
ORD-2024-004895,3/13/2024 18:39,Kopi,18500,1.507805689,11,,,FALSE,Tidak Ada,Selesai
ORD-2024-004896,3/10/2024 2:26,Ayam,43000,11.65346311,37,5,Sesuai pesanan,TRUE,Tidak Ada,Refund
ORD-2024-004897,1/29/2024 16:05,Ayam,75500,0.5,15,,,FALSE,Tidak Ada,Selesai
ORD-2024-004898,3/6/2024 22:29,Ayam,52500,0.5,5,5,Makanan hangat sampai,FALSE,Tidak Ada,Selesai
ORD-2024-004899,1/3/2024 18:30,Ayam,69500,4.172913973,15,5,Mantap gan!,FALSE,Tidak Ada,Selesai
ORD-2024-004900,3/1/2024 0:06,Mie,27500,1.122604467,9,4,Puas bgt,FALSE,Tidak Ada,Selesai
ORD-2024-004901,2/24/2024 17:57,Ayam,47000,3.789911972,31,4,Rekomendasi deh,FALSE,Rendah,Selesai
ORD-2024-004902,1/18/2024 19:36,Kopi,14500,,29,5,Puas bgt,TRUE,Rendah,Selesai
ORD-2024-004903,1/16/2024 12:50,Ayam,34500,1.848958413,21,5,Nggg enak 😋,FALSE,Tidak Ada,Selesai
ORD-2024-004904,2/8/2024 14:25,Ayam,70000,0.924837747,20,3,OK,TRUE,Rendah,Refund
ORD-2024-004905,2/5/2024 23:37,Mie,23000,1.801858322,23,,,TRUE,Tinggi,Selesai
ORD-2024-004906,2/19/2024 9:22,Ayam,60000,4.397273913,30,5,Puas bgt,FALSE,Rendah,Selesai
ORD-2024-004907,25/01/2024 20:08,Mie,22500,4.306579119,22,5,Top bgt kualitasnya,FALSE,Tidak Ada,Selesai
ORD-2024-004908,3/16/2024 19:00,Ayam,33500,2.175600009,28,5,Enak bgttt,TRUE,Tidak Ada,Selesai
ORD-2024-004909,3/14/2024 11:42,Martabak,34000,7.908801115,50,5,Mantap gan!,FALSE,Tidak Ada,Selesai
ORD-2024-004910,2/22/2024 12:45,Kopi,13500,0.918695593,18,3,Biasa saja,FALSE,Rendah,Selesai
ORD-2024-004911,1/12/2024 20:43,Mie,23000,0.824539806,16,,,TRUE,Tidak Ada,Selesai
ORD-2024-004912,3/11/2024 13:14,Kopi,11000,2.854249452,28,4,Sesuai pesanan,FALSE,Tidak Ada,Selesai
ORD-2024-004913,1/14/2024 3:10,Kopi,14500,2.913009338,23,1,Gak sesuai foto,TRUE,Tinggi,Selesai
ORD-2024-004914,3/14/2024 14:49,Ayam,52000,0.5,5,4,Enak bgt,FALSE,Rendah,Selesai
ORD-2024-004915,3/18/2024 11:48,Ayam,46500,2.807779619,26,,,TRUE,Tidak Ada,Selesai
ORD-2024-004916,29/01/2024 13:13,Mie,31500,1.407305663,28,,,FALSE,Tidak Ada,Selesai
ORD-2024-004917,23/02/2024 21:51,Ayam,54000,4.128349301,36,4,Rekomendasi deh,FALSE,Rendah,Selesai
ORD-2024-004918,5/2/2024 17:18,Kopi,29500,4.952431184,33,5,Sesuai pesanan,FALSE,Tidak Ada,Selesai
ORD-2024-004919,3/10/2024 8:05,Martabak,33000,2.409916358,18,4,Driver ramah,FALSE,Rendah,Selesai
ORD-2024-004920,1/10/2024 15:38,Ayam,22500,0.5,8,3,Lumayan,TRUE,Tidak Ada,Selesai
ORD-2024-004921,2/2/2024 2:06,Mie,24500,3.034820669,18,3,Standar lah,TRUE,Tinggi,Selesai
ORD-2024-004922,2/6/2024 21:42,Martabak,29000,4.145488387,34,4,Sesuai pesanan,FALSE,Tidak Ada,Selesai
ORD-2024-004923,4/1/2024 13:41,Kopi,14000,0.858982036,19,3,Lumayan,FALSE,Tidak Ada,Selesai
ORD-2024-004924,5/1/2024 14:54,Mie,26500,1.874481212,27,4,Nggg enak 😋,FALSE,Tidak Ada,Selesai
ORD-2024-004925,21/02/2024 01:47,Ayam,40500,10.12015926,36,5,Top bgt kualitasnya,TRUE,Rendah,Selesai
ORD-2024-004926,18/03/2024 13:09,Ayam,57000,1.061959483,26,4,Sesuai pesanan,FALSE,Tidak Ada,Selesai
ORD-2024-004927,1/26/2024 13:19,Kopi,8500,0.757536547,9,4,Wow enak bgt,FALSE,Tidak Ada,Selesai
ORD-2024-004928,1/20/2024 6:20,Ayam,500,0.710414798,14,,,FALSE,Rendah,Refund
ORD-2024-004929,1/8/2024 18:42,Martabak,26000,2.454776648,15,5,Sesuai pesanan,TRUE,Rendah,Selesai
ORD-2024-004930,3/16/2024 14:03,Mie,18500,8.974450018,43,2,Gak sesuai foto,FALSE,Rendah,Selesai
ORD-2024-004931,3/2/2024 11:50,Kopi,13000,2.814766573,42,3,Biasa saja,FALSE,Tidak Ada,Selesai
ORD-2024-004932,1/18/2024 3:37,Ayam,55500,1.084300689,17,4,Enak bgt!!,FALSE,Tidak Ada,Selesai
ORD-2024-004933,1/3/2024 9:57,Mie,1470000,3.053058839,21,5,Makanan hangat sampai,FALSE,Tidak Ada,Selesai
ORD-2024-004934,1/1/2024 11:18,Kopi,18000,2.941226405,36,4,Enak bgt,FALSE,Tidak Ada,Selesai
ORD-2024-004935,9/3/2024 19:20,Kopi,15500,2.725898901,5,4,Top bgt kualitasnya,TRUE,Tidak Ada,Selesai
ORD-2024-004936,30/03/2024 12:27,Kopi,17500,0.5210116,12,5,Makanan hangat sampai,FALSE,Tidak Ada,Selesai
ORD-2024-004937,2/17/2024 19:55,Mie,34000,3.020015334,18,5,Akan order lg nih,FALSE,Tidak Ada,Selesai
ORD-2024-004938,1/10/2024 11:02,Kopi,20000,1.687222419,10,3,Standar lah,FALSE,Rendah,Dibatalkan
ORD-2024-004939,2/8/2024 17:42,Martabak,4202000,0.5,5,4,Buruan order!11,TRUE,Tidak Ada,Selesai
ORD-2024-004940,3/14/2024 5:15,Mie,26500,2.328050808,15,5,Wow enak bgt,FALSE,Tidak Ada,Selesai
ORD-2024-004941,2/14/2024 11:04,Ayam,59500,13.6032253,68,2,Gajadi orderan,TRUE,Tinggi,Refund
ORD-2024-004942,2/12/2024 11:26,Kopi,1376500,1.291147101,15,4,Akan order lg nih,TRUE,Rendah,Selesai
ORD-2024-004943,3/25/2024 11:26,Mie,19500,10.10554171,56,2,Bau gak tauu,TRUE,Tinggi,Selesai
ORD-2024-004944,2/14/2024 13:11,Kopi,20000,0.5,14,5,Makanan hangat sampai,TRUE,Tidak Ada,Selesai
ORD-2024-004945,2/9/2024 0:08,Martabak,28000,3.955347742,31,3,Standar lah,FALSE,Rendah,Selesai
ORD-2024-004946,3/3/2024 2:59,Mie,35000,0.5,7,,,TRUE,Tidak Ada,Selesai
ORD-2024-004947,3/10/2024 21:17,Martabak,33000,0.958845957,5,4,Makasih ya,TRUE,Tinggi,Selesai
ORD-2024-004948,2/15/2024 21:18,Martabak,23000,2.537782247,6,4,Nggg enak 😋,TRUE,Tidak Ada,Selesai
ORD-2024-004949,3/17/2024 11:01,Mie,24500,2.695202843,17,5,Rekomendasi deh,FALSE,Tidak Ada,Selesai
ORD-2024-004950,3/21/2024 10:27,Mie,15500,4.477783517,16,3,Gapapa,FALSE,Rendah,Selesai
ORD-2024-004951,3/25/2024 6:23,Kopi,7000,2.865963366,14,4,Sesuai pesanan,FALSE,Tidak Ada,Selesai
ORD-2024-004952,2/7/2024 5:28,Ayam,35500,2.701360696,27,4,Enak bgt!!,FALSE,Tidak Ada,Selesai
ORD-2024-004953,2/28/2024 14:08,Kopi,17000,7.303316663,24,5,Buruan order!11,FALSE,Tidak Ada,Dibatalkan
ORD-2024-004954,2/21/2024 19:24,Martabak,31000,1.805320136,33,4,Makanan hangat sampai,FALSE,Tidak Ada,Selesai
ORD-2024-004955,3/1/2024 2:18,Kopi,10500,0.765705746,6,,,TRUE,Tidak Ada,Selesai
ORD-2024-004956,2/5/2024 12:00,Martabak,12000,0.529454775,5,4,Sesuai pesanan,FALSE,Rendah,Dibatalkan
ORD-2024-004957,3/23/2024 13:55,Kopi,23000,1.532449855,16,5,Sesuai pesanan,TRUE,Tidak Ada,Dibatalkan
ORD-2024-004958,3/30/2024 17:56,Martabak,3494000,3.742235862,40,,,FALSE,Tidak Ada,Selesai
ORD-2024-004959,3/22/2024 13:26,Ayam,92000,0.5,7,4,Akan order lg nih,FALSE,Rendah,Refund
ORD-2024-004960,3/27/2024 11:31,Martabak,33000,0.5,8,5,Driver ramah,TRUE,Tidak Ada,Selesai
ORD-2024-004961,1/1/2024 18:12,Kopi,20500,0.5,9,4,Makasih ya,FALSE,Tidak Ada,Selesai
ORD-2024-004962,1/16/2024 18:08,Ayam,54500,2.640239157,33,5,Puas bgt,FALSE,Tidak Ada,Selesai
ORD-2024-004963,1/19/2024 12:18,Ayam,50500,0.834639733,11,4,Nggg enak 😋,FALSE,Tidak Ada,Selesai
ORD-2024-004964,3/1/2024 12:33,Martabak,28000,0.54549897,18,5,Puas bgt,FALSE,Tinggi,Refund
ORD-2024-004965,3/18/2024 19:02,Kopi,15500,2.69513673,23,4,Mantap gan!!!,TRUE,Tidak Ada,Selesai
ORD-2024-004966,1/5/2024 17:17,Ayam,61500,4.297767858,26,3,Biasa saja,FALSE,Tinggi,Dibatalkan
ORD-2024-004967,15/01/2024 11:45,Mie,28500,1.21109713,12,,,FALSE,Tidak Ada,Selesai
ORD-2024-004968,14/02/2024 10:12,Martabak,30000,2.58970479,34,,,FALSE,Tidak Ada,Selesai
ORD-2024-004969,2/26/2024 5:49,Mie,0,0.5,34,4,Nggg enak 😋,FALSE,Tidak Ada,Selesai
ORD-2024-004970,1/17/2024 0:50,Kopi,16000,8.208933799,28,4,Cepat sampai,TRUE,Tidak Ada,Selesai
ORD-2024-004971,16/01/2024 19:31,Kopi,21000,1.232471153,6,,,FALSE,Rendah,Selesai
ORD-2024-004972,3/17/2024 16:15,Mie,35000,,64,2,"Narik duit banyak😡",FALSE,Tinggi,Selesai
ORD-2024-004973,3/10/2024 11:01,Kopi,16500,11.53137709,32,4,Rekomendasi deh,FALSE,Tidak Ada,Selesai
ORD-2024-004974,3/20/2024 13:15,Martabak,23500,4.526382074,29,5,Nggg enak 😋,TRUE,Tidak Ada,Selesai
ORD-2024-004975,2/12/2024 4:50,Ayam,66500,0.5,28,3,Lumayan,FALSE,Rendah,Selesai
ORD-2024-004976,1/13/2024 8:18,Kopi,16500,2.352334925,12,5,Akan order lg nih,FALSE,Tidak Ada,Selesai
ORD-2024-004977,2/28/2024 12:35,Ayam,1500,0.5,24,4,Makanan hangat sampai,FALSE,Rendah,Selesai
ORD-2024-004978,3/23/2024 21:59,Ayam,45500,,50,2,Driver gak ramah,TRUE,Tinggi,Selesai
ORD-2024-004979,2/19/2024 13:31,Ayam,55000,4.676751349,21,5,Driver ramah,TRUE,Tidak Ada,Selesai
ORD-2024-004980,1/4/2024 7:29,Ayam,68000,10.7633447,44,3,Yaudah minum teh,FALSE,Tinggi,Selesai
ORD-2024-004981,1/15/2024 3:14,Mie,36500,2.812412514,21,,,FALSE,Tidak Ada,Selesai
ORD-2024-004982,2/26/2024 12:52,Ayam,46500,2.215518383,27,,,FALSE,Rendah,Selesai
ORD-2024-004983,14/03/2024 13:35,Martabak,32000,2.19550097,28,5,Enak bgttt,TRUE,Tidak Ada,Dibatalkan
ORD-2024-004984,3/4/2024 18:36,Mie,38000,1.465472607,28,5,Cepat sampai,FALSE,Tidak Ada,Refund
ORD-2024-004985,3/1/2024 19:11,Kopi,7500,1.897229251,11,4,Sesuai pesanan,FALSE,Tidak Ada,Selesai
ORD-2024-004986,1/1/2024 19:27,Ayam,1000,3.026966788,25,,,TRUE,Tidak Ada,Selesai
ORD-2024-004987,29/03/2024 12:33,Martabak,3061500,,55,2,Lama bgt nunggunya,FALSE,Tinggi,Selesai
ORD-2024-004988,2/24/2024 11:46,Martabak,25000,2.718162452,37,5,Driver ramah,TRUE,Tidak Ada,Selesai
ORD-2024-004989,2/23/2024 18:28,Martabak,34000,5.837165289,35,,,FALSE,Tidak Ada,Selesai
ORD-2024-004990,2/26/2024 2:25,Martabak,26500,5.958507466,24,,,FALSE,Tidak Ada,Selesai
ORD-2024-004991,2/23/2024 12:26,Mie,20000,2.194620606,30,5,Cepat sampai,FALSE,Rendah,Selesai
ORD-2024-004992,2/8/2024 21:03,Kopi,14000,1.280692843,22,5,Rekomendasi deh,FALSE,Tidak Ada,Selesai
ORD-2024-004993,3/22/2024 13:12,Ayam,77500,3.061404787,28,5,Wow enak bgt,TRUE,Tidak Ada,Selesai
ORD-2024-004994,3/19/2024 21:54,Martabak,25500,1.771107637,26,,,FALSE,Tidak Ada,Dibatalkan
ORD-2024-004995,2/8/2024 20:55,Ayam,53000,0.5,5,4,Makasih ya,FALSE,Tidak Ada,Selesai
ORD-2024-004996,1/2/2024 18:15,Mie,20500,1.423524963,25,,,FALSE,Tidak Ada,Selesai
ORD-2024-004997,2/2/2024 13:32,Ayam,65500,15.38427504,69,,,FALSE,Tinggi,Selesai
ORD-2024-004998,2/5/2024 12:19,Ayam,42500,0.5,25,,,FALSE,Tidak Ada,Selesai
ORD-2024-004999,2/13/2024 14:38,Mie,25500,3.57877133,25,5,Makanan hangat sampai,FALSE,Tidak Ada,Selesai
ORD-2024-005000,13/02/2024 13:54,Kopi,500,,37,5,Top bgt kualitasnya,FALSE,Tidak Ada,Selesai
ORD-2024-005001,2/19/2024 14:36,Kopi,9500,3.138565375,28,5,Wow enak bgt,FALSE,Tidak Ada,Selesai
ORD-2024-005002,1/21/2024 13:28,Kopi,18500,2.530154198,16,5,Mantap gan!,FALSE,Tinggi,Selesai
ORD-2024-005003,1/28/2024 12:39,Mie,16000,3.688430012,17,,,FALSE,Rendah,Selesai
ORD-2024-005004,17/03/2024 12:59,Ayam,20000,1.68289947,26,,,FALSE,Tidak Ada,Selesai
ORD-2024-005005,2/11/2024 18:33,Mie,12000,0.5,6,4,Rekomendasi deh,TRUE,Tidak Ada,Selesai
ORD-2024-005006,2/5/2024 12:38,Ayam,16500,9.840000886,44,1,Kecewa bgt,FALSE,Tinggi,Selesai
ORD-2024-005007,3/29/2024 17:28,Martabak,32000,1.698490575,15,5,Makasih ya,FALSE,Tidak Ada,Selesai
ORD-2024-005008,2/7/2024 19:08,Mie,21000,3.284361974,27,5,Akan order lg nih,TRUE,Tidak Ada,Selesai
ORD-2024-005009,2/8/2024 14:34,Ayam,26000,2.273443926,27,5,Enak bgt,FALSE,Tidak Ada,Selesai
ORD-2024-005010,16/01/2024 18:37,Kopi,16500,0.5,5,4,Mantap gan!!,TRUE,Tidak Ada,Selesai
ORD-2024-005011,2/18/2024 20:54,Ayam,5938000,9.156692073,38,5,Mantap gan!,FALSE,Tidak Ada,Selesai
ORD-2024-005012,29/01/2024 11:48,Martabak,21500,4.718410075,22,5,Enak bgt!!,TRUE,Tidak Ada,Selesai
ORD-2024-005013,1/16/2024 18:10,Kopi,21500,,12,,,FALSE,Tidak Ada,Selesai
ORD-2024-005014,3/9/2024 11:00,Martabak,34000,11.99419341,36,,,FALSE,Tidak Ada,Selesai
ORD-2024-005015,2/23/2024 11:06,Ayam,70000,4.005678919,37,5,Cepat sampai,FALSE,Tidak Ada,Selesai
ORD-2024-005016,2/1/2024 12:31,Ayam,4500,,19,5,Wow enak bgt,TRUE,Tidak Ada,Selesai
ORD-2024-005017,3/18/2024 11:41,Ayam,46500,2.835383071,21,5,Buruan order!11,FALSE,Tidak Ada,Dibatalkan
ORD-2024-005018,3/15/2024 20:06,Ayam,1500,0.5,21,2,Bau gak tauu,FALSE,Tinggi,Dibatalkan
ORD-2024-005019,2/13/2024 19:44,Kopi,22000,,26,3,Lumayan,FALSE,Tidak Ada,Selesai
ORD-2024-005020,2/17/2024 21:19,Mie,12500,0.5,19,1,Gajadi orderan,TRUE,Tinggi,Selesai
ORD-2024-005021,3/15/2024 4:14,Martabak,1000,2.361419383,17,4,Enak bgt!!!,FALSE,Tidak Ada,Selesai
ORD-2024-005022,2/14/2024 6:08,Kopi,10000,2.413548391,18,4,Cepat sampai,FALSE,Tidak Ada,Selesai
ORD-2024-005023,2/19/2024 14:29,Mie,22500,6.224885615,43,3,Standar lah,TRUE,Tidak Ada,Selesai
ORD-2024-005024,1/10/2024 14:18,Martabak,22500,3.873579885,31,5,Driver ramah,TRUE,Tidak Ada,Selesai
ORD-2024-005025,1/2/2024 17:39,Mie,21500,0.86125632,32,4,Mantap gan!,FALSE,Tidak Ada,Selesai
ORD-2024-005026,2/15/2024 11:58,Kopi,11500,6.579205516,37,4,Makasih ya,FALSE,Tidak Ada,Selesai
ORD-2024-005027,3/4/2024 20:45,Ayam,58500,2.554619187,27,4,Top bgt kualitasnya,FALSE,Tidak Ada,Selesai
ORD-2024-005028,2/14/2024 14:41,Ayam,27000,2.797103932,21,,,FALSE,Rendah,Selesai
ORD-2024-005029,9/1/2024 12:35,Martabak,34500,0.555309194,17,5,Driver ramah,FALSE,Tidak Ada,Selesai
ORD-2024-005030,3/23/2024 11:26,Ayam,62000,5.851005289,37,,,FALSE,Tidak Ada,Selesai
ORD-2024-005031,3/20/2024 12:15,Ayam,3206500,8.019429968,37,,,TRUE,Tidak Ada,Selesai
ORD-2024-005032,2/20/2024 21:43,Kopi,16500,4.47483996,22,,,TRUE,Tidak Ada,Selesai
ORD-2024-005033,2/19/2024 20:40,Kopi,17000,8.478092684,49,4,Driver ramah,TRUE,Tidak Ada,Selesai
ORD-2024-005034,2/1/2024 12:43,Martabak,38500,1.079897792,20,5,Driver ramah,TRUE,Tidak Ada,Selesai
ORD-2024-005035,2/15/2024 17:55,Ayam,46000,5.92241712,47,2,Paket berantakan,TRUE,Tinggi,Selesai
ORD-2024-005036,3/22/2024 19:41,Kopi,20500,2.013529791,19,,,TRUE,Tidak Ada,Selesai
ORD-2024-005037,29/01/2024 02:05,Martabak,36500,0.537082894,5,3,Biasa saja,FALSE,Tidak Ada,Selesai
ORD-2024-005038,18/03/2024 11:02,Mie,25000,3.315103995,24,4,Makanan hangat sampai,TRUE,Tidak Ada,Selesai
ORD-2024-005039,2/1/2024 19:49,Martabak,19500,3.457181224,32,5,Top bgt kualitasnya,FALSE,Rendah,Selesai
ORD-2024-005040,3/9/2024 18:55,Mie,26000,1.014503979,5,5,Makasih ya,FALSE,Rendah,Selesai
ORD-2024-005041,1/10/2024 13:27,Martabak,3104000,0.5,14,5,Driver ramah,TRUE,Tidak Ada,Selesai
ORD-2024-005042,3/21/2024 20:24,Kopi,21500,0.66885793,21,4,Puas bgt,FALSE,Tidak Ada,Selesai
ORD-2024-005043,3/2/2024 17:45,Ayam,70500,1.531364816,20,2,Kecewa bgt,TRUE,Tinggi,Selesai
ORD-2024-005044,3/25/2024 20:26,Martabak,32000,0.550192886,11,3,Biasa saja,FALSE,Tidak Ada,Dibatalkan
ORD-2024-005045,2/13/2024 16:08,Martabak,34500,0.647126081,5,4,Wow enak bgt,FALSE,Tidak Ada,Selesai
ORD-2024-005046,5/2/2024 0:52,Martabak,17500,1.489736106,14,4,Top bgt kualitasnya,FALSE,Tidak Ada,Selesai
ORD-2024-005047,1/21/2024 12:18,Kopi,18000,9.793708242,36,5,Makanan hangat sampai,FALSE,Tidak Ada,Selesai
ORD-2024-005048,1/29/2024 11:04,Kopi,13500,4.334867555,34,5,Cepat sampai,FALSE,Rendah,Selesai
ORD-2024-005049,24/01/2024 10:22,Ayam,37500,1.155877653,14,5,Akan order lg nih,FALSE,Tidak Ada,Selesai
ORD-2024-005050,2/1/2024 19:43,Kopi,24000,9.085018612,59,4,Cepat sampai,TRUE,Tidak Ada,Selesai
ORD-2024-005051,2/19/2024 20:16,Ayam,48000,3.112383304,5,,,TRUE,Tidak Ada,Selesai
ORD-2024-005052,7/2/2024 18:10,Mie,19000,1.823384583,15,4,Driver ramah,FALSE,Tidak Ada,Selesai
ORD-2024-005053,3/14/2024 13:53,Ayam,45500,1.895028698,26,4,Makasih ya,FALSE,Tidak Ada,Selesai
ORD-2024-005054,2/22/2024 19:00,Ayam,29500,1.586686046,29,4,Makasih ya,FALSE,Tinggi,Selesai
ORD-2024-005055,3/13/2024 20:34,Kopi,22500,0.795774348,22,5,Rekomendasi deh,TRUE,Rendah,Selesai
ORD-2024-005056,1/15/2024 11:55,Martabak,25000,1.466371531,8,,,FALSE,Tidak Ada,Selesai
ORD-2024-005057,2/27/2024 22:31,Kopi,18500,2.251670376,13,,,TRUE,Tidak Ada,Selesai
ORD-2024-005058,1/30/2024 22:01,Ayam,74000,2.252502725,5,2,Ayamnya keras,FALSE,Tinggi,Selesai
ORD-2024-005059,1/28/2024 13:55,Kopi,14500,4.303139289,28,5,Nggg enak 😋,TRUE,Tidak Ada,Selesai
ORD-2024-005060,3/14/2024 14:55,Ayam,60500,1.333231549,28,,,TRUE,Tidak Ada,Selesai
ORD-2024-005061,1/1/2024 12:18,Mie,19000,3.784784876,26,5,Enak bgttt,FALSE,Tidak Ada,Selesai
ORD-2024-005062,3/11/2024 22:59,Mie,43000,2.588902848,22,,,FALSE,Tidak Ada,Selesai
ORD-2024-005063,3/30/2024 13:31,Kopi,20500,9.798327211,53,,,TRUE,Rendah,Dibatalkan
ORD-2024-005064,1/18/2024 21:18,Ayam,48500,1.459789239,14,3,Gapapa,FALSE,Tidak Ada,Selesai
ORD-2024-005065,2/28/2024 12:41,Martabak,24000,6.944472991,14,5,Akan order lg nih,TRUE,Tidak Ada,Selesai
ORD-2024-005066,1/12/2024 12:49,Ayam,49500,5.155123566,43,4,Cepat sampai,FALSE,Tidak Ada,Selesai
ORD-2024-005067,23/03/2024 04:44,Kopi,15000,3.045552319,23,,,TRUE,Tidak Ada,Selesai
ORD-2024-005068,30/03/2024 10:04,Ayam,84000,3.188413526,10,,,FALSE,Tidak Ada,Selesai
ORD-2024-005069,3/3/2024 20:00,Mie,17500,0.5,17,,,FALSE,Tidak Ada,Selesai
ORD-2024-005070,3/21/2024 12:54,Ayam,54000,9.000703516,46,2,Paket berantakan,TRUE,Tinggi,Selesai
ORD-2024-005071,7/3/2024 17:07,Kopi,16500,0.5,26,3,Biasa saja,TRUE,Tidak Ada,Selesai
ORD-2024-005072,1/20/2024 11:57,Martabak,29000,2.485068341,25,4,Wow enak bgt,FALSE,Tidak Ada,Selesai
ORD-2024-005073,7/3/2024 13:08,Kopi,16000,1.201749733,21,2,Ayamnya keras,FALSE,Rendah,Selesai
ORD-2024-005074,3/10/2024 12:27,Ayam,810500,,20,3,Lumayan,FALSE,Tinggi,Dibatalkan
ORD-2024-005075,3/14/2024 21:10,Mie,25000,,15,4,Top bgt kualitasnya,TRUE,Tidak Ada,Selesai
ORD-2024-005076,2/21/2024 17:44,Kopi,19500,7.185791684,44,2,Kurang sambelnya,FALSE,Tinggi,Selesai
ORD-2024-005077,2/12/2024 19:38,Martabak,23000,1.835072794,18,4,Buruan order!11,FALSE,Tidak Ada,Selesai
ORD-2024-005078,2/25/2024 19:08,Ayam,48000,13.20168534,50,5,Nggg enak 😋,TRUE,Tidak Ada,Selesai
ORD-2024-005079,17/02/2024 08:36,Kopi,22500,2.695441333,13,5,Mantap gan!,FALSE,Tidak Ada,Selesai
ORD-2024-005080,1/15/2024 4:16,Kopi,14500,0.525039181,5,4,Sesuai pesanan,FALSE,Rendah,Selesai
ORD-2024-005081,12/1/2024 6:23,Ayam,51500,,20,5,Makasih ya,FALSE,Tidak Ada,Selesai
ORD-2024-005082,1/1/2024 13:18,Ayam,49500,3.777516263,45,1,Kecewa bgt,FALSE,Tinggi,Selesai
ORD-2024-005083,14/02/2024 16:45,Mie,24500,0.5,21,5,Top bgt kualitasnya,FALSE,Tidak Ada,Dibatalkan
ORD-2024-005084,3/23/2024 11:13,Ayam,79500,1.963750682,23,,,TRUE,Tidak Ada,Selesai
ORD-2024-005085,3/14/2024 17:18,Ayam,56500,0.5,13,4,Makasih ya,FALSE,Rendah,Selesai
ORD-2024-005086,1/8/2024 13:15,Kopi,10000,1.703344949,15,,,FALSE,Tidak Ada,Selesai
ORD-2024-005087,2/19/2024 10:04,Martabak,41500,4.157892312,15,5,Driver ramah,FALSE,Rendah,Refund
ORD-2024-005088,2/12/2024 11:17,Ayam,56000,1.841970813,37,4,Buruan order!11,TRUE,Rendah,Selesai
ORD-2024-005089,3/2/2024 13:22,Kopi,500,0.535410939,5,5,Buruan order!11,FALSE,Tidak Ada,Selesai
ORD-2024-005090,1/6/2024 17:06,Ayam,45000,,7,5,Mantap gan!!!,FALSE,Tidak Ada,Selesai
ORD-2024-005091,10/2/2024 20:07,Ayam,53000,1.374412953,15,5,Makanan hangat sampai,FALSE,Tidak Ada,Selesai
ORD-2024-005092,2/27/2024 17:05,Ayam,80500,0.5,13,,,FALSE,Rendah,Selesai
ORD-2024-005093,20/01/2024 21:06,Mie,29000,2.63364592,27,5,Puas bgt,TRUE,Tidak Ada,Selesai
ORD-2024-005094,3/8/2024 20:45,Ayam,55500,2.805914514,16,,,FALSE,Tidak Ada,Selesai
ORD-2024-005095,14/01/2024 17:23,Ayam,52500,0.5,5,5,Enak bgt!!!,FALSE,Rendah,Selesai
ORD-2024-005096,2/24/2024 16:27,Kopi,20000,1.544055794,13,4,Buruan order!11,TRUE,Rendah,Selesai
ORD-2024-005097,3/14/2024 20:28,Mie,14000,1.603309964,16,3,Yaudah minum teh,TRUE,Rendah,Selesai
ORD-2024-005098,3/7/2024 12:10,Ayam,53000,1.218584181,14,3,Lumayan,TRUE,Rendah,Selesai
ORD-2024-005099,1/6/2024 0:21,Kopi,16000,2.447570242,15,,,FALSE,Tidak Ada,Selesai
ORD-2024-005100,1/25/2024 11:37,Ayam,0,1.273748789,13,4,Rekomendasi deh,FALSE,Tidak Ada,Selesai
ORD-2024-005101,2/26/2024 17:23,Kopi,19500,1.615666089,5,3,Lumayan,FALSE,Tinggi,Selesai
ORD-2024-005102,1/31/2024 18:41,Kopi,12000,4.791395049,43,5,Rekomendasi deh,TRUE,Tidak Ada,Selesai
ORD-2024-005103,3/6/2024 12:24,Kopi,15500,0.530603048,27,5,Top bgt kualitasnya,FALSE,Rendah,Dibatalkan
ORD-2024-005104,1/13/2024 20:21,Ayam,100000,2.89577096,36,,,TRUE,Tidak Ada,Selesai
ORD-2024-005105,3/28/2024 13:59,Ayam,53500,2.113197148,8,5,Nggg enak 😋,FALSE,Tidak Ada,Selesai
ORD-2024-005106,3/3/2024 18:00,Ayam,42000,1.091839543,20,5,Nggg enak 😋,FALSE,Tidak Ada,Selesai
ORD-2024-005107,26/01/2024 13:13,Kopi,15500,3.900731558,22,4,Wow enak bgt,TRUE,Tidak Ada,Selesai
ORD-2024-005108,2/29/2024 14:27,Ayam,44500,2.403455965,16,5,Buruan order!11,FALSE,Tidak Ada,Selesai
ORD-2024-005109,3/23/2024 13:04,Martabak,38000,1.94659593,10,5,Makasih ya,TRUE,Tidak Ada,Selesai
ORD-2024-005110,1/8/2024 12:55,Mie,25500,3.304874298,49,2,Makanannya dingin,TRUE,Tinggi,Selesai
ORD-2024-005111,2/8/2024 18:00,Mie,37500,4.862866578,27,,,FALSE,Tidak Ada,Selesai
ORD-2024-005112,1/25/2024 0:34,Mie,24000,10.79917802,35,4,Enak bgt!!!,TRUE,Tidak Ada,Selesai
ORD-2024-005113,3/1/2024 11:40,Martabak,500,2.977494155,24,5,Makasih ya,FALSE,Tidak Ada,Selesai
ORD-2024-005114,1/29/2024 18:30,Martabak,28000,6.224914292,42,2,Makanannya dingin,TRUE,Tinggi,Refund
ORD-2024-005115,2/28/2024 3:07,Ayam,50000,0.5,10,5,Mantap gan!,FALSE,Tinggi,Selesai
ORD-2024-005116,2/7/2024 12:44,Martabak,25500,2.266572552,23,4,Makasih ya,TRUE,Tidak Ada,Selesai
ORD-2024-005117,3/5/2024 6:00,Kopi,8500,0.724868039,20,5,Mantap gan!,FALSE,Tidak Ada,Selesai
ORD-2024-005118,1/2/2024 17:09,Kopi,1450000,0.5,5,5,Makanan hangat sampai,TRUE,Tidak Ada,Selesai
ORD-2024-005119,1/19/2024 8:09,Martabak,26500,2.277675167,18,5,Makanan hangat sampai,FALSE,Tidak Ada,Selesai
ORD-2024-005120,2/7/2024 17:22,Ayam,58500,4.121040836,21,5,Mantap gan!,FALSE,Tidak Ada,Selesai
ORD-2024-005121,3/29/2024 15:06,Ayam,43000,1.594475736,9,4,Wow enak bgt,FALSE,Tidak Ada,Selesai
ORD-2024-005122,2/24/2024 21:37,Mie,32500,3.326964845,41,4,Cepat sampai,FALSE,Tidak Ada,Selesai
ORD-2024-005123,1/14/2024 21:27,Ayam,22500,2.018382666,18,5,Buruan order!11,TRUE,Tidak Ada,Selesai
ORD-2024-005124,2/21/2024 13:18,Kopi,19000,1.723884532,8,5,Makanan hangat sampai,TRUE,Tidak Ada,Selesai
ORD-2024-005125,3/28/2024 18:12,Mie,28500,1.028555519,15,,,TRUE,Tidak Ada,Selesai
ORD-2024-005126,3/1/2024 13:09,Martabak,32500,1.446682987,6,4,Top bgt kualitasnya,FALSE,Rendah,Selesai
ORD-2024-005127,2/6/2024 21:24,Kopi,21500,1.291405654,15,5,Buruan order!11,FALSE,Tidak Ada,Selesai
ORD-2024-005128,1/26/2024 19:12,Ayam,52500,3.116961822,17,4,Puas bgt,TRUE,Tidak Ada,Selesai
ORD-2024-005129,1/12/2024 19:15,Ayam,10500,,19,,,FALSE,Tidak Ada,Selesai
ORD-2024-005130,2/28/2024 13:30,Mie,29000,0.5,32,,,FALSE,Tidak Ada,Selesai
ORD-2024-005131,1/7/2024 10:31,Kopi,18000,3.236543641,18,4,Akan order lg nih,TRUE,Tidak Ada,Selesai
ORD-2024-005132,1/15/2024 13:02,Kopi,15500,2.370944514,14,5,Puas bgt,FALSE,Tidak Ada,Selesai
ORD-2024-005133,1/6/2024 12:26,Ayam,37500,,19,5,Makasih ya,FALSE,Tidak Ada,Selesai
ORD-2024-005134,1/5/2024 13:35,Ayam,45500,0.5,28,,,FALSE,Tidak Ada,Selesai
ORD-2024-005135,3/26/2024 14:58,Mie,36000,1.58812538,23,5,Enak bgt!!!,FALSE,Tidak Ada,Refund
ORD-2024-005136,3/12/2024 6:14,Kopi,12500,4.678113737,23,5,Rekomendasi deh,TRUE,Tidak Ada,Selesai
ORD-2024-005137,3/5/2024 11:31,Martabak,17000,6.61151255,16,5,Driver ramah,FALSE,Rendah,Selesai
ORD-2024-005138,1/24/2024 14:30,Ayam,27000,3.637795395,25,5,Rekomendasi deh,FALSE,Tidak Ada,Selesai
ORD-2024-005139,2/2/2024 21:59,Martabak,29500,0.5,21,5,Buruan order!11,FALSE,Rendah,Selesai
ORD-2024-005140,19/02/2024 21:53,Mie,37500,3.32971543,33,4,Akan order lg nih,FALSE,Tidak Ada,Selesai
ORD-2024-005141,1/3/2024 2:31,Kopi,26000,0.827203547,23,5,Makanan hangat sampai,FALSE,Tidak Ada,Selesai
ORD-2024-005142,3/25/2024 19:09,Ayam,62500,1.136109858,10,5,Cepat sampai,TRUE,Tidak Ada,Selesai
ORD-2024-005143,9/2/2024 19:16,Kopi,12500,0.653994962,10,5,Cepat sampai,FALSE,Tidak Ada,Selesai
ORD-2024-005144,1/22/2024 15:42,Martabak,23500,4.485058802,22,5,Puas bgt,FALSE,Rendah,Selesai
ORD-2024-005145,1/6/2024 22:56,Kopi,20000,3.137508431,25,5,Makasih ya,TRUE,Tidak Ada,Selesai
ORD-2024-005146,1/19/2024 14:42,Mie,35500,2.838974738,20,4,Enak bgttt,TRUE,Tidak Ada,Selesai
ORD-2024-005147,3/26/2024 0:20,Martabak,25000,3.307613437,24,5,Makasih ya,TRUE,Tidak Ada,Selesai
ORD-2024-005148,3/12/2024 8:13,Mie,36000,0.810596443,9,5,Enak bgttt,TRUE,Rendah,Dibatalkan
ORD-2024-005149,15/01/2024 18:46,Martabak,28500,1.764440026,12,4,Rekomendasi deh,FALSE,Tidak Ada,Selesai
ORD-2024-005150,3/30/2024 7:20,Ayam,63500,3.009255028,28,5,Wow enak bgt,TRUE,Rendah,Selesai
ORD-2024-005151,3/24/2024 12:38,Ayam,70500,3.036704065,26,5,Enak bgt,TRUE,Tidak Ada,Selesai
ORD-2024-005152,1/26/2024 2:58,Ayam,26500,4.708515763,30,,,FALSE,Rendah,Selesai
ORD-2024-005153,1/5/2024 21:52,Mie,1642500,1.015259055,14,4,Driver ramah,TRUE,Tidak Ada,Selesai
ORD-2024-005154,1/9/2024 21:07,Martabak,33500,4.413415313,36,5,Nggg enak 😋,TRUE,Tidak Ada,Selesai
ORD-2024-005155,2/9/2024 17:02,Martabak,35500,1.740443938,8,1,😠😠😠,FALSE,Rendah,Selesai
ORD-2024-005156,1/30/2024 13:04,Ayam,72000,3.327558212,15,,,FALSE,Tidak Ada,Selesai
ORD-2024-005157,3/17/2024 19:43,Ayam,33000,1.824870959,28,,,TRUE,Tidak Ada,Dibatalkan
ORD-2024-005158,1/30/2024 13:45,Martabak,36000,8.904944946,43,5,Puas bgt,FALSE,Tidak Ada,Dibatalkan
ORD-2024-005159,2/23/2024 18:49,Kopi,23500,0.592801212,12,5,Wow enak bgt,TRUE,Tidak Ada,Refund
ORD-2024-005160,9/3/2024 0:32,Ayam,51500,3.371837262,13,4,Nggg enak 😋,TRUE,Rendah,Selesai
ORD-2024-005161,1/18/2024 21:40,Martabak,24000,2.577853244,29,5,Puas bgt,FALSE,Tidak Ada,Selesai
ORD-2024-005162,2/14/2024 18:19,Ayam,53500,0.568876243,32,5,Enak bgt!!!,TRUE,Tidak Ada,Selesai
ORD-2024-005163,30/03/2024 14:54,Ayam,42500,0.5,20,5,Makasih ya,FALSE,Tidak Ada,Selesai
ORD-2024-005164,1/29/2024 11:02,Kopi,14000,4.815506946,25,4,Enak bgt!!,FALSE,Tidak Ada,Selesai
ORD-2024-005165,28/01/2024 23:15,Ayam,59000,0.513971563,23,5,Makasih ya,TRUE,Tidak Ada,Selesai
ORD-2024-005166,2/25/2024 18:38,Mie,15000,0.619252702,18,4,Driver ramah,TRUE,Tidak Ada,Selesai
ORD-2024-005167,7/2/2024 3:35,Ayam,27500,11.50994299,41,3,Biasa saja,TRUE,Rendah,Dibatalkan
ORD-2024-005168,2/9/2024 14:38,Ayam,52000,3.789691629,38,2,Buruk skli layanannya,TRUE,Tidak Ada,Dibatalkan
ORD-2024-005169,2/22/2024 11:41,Ayam,51000,,13,5,Wow enak bgt,FALSE,Tidak Ada,Selesai
ORD-2024-005170,1/14/2024 20:27,Martabak,32500,2.681746017,8,4,Enak bgt!!,FALSE,Tidak Ada,Selesai
ORD-2024-005171,13/01/2024 20:25,Kopi,24500,2.291429011,17,,,TRUE,Tidak Ada,Selesai
ORD-2024-005172,3/25/2024 18:26,Kopi,17000,5.582812947,37,2,😠😠😠,FALSE,Tidak Ada,Dibatalkan
ORD-2024-005173,3/10/2024 19:01,Ayam,61500,3.920462191,19,,,TRUE,Tidak Ada,Selesai
ORD-2024-005174,20/02/2024 20:10,Ayam,35000,5.346398125,13,5,Akan order lg nih,TRUE,Rendah,Selesai
ORD-2024-005175,1/23/2024 18:27,Kopi,20000,0.712893683,29,1,Driver gak ramah,TRUE,Tinggi,Selesai
ORD-2024-005176,3/6/2024 16:00,Mie,22500,3.066781002,43,4,Cepat sampai,FALSE,Tidak Ada,Selesai
ORD-2024-005177,25/01/2024 20:05,Mie,26500,0.5,9,3,Yaudah minum teh,TRUE,Rendah,Selesai
ORD-2024-005178,2/11/2024 11:29,Ayam,49500,0.5,8,5,Cepat sampai,FALSE,Tidak Ada,Refund
ORD-2024-005179,1/31/2024 18:34,Kopi,21000,3.750333307,13,,,TRUE,Tidak Ada,Selesai
ORD-2024-005180,2/13/2024 20:29,Mie,500,0.5,6,5,Akan order lg nih,FALSE,Tidak Ada,Selesai
ORD-2024-005181,3/18/2024 12:18,Kopi,11000,2.600823665,7,4,Sesuai pesanan,TRUE,Tidak Ada,Selesai
ORD-2024-005182,1/25/2024 11:47,Mie,36000,5.505349619,19,4,Makasih ya,TRUE,Tidak Ada,Selesai
ORD-2024-005183,1/4/2024 22:59,Ayam,29500,1.433825844,14,3,Standar lah,FALSE,Rendah,Selesai
ORD-2024-005184,2/26/2024 14:21,Mie,27500,0.5,5,5,Mantap gan!,FALSE,Tidak Ada,Selesai
ORD-2024-005185,1/25/2024 18:37,Martabak,3650500,3.753690652,11,5,Wow enak bgt,TRUE,Tidak Ada,Selesai
ORD-2024-005186,2/20/2024 17:34,Mie,31000,7.964372365,43,5,Makanan hangat sampai,FALSE,Tidak Ada,Selesai
ORD-2024-005187,3/23/2024 13:33,Martabak,26000,3.788742571,20,5,Makanan hangat sampai,FALSE,Tidak Ada,Selesai
ORD-2024-005188,3/24/2024 17:00,Kopi,6500,2.591431033,25,,,FALSE,Tidak Ada,Selesai
ORD-2024-005189,2/3/2024 12:33,Mie,24500,0.784206619,12,5,Cepat sampai,FALSE,Tidak Ada,Selesai
ORD-2024-005190,3/3/2024 14:03,Ayam,68500,0.5,12,3,Biasa saja,FALSE,Tinggi,Dibatalkan
ORD-2024-005191,1/3/2024 18:12,Ayam,45000,3.559107077,32,5,Cepat sampai,FALSE,Tidak Ada,Selesai
ORD-2024-005192,1/20/2024 11:04,Martabak,30000,0.788095047,10,3,Yaudah minum teh,TRUE,Tidak Ada,Selesai
ORD-2024-005193,3/21/2024 13:10,Martabak,33000,5.859223476,40,,,FALSE,Rendah,Selesai
ORD-2024-005194,3/1/2024 21:22,Mie,19000,1.884124629,15,5,Cepat sampai,FALSE,Tidak Ada,Selesai
ORD-2024-005195,1/21/2024 12:26,Ayam,62000,2.269127407,12,,,FALSE,Tidak Ada,Selesai
ORD-2024-005196,16/01/2024 17:24,Martabak,42500,4.206497479,17,4,Cepat sampai,TRUE,Tidak Ada,Selesai
ORD-2024-005197,1/2/2024 15:40,Martabak,0,4.534628789,10,4,Mantap gan!,FALSE,Tidak Ada,Selesai
ORD-2024-005198,1/18/2024 5:57,Ayam,1000,3.08712575,9,5,Top bgt kualitasnya,FALSE,Rendah,Selesai
ORD-2024-005199,2/24/2024 14:23,Kopi,16000,8.362830078,25,,,FALSE,Tidak Ada,Selesai
ORD-2024-005200,3/22/2024 11:44,Ayam,14000,12.1023069,46,4,Driver ramah,FALSE,Tidak Ada,Selesai
ORD-2024-005201,29/03/2024 13:19,Ayam,57000,8.805912813,52,5,Sesuai pesanan,FALSE,Tinggi,Selesai
ORD-2024-005202,17/03/2024 20:43,Mie,29000,5.214869703,31,2,Kecewa bgt,FALSE,Tidak Ada,Selesai
ORD-2024-005203,2/2/2024 14:34,Martabak,42500,3.668704687,21,4,Driver ramah,TRUE,Tidak Ada,Selesai
ORD-2024-005204,1/27/2024 19:16,Martabak,28500,3.265919261,17,4,Buruan order!11,TRUE,Rendah,Selesai
ORD-2024-005205,2/12/2024 8:24,Mie,29000,0.5,11,1,Buruk skli layanannya,TRUE,Tinggi,Dibatalkan
ORD-2024-005206,3/11/2024 21:52,Kopi,13000,0.9502385,16,4,Akan order lg nih,TRUE,Tidak Ada,Selesai
ORD-2024-005207,3/6/2024 13:32,Mie,23500,0.5,5,3,Gapapa,TRUE,Rendah,Selesai
ORD-2024-005208,3/12/2024 7:42,Kopi,10000,0.5,15,5,Makanan hangat sampai,TRUE,Tidak Ada,Selesai
ORD-2024-005209,3/11/2024 20:10,Mie,24500,1.735330522,15,1,😠😠😠,FALSE,Rendah,Selesai
ORD-2024-005210,3/4/2024 14:53,Ayam,46500,0.5,17,4,Akan order lg nih,FALSE,Tidak Ada,Selesai
ORD-2024-005211,1/31/2024 14:30,Mie,28000,6.958077422,37,5,Mantap gan!,FALSE,Tidak Ada,Selesai
ORD-2024-005212,1/1/2024 19:18,Ayam,41000,4.915043189,16,4,Wow enak bgt,FALSE,Tidak Ada,Selesai
ORD-2024-005213,3/24/2024 21:35,Ayam,53000,0.5,26,3,Standar lah,FALSE,Rendah,Selesai
ORD-2024-005214,3/24/2024 12:55,Martabak,27500,0.858704223,15,4,Cepat sampai,TRUE,Tidak Ada,Dibatalkan
ORD-2024-005215,3/17/2024 17:02,Kopi,15000,5.128966437,27,,,FALSE,Tidak Ada,Selesai
ORD-2024-005216,2/9/2024 11:23,Martabak,30500,4.874357168,35,5,Wow enak bgt,TRUE,Tidak Ada,Selesai
ORD-2024-005217,1/23/2024 20:29,Kopi,16500,8.725942954,32,5,Rekomendasi deh,FALSE,Tidak Ada,Refund
ORD-2024-005218,2/1/2024 12:17,Martabak,35500,18.03226214,62,1,😠😠😠,FALSE,Tinggi,Dibatalkan
ORD-2024-005219,3/18/2024 18:02,Ayam,0,11.22305362,58,3,Standar lah,TRUE,Rendah,Selesai
ORD-2024-005220,30/01/2024 15:58,Ayam,41500,1.583599931,24,4,Akan order lg nih,FALSE,Tidak Ada,Selesai
ORD-2024-005221,16/03/2024 13:42,Ayam,48000,0.86436028,18,4,Mantap gan!!!,TRUE,Tidak Ada,Selesai
ORD-2024-005222,1/1/2024 11:04,Kopi,1012500,4.261541978,35,5,Cepat sampai,TRUE,Tidak Ada,Selesai
ORD-2024-005223,3/12/2024 3:22,Ayam,45500,1.066910275,5,5,Sesuai pesanan,TRUE,Rendah,Selesai
ORD-2024-005224,3/29/2024 0:19,Kopi,25000,4.925888893,22,,,FALSE,Tidak Ada,Selesai
ORD-2024-005225,1/24/2024 3:19,Kopi,12500,2.290417514,12,5,Buruan order!11,TRUE,Tinggi,Selesai
ORD-2024-005226,1/9/2024 14:38,Ayam,47000,4.738578419,39,2,Buruk skli layanannya,FALSE,Tinggi,Selesai
ORD-2024-005227,3/28/2024 7:52,Kopi,15000,0.968393965,17,4,Top bgt kualitasnya,FALSE,Tidak Ada,Selesai
ORD-2024-005228,3/20/2024 10:12,Mie,24500,2.12799625,25,,,FALSE,Tidak Ada,Selesai
ORD-2024-005229,1/13/2024 12:42,Ayam,46000,,15,,,TRUE,Tidak Ada,Selesai
ORD-2024-005230,2/5/2024 5:25,Kopi,17500,8.599805207,27,4,Cepat sampai,TRUE,Rendah,Selesai
ORD-2024-005231,28/02/2024 04:35,Martabak,17000,0.930182158,23,5,Makasih ya,TRUE,Tidak Ada,Selesai
ORD-2024-005232,2/18/2024 21:22,Kopi,21000,,42,2,Lama bgt nunggunya,FALSE,Rendah,Refund
ORD-2024-005233,3/8/2024 18:33,Martabak,34500,4.902097415,40,4,Cepat sampai,FALSE,Tidak Ada,Selesai
ORD-2024-005234,3/27/2024 19:21,Kopi,11000,3.937950378,26,4,Sesuai pesanan,FALSE,Tidak Ada,Selesai
ORD-2024-005235,2/25/2024 19:52,Kopi,7000,,50,1,Makanannya dingin,TRUE,Rendah,Selesai
ORD-2024-005236,3/15/2024 11:05,Ayam,35000,2.789838477,33,5,Rekomendasi deh,TRUE,Tidak Ada,Selesai
ORD-2024-005237,2/8/2024 13:20,Martabak,28000,0.839459227,13,5,Nggg enak 😋,FALSE,Tidak Ada,Selesai
ORD-2024-005238,3/29/2024 17:59,Martabak,49500,0.630293191,14,4,Mantap gan!!,FALSE,Tidak Ada,Refund
ORD-2024-005239,3/1/2024 11:26,Ayam,60500,6.037400279,34,5,Makanan hangat sampai,FALSE,Tidak Ada,Selesai
ORD-2024-005240,26/02/2024 11:53,Kopi,9000,3.874473685,15,,,FALSE,Tidak Ada,Selesai
ORD-2024-005241,3/26/2024 14:23,Mie,21000,0.719359907,10,5,Makasih ya,FALSE,Tidak Ada,Selesai
ORD-2024-005242,1/22/2024 8:56,Kopi,16500,2.864263449,14,5,Buruan order!11,TRUE,Tidak Ada,Selesai
ORD-2024-005243,2/24/2024 13:33,Kopi,17500,1.780157935,21,3,Biasa saja,TRUE,Rendah,Selesai
ORD-2024-005244,3/24/2024 18:00,Mie,17000,0.518261038,6,5,Akan order lg nih,TRUE,Tidak Ada,Selesai
ORD-2024-005245,8/1/2024 18:05,Martabak,29000,2.276945123,19,4,Sesuai pesanan,FALSE,Tidak Ada,Selesai
ORD-2024-005246,1/31/2024 12:59,Kopi,13500,0.991848439,12,4,Enak bgttt,TRUE,Tidak Ada,Refund
ORD-2024-005247,1/10/2024 20:03,Martabak,21500,0.5,15,,,FALSE,Tidak Ada,Selesai
ORD-2024-005248,12/2/2024 18:34,Mie,28000,,33,4,Sesuai pesanan,FALSE,Tidak Ada,Selesai
ORD-2024-005249,1/17/2024 22:46,Kopi,20000,2.675588747,27,3,OK,FALSE,Tidak Ada,Selesai
ORD-2024-005250,3/27/2024 5:48,Kopi,20000,0.5,5,4,Makasih ya,FALSE,Rendah,Selesai
ORD-2024-005251,1/30/2024 16:58,Kopi,19000,1.542958909,14,,,TRUE,Tidak Ada,Selesai
ORD-2024-005252,1/5/2024 13:54,Mie,22500,,12,4,Akan order lg nih,TRUE,Tidak Ada,Selesai
ORD-2024-005253,2/7/2024 1:09,Martabak,35500,0.5,6,4,Driver ramah,FALSE,Tidak Ada,Selesai
ORD-2024-005254,2/1/2024 19:02,Ayam,56500,0.5,34,4,Wow enak bgt,FALSE,Tidak Ada,Selesai
ORD-2024-005255,3/11/2024 12:06,Mie,27000,0.5,9,4,Makanan hangat sampai,FALSE,Tidak Ada,Selesai
ORD-2024-005256,3/1/2024 19:28,Kopi,14000,0.605886831,10,5,Puas bgt,TRUE,Tidak Ada,Selesai
ORD-2024-005257,3/18/2024 17:45,Ayam,43000,4.879409987,46,3,Lumayan,TRUE,Rendah,Selesai
ORD-2024-005258,4/1/2024 20:16,Kopi,17000,1.736734576,28,5,Top bgt kualitasnya,FALSE,Tidak Ada,Refund
ORD-2024-005259,3/7/2024 6:41,Kopi,27000,0.5,8,5,Akan order lg nih,FALSE,Tidak Ada,Selesai
ORD-2024-005260,3/19/2024 17:56,Mie,28000,0.5,21,4,Buruan order!11,TRUE,Tidak Ada,Selesai
ORD-2024-005261,1/21/2024 18:30,Ayam,41500,1.061211186,14,4,Driver ramah,FALSE,Tidak Ada,Selesai
ORD-2024-005262,3/23/2024 11:26,Mie,20000,4.798693229,28,5,Akan order lg nih,FALSE,Tidak Ada,Selesai
ORD-2024-005263,1/15/2024 14:38,Kopi,1619000,1.359840026,9,,,FALSE,Tidak Ada,Selesai
ORD-2024-005264,2/13/2024 14:13,Ayam,70500,,5,,,FALSE,Tidak Ada,Selesai
ORD-2024-005265,1/15/2024 4:43,Mie,500,1.553128699,5,5,Mantap gan!,FALSE,Tidak Ada,Refund
ORD-2024-005266,1/7/2024 15:14,Kopi,16000,2.431144112,8,5,Makasih ya,TRUE,Tidak Ada,Selesai
ORD-2024-005267,21/01/2024 12:25,Ayam,45000,0.5,18,5,Enak bgt!!!,FALSE,Tinggi,Refund
ORD-2024-005268,2/11/2024 20:27,Kopi,17500,2.963696966,24,5,Rekomendasi deh,TRUE,Tidak Ada,Selesai
ORD-2024-005269,1/4/2024 21:32,Mie,31500,1.508080106,28,2,😠😠😠,TRUE,Rendah,Selesai
ORD-2024-005270,1/1/2024 19:22,Ayam,42000,0.5,5,5,Buruan order!11,TRUE,Tidak Ada,Selesai
ORD-2024-005271,3/20/2024 2:23,Ayam,41000,3.361556064,34,4,Mantap gan!,FALSE,Tidak Ada,Selesai
ORD-2024-005272,2/2/2024 11:00,Ayam,79500,3.738424987,42,3,Standar lah,FALSE,Rendah,Selesai
ORD-2024-005273,1/1/2024 14:47,Ayam,68000,2.973364418,23,,,FALSE,Rendah,Selesai
ORD-2024-005274,3/12/2024 21:02,Martabak,36000,1.255332903,10,,,FALSE,Tidak Ada,Selesai
ORD-2024-005275,2/9/2024 17:10,Kopi,20000,,14,4,Driver ramah,FALSE,Tidak Ada,Selesai
ORD-2024-005276,2/21/2024 20:03,Ayam,59000,1.468942937,19,4,Cepat sampai,TRUE,Tidak Ada,Selesai
ORD-2024-005277,1/7/2024 12:17,Ayam,85500,3.618142166,43,3,OK,FALSE,Tidak Ada,Selesai
ORD-2024-005278,2/28/2024 9:40,Ayam,52000,2.62818408,17,,,FALSE,Tidak Ada,Selesai
ORD-2024-005279,1/19/2024 14:34,Mie,30000,0.5,5,5,Mantap gan!,FALSE,Rendah,Selesai
ORD-2024-005280,1/10/2024 17:42,Ayam,27000,3.090844798,41,,,TRUE,Tidak Ada,Refund
ORD-2024-005281,1/10/2024 13:06,Mie,20000,3.486942258,21,,,FALSE,Tidak Ada,Selesai
ORD-2024-005282,2/18/2024 13:10,Kopi,11500,1.389451961,31,,,TRUE,Tidak Ada,Selesai
ORD-2024-005283,1/31/2024 21:10,Ayam,73000,6.257242893,41,4,Driver ramah,TRUE,Tidak Ada,Selesai
ORD-2024-005284,1/23/2024 12:43,Mie,1841500,5.55480273,31,,,FALSE,Tidak Ada,Selesai
ORD-2024-005285,3/27/2024 17:46,Kopi,5500,0.577721281,23,5,Cepat sampai,TRUE,Tidak Ada,Selesai
ORD-2024-005286,1/29/2024 17:15,Martabak,15500,7.038554967,30,4,Top bgt kualitasnya,FALSE,Tidak Ada,Selesai
ORD-2024-005287,26/03/2024 20:44,Mie,25500,1.744132548,15,5,Cepat sampai,FALSE,Tidak Ada,Selesai
ORD-2024-005288,2/18/2024 20:47,Ayam,57500,3.859343306,21,4,Enak bgttt,TRUE,Tinggi,Dibatalkan
ORD-2024-005289,2/9/2024 20:30,Ayam,6718500,5.047590852,28,5,Wow enak bgt,FALSE,Tidak Ada,Selesai
ORD-2024-005290,1/3/2024 17:16,Martabak,20000,2.110273966,25,5,Sesuai pesanan,FALSE,Tidak Ada,Selesai
ORD-2024-005291,1/7/2024 0:29,Ayam,37500,1.527989925,19,5,Makanan hangat sampai,TRUE,Rendah,Selesai
ORD-2024-005292,2/4/2024 17:50,Ayam,69500,7.411285172,24,,,FALSE,Tidak Ada,Selesai
ORD-2024-005293,3/18/2024 12:13,Ayam,52000,0.787421668,10,4,Buruan order!11,FALSE,Rendah,Selesai
ORD-2024-005294,2/17/2024 11:56,Ayam,52000,0.891056888,12,5,Akan order lg nih,FALSE,Tidak Ada,Refund
ORD-2024-005295,11/1/2024 19:23,Martabak,21000,1.346466161,22,4,Makasih ya,FALSE,Tidak Ada,Selesai
ORD-2024-005296,2/23/2024 18:39,Ayam,35000,5.88691274,20,,,TRUE,Rendah,Selesai
ORD-2024-005297,2/19/2024 19:11,Kopi,13000,8.38024904,49,3,Biasa saja,FALSE,Tidak Ada,Selesai
ORD-2024-005298,11/1/2024 14:46,Martabak,0,0.745644531,5,4,Buruan order!11,FALSE,Tidak Ada,Selesai
ORD-2024-005299,3/29/2024 16:32,Kopi,16500,5.982438156,30,4,Top bgt kualitasnya,TRUE,Tidak Ada,Selesai
ORD-2024-005300,2/24/2024 13:25,Ayam,60000,0.896038811,26,,,TRUE,Rendah,Selesai
ORD-2024-005301,2/21/2024 12:59,Martabak,25500,10.58449362,38,5,Driver ramah,TRUE,Tidak Ada,Dibatalkan
ORD-2024-005302,1/29/2024 11:23,Ayam,46500,2.729494106,24,,,TRUE,Tinggi,Selesai
ORD-2024-005303,13/01/2024 14:47,Martabak,30000,0.5,12,,,TRUE,Rendah,Selesai
ORD-2024-005304,1/6/2024 12:13,Mie,20500,0.5,5,5,Rekomendasi deh,TRUE,Tidak Ada,Selesai
ORD-2024-005305,2/6/2024 2:19,Kopi,24000,,5,5,Makasih ya,TRUE,Tidak Ada,Selesai
ORD-2024-005306,2/18/2024 14:13,Kopi,10000,,7,2,Gak sesuai foto,TRUE,Tinggi,Refund
ORD-2024-005307,2/7/2024 3:04,Kopi,16500,,17,,,FALSE,Tidak Ada,Selesai
ORD-2024-005308,1/13/2024 5:40,Kopi,18000,0.75604097,11,,,FALSE,Tidak Ada,Selesai
ORD-2024-005309,1/24/2024 12:07,Mie,26500,10.43504079,45,1,Makanannya dingin,FALSE,Tinggi,Selesai
ORD-2024-005310,3/9/2024 6:56,Mie,24500,3.032727925,22,,,TRUE,Tinggi,Selesai
ORD-2024-005311,3/2/2024 13:24,Ayam,45000,3.538011402,32,5,Sesuai pesanan,FALSE,Tidak Ada,Selesai
ORD-2024-005312,13/03/2024 21:57,Martabak,24000,0.736997808,5,3,Biasa saja,FALSE,Rendah,Selesai
ORD-2024-005313,1/28/2024 21:49,Mie,20500,6.696556429,34,5,Enak bgttt,FALSE,Tidak Ada,Selesai
ORD-2024-005314,5/2/2024 20:43,Mie,34000,3.306185851,15,5,Enak bgttt,FALSE,Tidak Ada,Selesai
ORD-2024-005315,1/30/2024 18:44,Kopi,14500,5.994262145,23,4,Nggg enak 😋,FALSE,Tidak Ada,Selesai
ORD-2024-005316,2/14/2024 18:47,Kopi,25500,9.403679667,31,2,Lama org kerjanyaa,TRUE,Tinggi,Selesai
ORD-2024-005317,3/17/2024 12:30,Ayam,62500,0.5,5,5,Nggg enak 😋,TRUE,Tidak Ada,Selesai
ORD-2024-005318,12/2/2024 19:04,Mie,7500,0.5,9,5,Cepat sampai,FALSE,Tidak Ada,Selesai
ORD-2024-005319,1/7/2024 18:37,Ayam,66500,4.879871645,33,4,Mantap gan!,TRUE,Tidak Ada,Selesai
ORD-2024-005320,2/27/2024 12:17,Kopi,16500,6.032569984,37,,,FALSE,Tidak Ada,Selesai
ORD-2024-005321,1/25/2024 11:28,Ayam,28000,2.629490027,11,5,Sesuai pesanan,FALSE,Rendah,Selesai
ORD-2024-005322,2/21/2024 15:21,Ayam,73500,1.367121566,5,4,Makasih ya,FALSE,Tidak Ada,Dibatalkan
ORD-2024-005323,3/19/2024 23:33,Kopi,14500,3.172091211,21,5,Nggg enak 😋,FALSE,Tidak Ada,Selesai
ORD-2024-005324,3/14/2024 19:37,Mie,22500,1.094398171,12,4,Makanan hangat sampai,FALSE,Tidak Ada,Selesai
ORD-2024-005325,3/17/2024 12:59,Ayam,58000,0.816945027,23,4,Makasih ya,TRUE,Tidak Ada,Selesai
ORD-2024-005326,3/3/2024 13:34,Kopi,21500,,9,5,Rekomendasi deh,TRUE,Tidak Ada,Selesai
ORD-2024-005327,2/12/2024 11:33,Ayam,53500,0.73062746,5,4,Makasih ya,FALSE,Tidak Ada,Selesai
ORD-2024-005328,3/20/2024 17:57,Ayam,52000,1.983222828,25,4,Wow enak bgt,FALSE,Tidak Ada,Selesai
ORD-2024-005329,3/4/2024 13:26,Kopi,13500,9.412337234,28,5,Puas bgt,FALSE,Tidak Ada,Selesai
ORD-2024-005330,2/22/2024 11:10,Kopi,21500,5.493697789,18,5,Buruan order!11,TRUE,Tinggi,Selesai
ORD-2024-005331,2/16/2024 14:52,Ayam,53500,8.522906919,36,,,TRUE,Rendah,Selesai
ORD-2024-005332,2/23/2024 13:38,Ayam,0,4.924782918,27,5,Makasih ya,TRUE,Tidak Ada,Selesai
ORD-2024-005333,12/3/2024 17:36,Ayam,42500,1.314356673,23,5,Makasih ya,TRUE,Tidak Ada,Selesai
ORD-2024-005334,3/8/2024 22:37,Ayam,7382500,5.014661927,17,5,Makanan hangat sampai,FALSE,Rendah,Selesai
ORD-2024-005335,3/15/2024 12:44,Mie,16000,7.688568647,52,,,TRUE,Tidak Ada,Selesai
ORD-2024-005336,1/27/2024 17:31,Mie,33000,8.814416507,29,5,Makasih ya,FALSE,Rendah,Selesai
ORD-2024-005337,3/4/2024 12:07,Ayam,43500,3.448433504,21,3,OK,FALSE,Tidak Ada,Selesai
ORD-2024-005338,3/29/2024 11:51,Kopi,19500,,23,5,Makanan hangat sampai,TRUE,Rendah,Selesai
ORD-2024-005339,3/1/2024 21:21,Mie,27500,0.5,22,5,Puas bgt,FALSE,Tidak Ada,Dibatalkan
ORD-2024-005340,1/6/2024 11:15,Ayam,35500,0.5,5,5,Rekomendasi deh,FALSE,Tidak Ada,Selesai
ORD-2024-005341,3/17/2024 19:23,Mie,25500,10.10447046,74,5,Sesuai pesanan,TRUE,Tidak Ada,Selesai
ORD-2024-005342,5/3/2024 14:57,Mie,10500,1.860230117,16,5,Enak bgt,FALSE,Tidak Ada,Selesai
ORD-2024-005343,28/03/2024 21:35,Ayam,39000,5.792775275,36,4,Cepat sampai,TRUE,Tidak Ada,Selesai
ORD-2024-005344,1/20/2024 19:46,Ayam,25000,1.876713197,16,5,Mantap gan!,FALSE,Tidak Ada,Selesai
ORD-2024-005345,1/20/2024 13:49,Mie,40000,3.243651643,44,3,Biasa saja,FALSE,Rendah,Selesai
ORD-2024-005346,2/26/2024 2:53,Kopi,10000,0.5,22,5,Top bgt kualitasnya,FALSE,Tidak Ada,Dibatalkan
ORD-2024-005347,24/01/2024 11:40,Ayam,95000,0.862506037,35,5,Wow enak bgt,FALSE,Tidak Ada,Selesai
ORD-2024-005348,2/2/2024 13:57,Ayam,60000,1.719535765,23,5,Top bgt kualitasnya,FALSE,Tidak Ada,Selesai
ORD-2024-005349,1/14/2024 5:45,Kopi,14500,2.987877787,26,3,Gapapa,FALSE,Rendah,Selesai
ORD-2024-005350,1/5/2024 14:14,Martabak,36000,0.564492049,5,4,Rekomendasi deh,TRUE,Rendah,Selesai
ORD-2024-005351,2/15/2024 12:46,Martabak,25000,4.338788764,25,5,Rekomendasi deh,FALSE,Tidak Ada,Selesai
ORD-2024-005352,2/10/2024 13:24,Mie,16000,1.359579746,26,3,Yaudah minum teh,FALSE,Tidak Ada,Selesai
ORD-2024-005353,3/18/2024 14:38,Ayam,53000,5.101951439,33,4,Rekomendasi deh,FALSE,Tidak Ada,Selesai
ORD-2024-005354,2/13/2024 19:02,Kopi,19500,0.5,15,3,Standar lah,TRUE,Rendah,Selesai
ORD-2024-005355,3/30/2024 11:56,Kopi,22000,3.416021727,17,5,Wow enak bgt,FALSE,Tidak Ada,Selesai
ORD-2024-005356,2/29/2024 13:58,Kopi,18500,1.041567373,27,5,Sesuai pesanan,FALSE,Tidak Ada,Selesai
ORD-2024-005357,3/19/2024 18:44,Ayam,1000,,40,5,Akan order lg nih,FALSE,Tidak Ada,Selesai
ORD-2024-005358,22/03/2024 06:21,Mie,22500,1.543348682,23,4,Mantap gan!,FALSE,Tidak Ada,Selesai
ORD-2024-005359,12/1/2024 21:04,Mie,33000,3.284006912,27,4,Makasih ya,TRUE,Tidak Ada,Selesai
ORD-2024-005360,1/28/2024 15:12,Kopi,18500,8.168209647,35,,,TRUE,Rendah,Selesai
ORD-2024-005361,1/4/2024 18:07,Martabak,21500,0.5,25,5,Makanan hangat sampai,TRUE,Tidak Ada,Selesai
ORD-2024-005362,2/7/2024 22:58,Ayam,92500,0.5,19,5,Makanan hangat sampai,TRUE,Tidak Ada,Selesai
ORD-2024-005363,24/03/2024 12:47,Kopi,10500,,19,1,"Narik duit banyak😡",FALSE,Tinggi,Dibatalkan
ORD-2024-005364,13/01/2024 16:56,Martabak,37000,3.118707893,22,3,Yaudah minum teh,FALSE,Tidak Ada,Dibatalkan
ORD-2024-005365,30/01/2024 01:26,Kopi,18500,1.040087789,18,4,Enak bgttt,TRUE,Tidak Ada,Selesai
ORD-2024-005366,24/01/2024 13:20,Mie,18000,2.046008744,13,5,Mantap gan!!,FALSE,Tidak Ada,Selesai
ORD-2024-005367,1/13/2024 3:41,Martabak,29000,0.5,19,,,TRUE,Tidak Ada,Selesai
ORD-2024-005368,4/2/2024 13:09,Kopi,16000,0.641234593,21,,,TRUE,Rendah,Selesai
ORD-2024-005369,4/1/2024 13:15,Martabak,40000,1.657529253,14,,,TRUE,Tidak Ada,Selesai
ORD-2024-005370,2/17/2024 13:28,Ayam,39500,5.388105282,18,3,Lumayan,FALSE,Rendah,Selesai
ORD-2024-005371,12/1/2024 14:42,Kopi,15500,1.959859918,25,5,Akan order lg nih,TRUE,Rendah,Selesai
ORD-2024-005372,2/23/2024 0:39,Ayam,12500,2.648295911,34,3,Lumayan,TRUE,Rendah,Selesai
ORD-2024-005373,1/14/2024 13:12,Kopi,24000,6.208563741,37,4,Rekomendasi deh,FALSE,Tidak Ada,Selesai
ORD-2024-005374,1/9/2024 14:02,Martabak,22000,1.108060276,22,,,TRUE,Tidak Ada,Selesai
ORD-2024-005375,3/22/2024 13:05,Kopi,18000,3.618919788,14,4,Enak bgt!!,FALSE,Rendah,Selesai
ORD-2024-005376,1/8/2024 18:24,Martabak,29000,5.934279981,33,4,Puas bgt,TRUE,Tidak Ada,Selesai
ORD-2024-005377,1/10/2024 12:20,Kopi,16000,0.679255602,13,5,Top bgt kualitasnya,FALSE,Rendah,Selesai
ORD-2024-005378,4/2/2024 12:02,Ayam,65000,1.322397963,8,4,Mantap gan!!!,FALSE,Tidak Ada,Selesai
ORD-2024-005379,1/31/2024 20:27,Mie,37500,11.70772938,58,4,Akan order lg nih,FALSE,Tidak Ada,Dibatalkan
ORD-2024-005380,2/24/2024 18:36,Ayam,1500,12.26244615,60,,,FALSE,Tidak Ada,Selesai
ORD-2024-005381,9/3/2024 21:16,Ayam,55500,0.757832679,12,4,Top bgt kualitasnya,FALSE,Tidak Ada,Selesai
ORD-2024-005382,3/21/2024 6:38,Kopi,18000,0.5,11,,,FALSE,Rendah,Selesai
ORD-2024-005383,3/20/2024 9:08,Ayam,61500,0.947922071,29,,,FALSE,Tidak Ada,Selesai
ORD-2024-005384,1/20/2024 14:27,Ayam,60000,1.521158037,12,5,Sesuai pesanan,FALSE,Tidak Ada,Refund
ORD-2024-005385,1/25/2024 12:12,Martabak,36500,,7,4,Makasih ya,FALSE,Tidak Ada,Selesai
ORD-2024-005386,3/7/2024 18:15,Kopi,12000,2.89334296,11,5,Puas bgt,FALSE,Tinggi,Selesai
ORD-2024-005387,2/17/2024 14:27,Kopi,21500,6.892875048,39,5,Makasih ya,TRUE,Tinggi,Dibatalkan
ORD-2024-005388,1/5/2024 19:51,Mie,27500,1.202991367,5,5,Cepat sampai,FALSE,Tidak Ada,Selesai
ORD-2024-005389,1/2/2024 5:24,Kopi,17000,,23,,,FALSE,Tidak Ada,Selesai
ORD-2024-005390,3/11/2024 11:28,Mie,30000,0.5,5,4,Mantap gan!,TRUE,Tidak Ada,Selesai
ORD-2024-005391,3/1/2024 19:10,Ayam,30000,0.5,13,4,Akan order lg nih,FALSE,Rendah,Selesai
ORD-2024-005392,22/03/2024 16:51,Kopi,10000,2.103811354,16,3,OK,TRUE,Rendah,Selesai
ORD-2024-005393,18/03/2024 14:53,Mie,25000,0.5,17,3,Lumayan,TRUE,Rendah,Selesai
ORD-2024-005394,2/1/2024 21:55,Kopi,500,1.495158947,23,,,FALSE,Tidak Ada,Selesai
ORD-2024-005395,1/27/2024 11:53,Martabak,25500,6.812623208,47,5,Wow enak bgt,TRUE,Tidak Ada,Selesai
ORD-2024-005396,2/12/2024 14:07,Kopi,17500,0.829170347,12,5,Wow enak bgt,FALSE,Tinggi,Dibatalkan
ORD-2024-005397,1/26/2024 13:17,Ayam,63000,3.672279353,19,,,TRUE,Tidak Ada,Dibatalkan
ORD-2024-005398,2/28/2024 13:18,Kopi,17000,,24,4,Buruan order!!!11,FALSE,Tinggi,Selesai
ORD-2024-005399,3/23/2024 20:33,Kopi,18000,0.5,5,,,FALSE,Tidak Ada,Selesai
ORD-2024-005400,3/16/2024 21:16,Mie,23500,2.440461873,28,4,Puas bgt,FALSE,Rendah,Selesai
ORD-2024-005401,30/03/2024 11:55,Ayam,60000,5.402766789,33,,,FALSE,Tidak Ada,Selesai
ORD-2024-005402,2/25/2024 17:54,Mie,36500,1.580196638,22,5,Buruan order!!11,TRUE,Rendah,Dibatalkan
ORD-2024-005403,1/11/2024 12:51,Mie,31000,2.881463265,26,5,Enak bgt!!!,FALSE,Rendah,Selesai
ORD-2024-005404,2/27/2024 14:30,Ayam,65000,6.908463292,38,5,Sesuai pesanan,FALSE,Tidak Ada,Selesai
ORD-2024-005405,2/25/2024 0:41,Ayam,56500,4.677582312,25,4,Driver ramah,FALSE,Tidak Ada,Selesai
ORD-2024-005406,3/5/2024 17:43,Mie,15500,0.646554593,5,5,Makanan hangat sampai,FALSE,Tinggi,Refund
ORD-2024-005407,3/25/2024 12:13,Mie,18500,3.965837117,20,,,FALSE,Tidak Ada,Selesai
ORD-2024-005408,2/17/2024 20:36,Kopi,18500,2.090821248,37,,,FALSE,Tidak Ada,Selesai
ORD-2024-005409,2/5/2024 11:41,Ayam,8302000,4.110871029,33,5,Nggg enak 😋,FALSE,Rendah,Selesai
ORD-2024-005410,2/22/2024 18:50,Kopi,13500,2.046714011,30,1,Paket berantakan,FALSE,Tinggi,Dibatalkan
ORD-2024-005411,2/9/2024 13:57,Martabak,30000,0.5,10,5,Nggg enak 😋,TRUE,Rendah,Selesai
ORD-2024-005412,25/02/2024 12:57,Ayam,7977500,2.53127851,22,5,Puas bgt,FALSE,Tidak Ada,Selesai
ORD-2024-005413,1/16/2024 11:54,Martabak,42500,2.032612892,24,4,Nggg enak 😋,TRUE,Tidak Ada,Selesai
ORD-2024-005414,3/28/2024 17:20,Ayam,63500,2.188946399,31,5,Rekomendasi deh,FALSE,Tidak Ada,Selesai
ORD-2024-005415,3/3/2024 18:48,Ayam,72500,6.33347667,33,,,TRUE,Tidak Ada,Selesai
ORD-2024-005416,2/8/2024 17:40,Kopi,17000,,41,4,Enak bgt!!!,FALSE,Tidak Ada,Refund
ORD-2024-005417,2/1/2024 19:36,Kopi,13000,,25,,,FALSE,Tidak Ada,Selesai
ORD-2024-005418,2/22/2024 1:42,Ayam,50500,1.824940747,23,,,TRUE,Tidak Ada,Selesai
ORD-2024-005419,3/6/2024 17:46,Kopi,13000,2.171975834,18,,,FALSE,Tinggi,Selesai
ORD-2024-005420,1/11/2024 4:28,Ayam,77500,2.199341612,27,4,Puas bgt,FALSE,Tidak Ada,Selesai
ORD-2024-005421,3/17/2024 12:00,Ayam,64500,9.010515867,31,4,Puas bgt,FALSE,Tidak Ada,Selesai
ORD-2024-005422,5/3/2024 4:58,Ayam,60000,3.144331919,10,5,Wow enak bgt,FALSE,Tidak Ada,Selesai
ORD-2024-005423,3/3/2024 21:24,Mie,34500,0.974935014,20,,,TRUE,Tidak Ada,Selesai
ORD-2024-005424,28/01/2024 20:09,Kopi,0,,25,5,Sesuai pesanan,FALSE,Tinggi,Refund
ORD-2024-005425,2/24/2024 13:43,Kopi,8000,2.960329371,20,4,Cepat sampai,TRUE,Tidak Ada,Selesai
ORD-2024-005426,3/17/2024 14:47,Kopi,26000,3.063052021,19,5,Makanan hangat sampai,FALSE,Tidak Ada,Refund
ORD-2024-005427,1/30/2024 11:43,Mie,25000,2.640268619,17,,,FALSE,Tidak Ada,Selesai
ORD-2024-005428,2/17/2024 20:05,Ayam,48000,0.587081867,5,5,Makasih ya,TRUE,Rendah,Selesai
ORD-2024-005429,7/1/2024 18:53,Martabak,35500,0.5,13,5,Rekomendasi deh,FALSE,Tidak Ada,Selesai
ORD-2024-005430,8/2/2024 13:29,Martabak,34000,1.23675801,5,4,Rekomendasi deh,TRUE,Tidak Ada,Selesai
ORD-2024-005431,23/01/2024 04:24,Martabak,40500,,24,4,Sesuai pesanan,TRUE,Tidak Ada,Selesai
ORD-2024-005432,26/02/2024 17:32,Ayam,48500,0.5,17,,,FALSE,Tidak Ada,Selesai
ORD-2024-005433,3/11/2024 19:31,Martabak,35500,5.061668755,43,2,Gak sesuai foto,TRUE,Tinggi,Dibatalkan
ORD-2024-005434,3/4/2024 11:39,Ayam,63500,1.265137626,18,4,Wow enak bgt,FALSE,Tidak Ada,Selesai
ORD-2024-005435,3/24/2024 13:53,Kopi,15000,7.347440045,38,5,Nggg enak 😋,TRUE,Tidak Ada,Selesai
ORD-2024-005436,1/18/2024 18:28,Martabak,29000,0.503162394,15,5,Buruan order!11,FALSE,Tidak Ada,Selesai
ORD-2024-005437,2/2/2024 0:48,Ayam,51500,0.5,6,5,Enak bgttt,FALSE,Tidak Ada,Selesai
ORD-2024-005438,2/19/2024 21:30,Mie,17500,1.975171389,7,5,Enak bgt!!!!!!,TRUE,Tidak Ada,Selesai
ORD-2024-005439,1/20/2024 14:26,Ayam,45000,0.628940147,5,,,TRUE,Rendah,Selesai
ORD-2024-005440,2/9/2024 19:12,Mie,36500,8.312935286,38,4,Makasih ya,TRUE,Tidak Ada,Selesai
ORD-2024-005441,2/10/2024 6:41,Kopi,21000,0.5,5,4,Puas bgt,TRUE,Rendah,Selesai
ORD-2024-005442,3/20/2024 17:41,Ayam,42000,1.596248268,31,,,FALSE,Tinggi,Selesai
ORD-2024-005443,2/5/2024 13:23,Ayam,51000,7.841539819,33,3,Lumayan,FALSE,Rendah,Selesai
ORD-2024-005444,3/5/2024 13:46,Mie,33000,1.455562359,21,5,Akan order lg nih,TRUE,Tidak Ada,Selesai
ORD-2024-005445,3/8/2024 10:41,Ayam,59000,0.5,16,3,Yaudah minum teh,FALSE,Rendah,Selesai
ORD-2024-005446,1/2/2024 12:58,Ayam,65000,1.082457456,28,4,Sesuai pesanan,FALSE,Tidak Ada,Selesai
ORD-2024-005447,1/17/2024 13:02,Ayam,60500,2.067527593,26,4,Sesuai pesanan,FALSE,Tidak Ada,Selesai
ORD-2024-005448,3/26/2024 1:16,Martabak,31500,0.614259908,10,5,Wow enak bgt,TRUE,Tidak Ada,Selesai
ORD-2024-005449,3/14/2024 2:03,Kopi,16000,1.885235628,29,5,Nggg enak 😋,FALSE,Tidak Ada,Selesai
ORD-2024-005450,2/9/2024 19:52,Ayam,31500,5.429951103,20,5,Enak bgt,FALSE,Tidak Ada,Selesai
ORD-2024-005451,3/17/2024 19:32,Ayam,63000,6.181693797,25,5,Top bgt kualitasnya,FALSE,Rendah,Selesai
ORD-2024-005452,2/21/2024 2:05,Ayam,48000,0.5,13,3,Standar lah,TRUE,Rendah,Selesai
ORD-2024-005453,2/10/2024 20:50,Ayam,24000,0.526288176,15,5,Cepat sampai,FALSE,Tidak Ada,Selesai
ORD-2024-005454,2/24/2024 13:30,Kopi,14000,0.965951674,23,4,Puas bgt,FALSE,Tidak Ada,Selesai
ORD-2024-005455,1/12/2024 20:32,Martabak,36500,2.710611103,23,3,Yaudah minum teh,FALSE,Rendah,Selesai
ORD-2024-005456,2/5/2024 23:37,Ayam,6905500,,17,,,TRUE,Tidak Ada,Selesai
ORD-2024-005457,3/24/2024 12:35,Kopi,16000,5.574484715,42,3,Standar lah,FALSE,Rendah,Selesai
ORD-2024-005458,3/19/2024 13:45,Kopi,20000,3.783448731,27,,,FALSE,Tidak Ada,Selesai
ORD-2024-005459,2/13/2024 18:23,Mie,34000,0.5,20,3,Gapapa,TRUE,Tinggi,Selesai
ORD-2024-005460,3/20/2024 12:44,Mie,22500,2.938949866,15,5,Mantap gan!,FALSE,Tidak Ada,Selesai
ORD-2024-005461,1/1/2024 18:45,Mie,39500,,7,5,Mantap gan!,TRUE,Rendah,Selesai
ORD-2024-005462,2/6/2024 10:17,Ayam,56500,0.883256821,20,4,Sesuai pesanan,FALSE,Tidak Ada,Dibatalkan
ORD-2024-005463,1/31/2024 20:11,Ayam,1000,0.587572549,15,5,Top bgt kualitasnya,FALSE,Tidak Ada,Dibatalkan
ORD-2024-005464,2/2/2024 11:13,Ayam,55000,0.570076485,16,5,Wow enak bgt,TRUE,Tidak Ada,Selesai
ORD-2024-005465,2/19/2024 19:31,Ayam,48000,2.874429809,16,5,Driver ramah,TRUE,Tidak Ada,Selesai
ORD-2024-005466,2/1/2024 11:16,Kopi,20000,2.487621915,17,5,Puas bgt,TRUE,Tidak Ada,Selesai
ORD-2024-005467,5/3/2024 13:29,Martabak,23500,,17,4,Buruan order!11,TRUE,Tinggi,Dibatalkan
ORD-2024-005468,1/17/2024 13:38,Mie,19000,,59,3,Standar lah,TRUE,Tinggi,Refund
ORD-2024-005469,1/3/2024 23:55,Mie,18000,,8,4,Sesuai pesanan,FALSE,Tidak Ada,Selesai
ORD-2024-005470,29/01/2024 15:41,Kopi,21000,0.5,5,5,Buruan order!11,FALSE,Rendah,Selesai
ORD-2024-005471,11/1/2024 20:26,Martabak,23500,0.5,8,5,Rekomendasi deh,FALSE,Tidak Ada,Selesai
ORD-2024-005472,4/3/2024 17:13,Ayam,68500,2.630443667,18,4,Makanan hangat sampai,FALSE,Tidak Ada,Selesai
ORD-2024-005473,2/16/2024 12:00,Ayam,54000,11.59962971,51,4,Sesuai pesanan,TRUE,Tidak Ada,Refund
ORD-2024-005474,2/17/2024 14:49,Martabak,38500,2.545553524,36,5,Wow enak bgt,TRUE,Tidak Ada,Selesai
ORD-2024-005475,1/11/2024 13:40,Ayam,33000,8.930229732,53,,,FALSE,Tidak Ada,Selesai
ORD-2024-005476,3/3/2024 19:21,Kopi,14000,1.76167786,21,3,Lumayan,FALSE,Tidak Ada,Selesai
ORD-2024-005477,3/20/2024 13:45,Ayam,59000,1.717258008,36,5,Cepat sampai,TRUE,Tidak Ada,Selesai
ORD-2024-005478,1/10/2024 17:24,Martabak,27000,2.079485698,18,4,Nggg enak 😋,TRUE,Tidak Ada,Selesai
ORD-2024-005479,3/7/2024 3:24,Martabak,11500,3.586282838,25,3,Gapapa,FALSE,Tidak Ada,Selesai
ORD-2024-005480,3/20/2024 12:54,Ayam,28500,1.374775264,20,5,Makanan hangat sampai,FALSE,Tidak Ada,Selesai
ORD-2024-005481,9/2/2024 21:05,Mie,18000,5.982788247,38,4,Wow enak bgt,FALSE,Tidak Ada,Selesai
ORD-2024-005482,6/1/2024 6:34,Ayam,34000,0.5,6,5,Top bgt kualitasnya,TRUE,Tidak Ada,Selesai
ORD-2024-005483,19/02/2024 12:45,Kopi,19500,,15,,,FALSE,Tidak Ada,Selesai
ORD-2024-005484,1/23/2024 12:06,Martabak,32500,2.146128369,12,5,Buruan order!!11,TRUE,Tidak Ada,Selesai
ORD-2024-005485,2/17/2024 18:48,Martabak,31000,2.802083105,26,5,Buruan order!11,FALSE,Tidak Ada,Selesai
ORD-2024-005486,3/16/2024 3:11,Mie,40000,0.969189654,13,,,TRUE,Tidak Ada,Selesai
ORD-2024-005487,20/01/2024 18:18,Ayam,71000,1.673122677,5,5,Wow enak bgt,FALSE,Rendah,Selesai
ORD-2024-005488,2/7/2024 2:12,Martabak,36000,,20,3,Standar lah,FALSE,Rendah,Selesai
ORD-2024-005489,23/03/2024 18:54,Martabak,19000,3.483793565,27,5,Cepat sampai,FALSE,Tidak Ada,Selesai
ORD-2024-005490,2/11/2024 12:03,Mie,26500,4.455616288,44,1,Bau gak tauu,FALSE,Rendah,Selesai
ORD-2024-005491,1/2/2024 21:05,Ayam,56500,4.016255809,35,4,Top bgt kualitasnya,FALSE,Tidak Ada,Selesai
ORD-2024-005492,1/7/2024 20:23,Martabak,27000,,27,5,Mantap gan!,TRUE,Rendah,Dibatalkan
ORD-2024-005493,3/25/2024 10:29,Kopi,24000,22.51963088,69,1,Gajadi orderan,FALSE,Tinggi,Selesai
ORD-2024-005494,2/25/2024 13:20,Ayam,52500,5.66478425,43,,,FALSE,Tidak Ada,Selesai
ORD-2024-005495,3/12/2024 5:38,Kopi,11500,0.903410036,11,,,FALSE,Rendah,Dibatalkan
ORD-2024-005496,2/22/2024 19:17,Ayam,35000,0.651133337,8,5,Wow enak bgt,TRUE,Tidak Ada,Selesai
ORD-2024-005497,23/02/2024 11:59,Kopi,26000,1.130725888,5,4,Makasih ya,TRUE,Tinggi,Selesai
ORD-2024-005498,1/14/2024 11:58,Mie,23000,1.806328452,31,4,Makasih ya,FALSE,Tidak Ada,Selesai
ORD-2024-005499,3/23/2024 21:05,Kopi,7500,5.707390273,30,4,Sesuai pesanan,FALSE,Tidak Ada,Selesai
ORD-2024-005500,3/30/2024 20:08,Martabak,25500,4.520133147,27,4,Buruan order!!!11,TRUE,Tidak Ada,Selesai
ORD-2024-005501,1/18/2024 3:25,Kopi,8500,5.716386523,30,,,TRUE,Tidak Ada,Selesai
ORD-2024-005502,3/5/2024 4:43,Ayam,67000,0.952185973,28,,,FALSE,Tidak Ada,Selesai
ORD-2024-005503,3/4/2024 20:10,Ayam,19000,2.700227882,20,5,Sesuai pesanan,TRUE,Tidak Ada,Selesai
ORD-2024-005504,3/20/2024 20:09,Kopi,10500,0.999080598,15,,,FALSE,Rendah,Selesai
ORD-2024-005505,3/21/2024 11:47,Ayam,51500,0.5,23,4,Rekomendasi deh,FALSE,Tidak Ada,Selesai
ORD-2024-005506,3/13/2024 13:31,Ayam,70000,3.457917095,22,5,Nggg enak 😋,TRUE,Tidak Ada,Selesai
ORD-2024-005507,3/11/2024 17:45,Kopi,16000,0.5,6,5,Akan order lg nih,FALSE,Tidak Ada,Selesai
ORD-2024-005508,1/4/2024 14:58,Ayam,30500,3.305131104,5,5,Sesuai pesanan,TRUE,Tidak Ada,Selesai
ORD-2024-005509,2/13/2024 18:16,Ayam,54500,3.132068106,36,4,Wow enak bgt,FALSE,Tidak Ada,Selesai
ORD-2024-005510,2/29/2024 4:39,Kopi,14500,4.986118994,27,,,FALSE,Tidak Ada,Selesai
ORD-2024-005511,12/2/2024 11:21,Ayam,70500,0.5,19,3,Yaudah minum teh,FALSE,Tidak Ada,Selesai
ORD-2024-005512,23/03/2024 12:58,Mie,500,4.590219129,24,5,Driver ramah,FALSE,Rendah,Selesai
ORD-2024-005513,2/21/2024 14:02,Mie,29000,21.69433762,97,,,FALSE,Tidak Ada,Selesai
ORD-2024-005514,1/23/2024 5:16,Martabak,38000,5.71228171,22,5,Buruan order!11,FALSE,Tidak Ada,Selesai
ORD-2024-005515,15/02/2024 15:16,Ayam,56000,4.180707189,24,3,Yaudah minum teh,FALSE,Tinggi,Dibatalkan
ORD-2024-005516,2/21/2024 19:21,Martabak,3357000,3.255596155,25,5,Buruan order!!11,FALSE,Tidak Ada,Selesai
ORD-2024-005517,3/1/2024 11:40,Mie,31500,1.643410283,29,5,Driver ramah,FALSE,Tidak Ada,Selesai
ORD-2024-005518,3/15/2024 20:25,Martabak,34000,3.933562535,32,4,Akan order lg nih,TRUE,Tidak Ada,Selesai
ORD-2024-005519,5/1/2024 14:21,Ayam,73500,3.863999029,20,5,Rekomendasi deh,FALSE,Tidak Ada,Selesai
ORD-2024-005520,2/25/2024 7:32,Martabak,30000,2.994929721,24,5,Cepat sampai,FALSE,Tidak Ada,Dibatalkan
ORD-2024-005521,3/6/2024 14:46,Mie,20500,,26,,,FALSE,Rendah,Selesai
ORD-2024-005522,2/24/2024 19:39,Kopi,17500,1.786776141,11,4,Makasih ya,FALSE,Tidak Ada,Selesai
ORD-2024-005523,1/27/2024 17:26,Martabak,27500,0.5,19,3,Lumayan,FALSE,Rendah,Selesai
ORD-2024-005524,18/01/2024 00:56,Kopi,19000,2.456591978,19,5,Cepat sampai,TRUE,Tidak Ada,Selesai
ORD-2024-005525,1/25/2024 17:59,Kopi,17000,0.923832013,5,,,FALSE,Tidak Ada,Selesai
ORD-2024-005526,3/16/2024 14:57,Ayam,58000,1.455634929,12,5,Makasih ya,FALSE,Tidak Ada,Selesai
ORD-2024-005527,3/14/2024 18:32,Martabak,21000,0.5,21,2,Gak sesuai foto,FALSE,Rendah,Selesai
ORD-2024-005528,16/01/2024 23:16,Ayam,60000,1.447640727,17,5,Enak bgttt,FALSE,Tidak Ada,Selesai
ORD-2024-005529,3/16/2024 10:46,Kopi,11000,4.963323191,28,4,Driver ramah,FALSE,Tidak Ada,Selesai
ORD-2024-005530,3/13/2024 11:37,Ayam,67500,2.347393681,38,5,Enak bgt!!,FALSE,Tidak Ada,Selesai
ORD-2024-005531,3/2/2024 21:46,Kopi,20500,0.5,23,5,Makasih ya,FALSE,Tidak Ada,Selesai
ORD-2024-005532,1/30/2024 12:35,Ayam,57500,1.903750911,18,5,Top bgt kualitasnya,FALSE,Tidak Ada,Selesai
ORD-2024-005533,1/12/2024 13:30,Martabak,32500,1.033610928,12,4,Enak bgttt,FALSE,Tidak Ada,Selesai
ORD-2024-005534,3/13/2024 12:08,Martabak,28500,1.947681744,12,,,TRUE,Tinggi,Selesai
ORD-2024-005535,3/4/2024 13:55,Ayam,41500,1.556032717,13,5,Enak bgttt,FALSE,Tidak Ada,Selesai
ORD-2024-005536,2/21/2024 16:47,Ayam,51000,8.063826077,21,5,Makanan hangat sampai,TRUE,Tidak Ada,Selesai
ORD-2024-005537,2/12/2024 18:37,Ayam,84500,0.5,5,4,Sesuai pesanan,FALSE,Tidak Ada,Selesai
ORD-2024-005538,25/03/2024 17:42,Mie,27500,3.452130458,31,3,Lumayan,FALSE,Tidak Ada,Selesai
ORD-2024-005539,21/01/2024 18:45,Kopi,11000,5.711962463,47,3,Biasa saja,TRUE,Tidak Ada,Selesai
ORD-2024-005540,1/15/2024 18:15,Kopi,9000,9.600058042,47,3,Gapapa,FALSE,Tinggi,Selesai
ORD-2024-005541,2/25/2024 16:21,Ayam,27500,0.586717305,6,5,Makanan hangat sampai,TRUE,Tidak Ada,Selesai
ORD-2024-005542,2/8/2024 13:31,Martabak,27000,,5,,,FALSE,Tidak Ada,Selesai
ORD-2024-005543,3/4/2024 21:25,Mie,35000,0.5,30,3,Lumayan,FALSE,Tinggi,Selesai
ORD-2024-005544,3/11/2024 13:46,Mie,19000,2.074546684,7,,,FALSE,Tidak Ada,Selesai
ORD-2024-005545,3/14/2024 18:05,Martabak,40500,,5,3,OK,FALSE,Tinggi,Selesai
ORD-2024-005546,1/26/2024 14:20,Ayam,54500,5.45856401,29,3,Gapapa,FALSE,Tidak Ada,Selesai
ORD-2024-005547,2/12/2024 18:59,Ayam,59500,0.5,13,4,Cepat sampai,TRUE,Rendah,Selesai
ORD-2024-005548,3/3/2024 14:17,Ayam,59000,2.160250341,20,3,Gapapa,FALSE,Tidak Ada,Selesai
ORD-2024-005549,1/9/2024 9:33,Ayam,61500,2.20876579,10,5,Enak bgt!!!!!!,FALSE,Rendah,Selesai
ORD-2024-005550,21/01/2024 19:48,Ayam,44500,10.68943744,54,3,OK,TRUE,Rendah,Selesai
ORD-2024-005551,3/24/2024 14:27,Ayam,1720500,3.192464713,18,5,Driver ramah,TRUE,Tidak Ada,Selesai
ORD-2024-005552,2/4/2024 19:50,Kopi,6500,1.018359256,11,5,Buruan order!11,TRUE,Rendah,Selesai
ORD-2024-005553,2/15/2024 13:19,Mie,33000,,12,,,TRUE,Tidak Ada,Selesai
ORD-2024-005554,21/02/2024 21:27,Martabak,24500,0.5,7,5,Buruan order!11,FALSE,Tidak Ada,Selesai
ORD-2024-005555,1/2/2024 1:36,Mie,28000,4.23809642,13,5,Sesuai pesanan,FALSE,Tidak Ada,Selesai
ORD-2024-005556,3/5/2024 1:53,Martabak,34000,,11,4,Enak bgt!!,FALSE,Tidak Ada,Selesai
ORD-2024-005557,1/25/2024 2:48,Ayam,37000,2.823880594,10,3,Standar lah,FALSE,Rendah,Selesai
ORD-2024-005558,3/1/2024 4:11,Martabak,29500,0.5,15,,,FALSE,Rendah,Selesai
ORD-2024-005559,1/17/2024 21:50,Ayam,49000,4.316919947,31,4,Sesuai pesanan,FALSE,Tidak Ada,Refund
ORD-2024-005560,3/25/2024 20:24,Martabak,26000,3.080724935,21,4,Buruan order!!11,FALSE,Tidak Ada,Selesai
ORD-2024-005561,3/13/2024 19:27,Ayam,90000,9.963462296,46,1,Driver gak ramah,TRUE,Rendah,Selesai
ORD-2024-005562,1/11/2024 16:02,Mie,20500,2.654391673,27,4,Enak bgt!!!!,FALSE,Tidak Ada,Selesai
ORD-2024-005563,1/27/2024 13:35,Ayam,68500,1.087009564,21,5,Nggg enak 😋,FALSE,Rendah,Selesai
ORD-2024-005564,2/12/2024 14:47,Ayam,45000,1.44147395,32,5,Akan order lg nih,FALSE,Tidak Ada,Selesai
ORD-2024-005565,3/8/2024 20:06,Mie,18500,0.580174347,9,5,Buruan order!11,FALSE,Tidak Ada,Selesai
ORD-2024-005566,2/3/2024 11:22,Ayam,53000,3.850284028,15,4,Driver ramah,FALSE,Tidak Ada,Selesai
ORD-2024-005567,2/20/2024 14:31,Martabak,35000,3.690146135,35,4,Wow enak bgt,FALSE,Tidak Ada,Selesai
ORD-2024-005568,2/21/2024 18:31,Martabak,37000,0.671869203,14,,,TRUE,Tidak Ada,Selesai
ORD-2024-005569,12/2/2024 12:59,Mie,37000,0.517669733,6,,,TRUE,Tidak Ada,Refund
ORD-2024-005570,2/8/2024 17:06,Mie,46500,0.5,18,2,Gak sesuai foto,TRUE,Tinggi,Dibatalkan
ORD-2024-005571,3/8/2024 11:26,Mie,28000,7.290428588,31,,,FALSE,Tidak Ada,Selesai
ORD-2024-005572,3/28/2024 13:47,Ayam,40500,0.796078589,21,4,Wow enak bgt,FALSE,Tidak Ada,Selesai
ORD-2024-005573,11/1/2024 11:20,Mie,29000,1.265531399,21,3,Biasa saja,FALSE,Rendah,Selesai
ORD-2024-005574,24/03/2024 06:35,Martabak,28000,0.987615056,11,4,Puas bgt,FALSE,Tidak Ada,Selesai
ORD-2024-005575,3/27/2024 19:55,Martabak,37000,1.601385254,5,5,Buruan order!11,TRUE,Tidak Ada,Selesai
ORD-2024-005576,1/12/2024 12:11,Ayam,30000,,17,5,Driver ramah,TRUE,Tidak Ada,Selesai
ORD-2024-005577,3/18/2024 20:41,Martabak,48000,6.134439465,49,,,TRUE,Tinggi,Dibatalkan
ORD-2024-005578,20/02/2024 11:53,Mie,32000,0.604875534,31,5,Buruan order!11,TRUE,Tidak Ada,Selesai
ORD-2024-005579,11/1/2024 18:44,Mie,14000,3.479029058,49,2,Gak sesuai foto,TRUE,Tinggi,Dibatalkan
ORD-2024-005580,3/18/2024 20:30,Kopi,13500,1.304197388,21,4,Wow enak bgt,TRUE,Tidak Ada,Selesai
ORD-2024-005581,1/20/2024 19:19,Ayam,65000,,44,3,Standar lah,FALSE,Tinggi,Dibatalkan
ORD-2024-005582,3/18/2024 10:13,Kopi,21500,1.06539623,24,5,Cepat sampai,FALSE,Tinggi,Selesai
ORD-2024-005583,2/5/2024 18:33,Mie,17000,0.5,11,2,Paket berantakan,TRUE,Tinggi,Selesai
ORD-2024-005584,2/1/2024 19:42,Martabak,35500,,13,4,Makasih ya,FALSE,Rendah,Selesai
ORD-2024-005585,2/26/2024 19:24,Kopi,8000,0.5,17,4,Buruan order!11,FALSE,Tidak Ada,Selesai
ORD-2024-005586,1/5/2024 19:20,Ayam,50000,0.5,32,,,FALSE,Tidak Ada,Dibatalkan
ORD-2024-005587,2/3/2024 18:40,Kopi,0,3.594660467,24,,,FALSE,Tidak Ada,Selesai
ORD-2024-005588,25/02/2024 20:06,Kopi,15500,3.953208716,26,5,Puas bgt,FALSE,Tidak Ada,Selesai
ORD-2024-005589,13/03/2024 12:46,Mie,22500,1.85244434,5,5,Akan order lg nih,FALSE,Tidak Ada,Selesai
ORD-2024-005590,4/2/2024 1:31,Martabak,30500,3.389245744,21,4,Top bgt kualitasnya,TRUE,Tinggi,Selesai
ORD-2024-005591,3/29/2024 11:22,Ayam,66500,2.318126426,27,5,Nggg enak 😋,TRUE,Tidak Ada,Selesai
ORD-2024-005592,2/29/2024 17:42,Kopi,19500,2.981144613,22,,,FALSE,Tidak Ada,Selesai
ORD-2024-005593,2/12/2024 20:29,Ayam,41000,2.724253287,22,1,Gak sesuai foto,FALSE,Tinggi,Dibatalkan
ORD-2024-005594,2/6/2024 19:15,Mie,21000,3.288251341,26,,,FALSE,Tidak Ada,Selesai
ORD-2024-005595,3/25/2024 14:08,Kopi,13000,0.668045906,5,5,Driver ramah,FALSE,Tidak Ada,Selesai
ORD-2024-005596,2/16/2024 21:21,Kopi,17000,0.938821678,5,3,Standar lah,TRUE,Tinggi,Dibatalkan
ORD-2024-005597,1/29/2024 14:19,Kopi,10000,1.739258079,17,5,Driver ramah,FALSE,Tidak Ada,Selesai
ORD-2024-005598,2/12/2024 11:29,Martabak,23500,1.772465049,16,5,Nggg enak 😋,TRUE,Tidak Ada,Selesai
ORD-2024-005599,10/2/2024 12:34,Martabak,26500,4.467131021,34,4,Top bgt kualitasnya,TRUE,Tidak Ada,Selesai
ORD-2024-005600,2/14/2024 21:50,Martabak,38000,1.373720834,40,4,Makanan hangat sampai,TRUE,Tidak Ada,Selesai
ORD-2024-005601,3/17/2024 14:23,Ayam,49500,0.532020515,26,4,Sesuai pesanan,FALSE,Tidak Ada,Selesai
ORD-2024-005602,24/03/2024 17:09,Ayam,68500,0.868915838,5,5,Top bgt kualitasnya,FALSE,Tidak Ada,Selesai
ORD-2024-005603,3/8/2024 8:40,Ayam,54500,0.725196394,32,5,Puas bgt,TRUE,Tidak Ada,Selesai
ORD-2024-005604,1/25/2024 18:13,Martabak,954000,3.946501553,33,5,Top bgt kualitasnya,TRUE,Rendah,Selesai
ORD-2024-005605,3/22/2024 11:19,Ayam,56000,1.90655778,16,5,Sesuai pesanan,TRUE,Tidak Ada,Selesai
ORD-2024-005606,2/2/2024 21:28,Kopi,11500,3.699491212,39,5,Driver ramah,TRUE,Tidak Ada,Dibatalkan
ORD-2024-005607,2/2/2024 15:42,Mie,40500,1.614691598,5,5,Rekomendasi deh,FALSE,Tidak Ada,Selesai
ORD-2024-005608,3/29/2024 13:07,Mie,22500,6.614622551,31,3,Biasa saja,TRUE,Rendah,Selesai
ORD-2024-005609,2/10/2024 17:33,Kopi,19500,12.31687928,58,4,Makanan hangat sampai,FALSE,Tidak Ada,Selesai
ORD-2024-005610,2/6/2024 20:02,Kopi,20000,3.324556476,25,5,Nggg enak 😋,FALSE,Tidak Ada,Selesai
ORD-2024-005611,1/25/2024 20:06,Ayam,49000,5.98116926,48,5,Makasih ya,TRUE,Tidak Ada,Selesai
ORD-2024-005612,2/14/2024 17:42,Martabak,34500,2.127422808,31,,,FALSE,Tidak Ada,Selesai
ORD-2024-005613,1/14/2024 17:24,Mie,27500,,48,,,TRUE,Tinggi,Dibatalkan
ORD-2024-005614,3/23/2024 11:31,Ayam,28000,5.343998787,29,3,Standar lah,TRUE,Tinggi,Dibatalkan
ORD-2024-005615,3/17/2024 13:20,Kopi,15000,14.403034,73,2,Kecewa bgt,TRUE,Tinggi,Dibatalkan
ORD-2024-005616,1/20/2024 13:37,Mie,21500,2.927276272,17,5,Sesuai pesanan,TRUE,Tidak Ada,Selesai
ORD-2024-005617,3/26/2024 21:27,Mie,23000,4.531585475,36,4,Akan order lg nih,FALSE,Tidak Ada,Selesai
ORD-2024-005618,2/1/2024 18:50,Ayam,29500,2.348350187,13,,,FALSE,Tidak Ada,Selesai
ORD-2024-005619,1/31/2024 19:45,Kopi,21500,0.899750253,18,,,FALSE,Tidak Ada,Selesai
ORD-2024-005620,1/6/2024 20:08,Ayam,78500,1.314376364,5,,,FALSE,Tidak Ada,Selesai
ORD-2024-005621,28/01/2024 11:13,Ayam,68000,6.733101806,46,,,FALSE,Tidak Ada,Selesai
ORD-2024-005622,1/14/2024 19:00,Mie,35000,0.5,10,,,TRUE,Tidak Ada,Selesai
ORD-2024-005623,1/7/2024 19:10,Mie,23500,2.685642382,9,,,FALSE,Tinggi,Selesai
ORD-2024-005624,19/03/2024 14:54,Martabak,25000,1.397958486,8,2,Buruk sx layanannya,FALSE,Tinggi,Selesai
ORD-2024-005625,2/10/2024 21:26,Ayam,38500,1.466666698,14,5,Akan order lg nih,TRUE,Tidak Ada,Selesai
ORD-2024-005626,1/9/2024 8:33,Mie,30500,6.477304335,22,5,Akan order lg nih,FALSE,Tidak Ada,Selesai
ORD-2024-005627,3/26/2024 11:58,Kopi,17500,5.768798352,40,5,Cepat sampai,FALSE,Tidak Ada,Selesai
ORD-2024-005628,1/30/2024 20:27,Ayam,50000,2.740202552,19,4,Driver ramah,FALSE,Tidak Ada,Selesai
ORD-2024-005629,20/01/2024 17:32,Kopi,22000,0.956151543,24,,,TRUE,Rendah,Selesai
ORD-2024-005630,2/13/2024 14:15,Ayam,58500,1.935679876,16,5,Top bgt kualitasnya,TRUE,Tidak Ada,Selesai
ORD-2024-005631,3/16/2024 22:49,Martabak,23500,1.574233094,20,,,TRUE,Tinggi,Selesai
ORD-2024-005632,5/3/2024 16:24,Kopi,13500,1.309093992,14,5,Makasih ya,FALSE,Tinggi,Selesai
ORD-2024-005633,14/01/2024 12:43,Ayam,63000,0.5,11,4,Nggg enak 😋,FALSE,Tidak Ada,Selesai
ORD-2024-005634,1/22/2024 12:20,Ayam,69000,2.349963373,10,4,Buruan order!11,FALSE,Tidak Ada,Selesai
ORD-2024-005635,2/18/2024 11:37,Ayam,60500,1.077883536,17,4,Buruan order!11,FALSE,Tidak Ada,Selesai
ORD-2024-005636,10/3/2024 18:53,Ayam,83500,3.243566376,31,5,Mantap gan!,FALSE,Tidak Ada,Dibatalkan
ORD-2024-005637,2/9/2024 19:28,Kopi,23500,1.153477449,10,4,Puas bgt,TRUE,Tidak Ada,Selesai
ORD-2024-005638,2/4/2024 19:44,Mie,29000,1.692486661,18,4,Wow enak bgt,FALSE,Tidak Ada,Selesai
ORD-2024-005639,3/28/2024 8:18,Ayam,37500,0.5,7,5,Driver ramah,FALSE,Tidak Ada,Selesai
ORD-2024-005640,3/7/2024 13:05,Ayam,29500,14.69382352,83,2,Paket berantakan,FALSE,Tinggi,Dibatalkan
ORD-2024-005641,2/27/2024 11:43,Kopi,15000,2.125454916,23,5,Puas bgt,TRUE,Tidak Ada,Selesai
ORD-2024-005642,1/27/2024 21:06,Mie,31500,0.5,15,4,Wow enak bgt,FALSE,Rendah,Selesai
ORD-2024-005643,2/26/2024 23:27,Ayam,82000,2.337623159,13,3,Standar lah,TRUE,Tidak Ada,Dibatalkan
ORD-2024-005644,13/01/2024 19:55,Ayam,58500,6.128842843,43,,,FALSE,Rendah,Selesai
ORD-2024-005645,3/2/2024 18:10,Kopi,21500,,28,4,Mantap gan!,FALSE,Tidak Ada,Selesai
ORD-2024-005646,2/3/2024 7:12,Ayam,47500,3.620998983,20,4,Makanan hangat sampai,FALSE,Rendah,Selesai
ORD-2024-005647,1/8/2024 3:11,Ayam,62000,0.5,11,4,Enak bgt!!,FALSE,Tidak Ada,Selesai
ORD-2024-005648,1/27/2024 0:12,Martabak,36000,3.216528187,11,5,Sesuai pesanan,FALSE,Rendah,Refund
ORD-2024-005649,2/20/2024 14:58,Martabak,15000,4.361130291,42,3,Standar lah,TRUE,Tidak Ada,Selesai
ORD-2024-005650,3/14/2024 14:42,Kopi,14500,2.548835053,30,5,Nggg enak 😋,FALSE,Rendah,Selesai
ORD-2024-005651,1/14/2024 7:49,Martabak,37000,6.697750318,30,5,Driver ramah,FALSE,Tidak Ada,Selesai
ORD-2024-005652,3/18/2024 20:26,Martabak,32000,0.972995772,15,,,FALSE,Tidak Ada,Selesai
ORD-2024-005653,1/9/2024 18:06,Ayam,31500,0.831788425,7,5,Driver ramah,FALSE,Tinggi,Dibatalkan
ORD-2024-005654,2/6/2024 21:25,Kopi,6000,6.110749917,20,,,FALSE,Rendah,Refund
ORD-2024-005655,2/8/2024 14:52,Ayam,45500,2.945675396,14,5,Driver ramah,FALSE,Rendah,Selesai
ORD-2024-005656,29/01/2024 21:10,Ayam,50500,0.5,25,3,Lumayan,FALSE,Rendah,Dibatalkan
ORD-2024-005657,3/24/2024 14:16,Martabak,23500,1.306836328,13,,,TRUE,Tinggi,Selesai
ORD-2024-005658,2/8/2024 11:25,Mie,27000,5.852743653,43,3,Gapapa,TRUE,Rendah,Selesai
ORD-2024-005659,3/28/2024 19:43,Mie,29500,0.5,14,4,Sesuai pesanan,FALSE,Rendah,Selesai
ORD-2024-005660,2/2/2024 18:02,Martabak,35000,0.5,5,5,Sesuai pesanan,TRUE,Tidak Ada,Dibatalkan
ORD-2024-005661,3/3/2024 18:19,Ayam,12000,0.990763839,9,5,Driver ramah,FALSE,Tidak Ada,Selesai
ORD-2024-005662,3/25/2024 22:38,Ayam,29500,,34,5,Driver ramah,TRUE,Tidak Ada,Selesai
ORD-2024-005663,1/16/2024 19:35,Mie,24000,6.952413472,21,5,Buruan order!!11,FALSE,Tidak Ada,Selesai
ORD-2024-005664,2/20/2024 4:37,Kopi,19000,2.194179648,10,4,Cepat sampai,FALSE,Tidak Ada,Selesai
ORD-2024-005665,2/1/2024 18:07,Martabak,33500,2.417180214,16,4,Nggg enak 😋,FALSE,Tidak Ada,Selesai
ORD-2024-005666,1/9/2024 20:46,Martabak,33500,1.210437296,24,5,Puas bgt,FALSE,Tidak Ada,Selesai
ORD-2024-005667,2/13/2024 12:50,Martabak,27000,0.838096898,18,,,TRUE,Tidak Ada,Selesai
ORD-2024-005668,1/15/2024 17:35,Mie,23500,5.065798156,32,3,Gapapa,FALSE,Rendah,Selesai
ORD-2024-005669,16/02/2024 16:00,Ayam,387000,0.5,15,4,Mantap gan!,FALSE,Rendah,Selesai
ORD-2024-005670,3/18/2024 13:34,Martabak,35500,2.004511362,29,4,Top bgt kualitasnya,FALSE,Tidak Ada,Selesai
ORD-2024-005671,2/8/2024 11:00,Mie,21000,3.018623831,23,5,Makanan hangat sampai,TRUE,Tidak Ada,Selesai
ORD-2024-005672,1/31/2024 10:54,Ayam,65000,,5,3,Standar lah,FALSE,Rendah,Selesai
ORD-2024-005673,2/13/2024 12:36,Martabak,23000,2.199452876,22,,,TRUE,Rendah,Selesai
ORD-2024-005674,2/14/2024 12:47,Ayam,41500,2.584848657,13,5,Buruan order!11,FALSE,Tidak Ada,Selesai
ORD-2024-005675,1/12/2024 12:12,Mie,16000,4.07016078,7,3,Yaudah minum teh,FALSE,Tinggi,Selesai
ORD-2024-005676,2/17/2024 21:45,Ayam,26500,,17,4,Mantap gan!,FALSE,Tidak Ada,Selesai
ORD-2024-005677,2/1/2024 10:51,Kopi,12500,1.04156385,17,5,Mantap gan!,FALSE,Tidak Ada,Selesai
ORD-2024-005678,2/28/2024 14:05,Ayam,51000,2.528571232,24,,,TRUE,Rendah,Selesai
ORD-2024-005679,1/4/2024 13:26,Martabak,22500,12.2460168,61,1,Lama bgt nunggunya,TRUE,Tinggi,Selesai
ORD-2024-005680,1/8/2024 9:04,Ayam,76500,,21,5,Makasih ya,FALSE,Tidak Ada,Dibatalkan
ORD-2024-005681,3/30/2024 19:05,Ayam,36000,12.78555584,49,3,Lumayan,FALSE,Rendah,Selesai
ORD-2024-005682,1/30/2024 20:35,Kopi,17500,3.758885562,22,,,FALSE,Tinggi,Selesai
ORD-2024-005683,1/31/2024 21:16,Mie,35000,5.247515267,19,4,Makasih ya,FALSE,Tidak Ada,Selesai
ORD-2024-005684,28/02/2024 12:29,Ayam,53000,0.5,18,5,Driver ramah,FALSE,Rendah,Selesai
ORD-2024-005685,2/25/2024 0:24,Ayam,45500,1.071826176,23,,,FALSE,Tidak Ada,Selesai
ORD-2024-005686,11/2/2024 20:53,Martabak,31000,0.5,9,4,Makasih ya,FALSE,Tidak Ada,Selesai
ORD-2024-005687,28/02/2024 21:53,Kopi,14000,,24,,,TRUE,Tidak Ada,Selesai
ORD-2024-005688,3/22/2024 7:02,Mie,19000,11.93603689,40,,,FALSE,Tidak Ada,Selesai
ORD-2024-005689,2/3/2024 20:47,Ayam,62000,0.5,20,5,Puas bgt,FALSE,Tidak Ada,Selesai
ORD-2024-005690,27/02/2024 14:57,Martabak,25500,2.479163497,5,5,Top bgt kualitasnya,FALSE,Tidak Ada,Selesai
ORD-2024-005691,2/13/2024 11:19,Ayam,67000,0.5,28,4,Nggg enak 😋,FALSE,Tidak Ada,Selesai
ORD-2024-005692,9/3/2024 18:19,Ayam,5056500,3.741505509,15,5,Enak bgttt,FALSE,Tidak Ada,Selesai
ORD-2024-005693,2/26/2024 6:53,Martabak,28000,0.658921678,13,,,TRUE,Tidak Ada,Selesai
ORD-2024-005694,2/14/2024 19:54,Kopi,19000,0.5,27,4,Driver ramah,FALSE,Tidak Ada,Selesai
ORD-2024-005695,7/1/2024 21:57,Martabak,35500,1.233021465,5,5,Enak bgt!!,FALSE,Rendah,Selesai
ORD-2024-005696,2/8/2024 13:53,Ayam,62500,4.422680205,45,4,Enak bgttt,TRUE,Rendah,Selesai
ORD-2024-005697,1/7/2024 21:30,Kopi,18000,0.5,34,5,Nggg enak 😋,TRUE,Rendah,Selesai
ORD-2024-005698,2/27/2024 19:26,Kopi,15500,,21,5,Cepat sampai,FALSE,Tidak Ada,Selesai
ORD-2024-005699,3/6/2024 20:09,Mie,30000,0.5,14,,,FALSE,Tidak Ada,Selesai
ORD-2024-005700,3/14/2024 13:17,Ayam,35500,10.36520582,48,5,Nggg enak 😋,TRUE,Tidak Ada,Selesai
ORD-2024-005701,27/01/2024 21:32,Ayam,37500,,27,3,OK,FALSE,Rendah,Selesai
ORD-2024-005702,2/18/2024 19:47,Kopi,17000,3.817821896,33,,,FALSE,Rendah,Selesai
ORD-2024-005703,2/25/2024 21:46,Kopi,17000,3.161345615,5,4,Driver ramah,TRUE,Rendah,Selesai
ORD-2024-005704,3/24/2024 13:04,Ayam,21000,0.5,11,3,Gapapa,FALSE,Tidak Ada,Selesai
ORD-2024-005705,2/22/2024 15:02,Mie,29000,2.711159772,13,4,Makanan hangat sampai,FALSE,Tinggi,Dibatalkan
ORD-2024-005706,2/26/2024 14:28,Ayam,64500,0.5,7,5,Wow enak bgt,TRUE,Tidak Ada,Selesai
ORD-2024-005707,6/1/2024 6:36,Mie,25500,1.53866552,9,2,Gajadi orderan,TRUE,Tinggi,Selesai
ORD-2024-005708,2/22/2024 12:31,Ayam,91500,2.524684983,9,1,Lama org kerjanyaa,TRUE,Tinggi,Dibatalkan
ORD-2024-005709,2/26/2024 11:03,Martabak,25000,2.455322572,36,5,Wow enak bgt,TRUE,Tidak Ada,Selesai
ORD-2024-005710,2/15/2024 14:11,Mie,23500,0.5,8,4,Buruan order!11,FALSE,Tidak Ada,Selesai
ORD-2024-005711,1/5/2024 18:18,Ayam,45000,0.5,12,5,Driver ramah,FALSE,Rendah,Selesai
ORD-2024-005712,1/25/2024 7:03,Mie,25500,4.801944674,22,4,Top bgt kualitasnya,FALSE,Tidak Ada,Selesai
ORD-2024-005713,3/19/2024 18:16,Kopi,15000,3.883032408,21,4,Enak bgttt,FALSE,Rendah,Selesai
ORD-2024-005714,21/02/2024 00:53,Mie,16000,0.5,15,3,Yaudah minum teh,FALSE,Tidak Ada,Selesai
ORD-2024-005715,2/18/2024 19:45,Martabak,26000,0.5,11,,,TRUE,Rendah,Selesai
ORD-2024-005716,1/1/2024 19:41,Ayam,50000,6.693132151,42,3,Biasa saja,FALSE,Tinggi,Selesai
ORD-2024-005717,2/26/2024 20:20,Ayam,72000,4.39768722,43,3,Biasa saja,FALSE,Rendah,Selesai
ORD-2024-005718,2/9/2024 13:15,Ayam,88500,16.68708017,62,2,Ayamnya keras,FALSE,Tinggi,Selesai
ORD-2024-005719,1/7/2024 14:55,Ayam,74000,0.879038564,18,5,Nggg enak 😋,FALSE,Tidak Ada,Selesai
ORD-2024-005720,3/12/2024 14:49,Ayam,38500,2.007137822,22,3,Yaudah minum teh,FALSE,Tinggi,Selesai
ORD-2024-005721,1/15/2024 20:48,Ayam,40000,,5,5,Wow enak bgt,FALSE,Tidak Ada,Selesai
ORD-2024-005722,2/1/2024 13:22,Kopi,16000,2.924940286,29,4,Sesuai pesanan,FALSE,Tidak Ada,Selesai
ORD-2024-005723,3/8/2024 10:15,Martabak,43500,0.5,9,4,Puas bgt,TRUE,Tidak Ada,Selesai
ORD-2024-005724,2/8/2024 11:21,Ayam,48500,0.5,29,4,Nggg enak 😋,FALSE,Tidak Ada,Selesai
ORD-2024-005725,3/12/2024 13:35,Ayam,29500,0.5,23,4,Makasih ya,TRUE,Tidak Ada,Selesai
ORD-2024-005726,2/27/2024 17:43,Martabak,26000,3.548455256,25,4,Makanan hangat sampai,FALSE,Tidak Ada,Dibatalkan
ORD-2024-005727,16/03/2024 05:07,Ayam,64000,2.044086161,14,5,Buruan order!11,FALSE,Tinggi,Selesai
ORD-2024-005728,2/3/2024 11:39,Ayam,63000,2.884893887,39,5,Mantap gan!,TRUE,Tidak Ada,Selesai
ORD-2024-005729,12/3/2024 20:59,Ayam,48000,6.343367466,29,5,Top bgt kualitasnya,FALSE,Tidak Ada,Selesai
ORD-2024-005730,3/14/2024 17:51,Mie,31000,4.045013549,29,4,Driver ramah,TRUE,Rendah,Selesai
ORD-2024-005731,3/2/2024 14:12,Mie,10000,1.858145488,18,5,Puas bgt,TRUE,Rendah,Selesai
ORD-2024-005732,1/10/2024 12:51,Kopi,17000,12.47300124,68,3,Lumayan,FALSE,Rendah,Selesai
ORD-2024-005733,2/22/2024 11:30,Martabak,36500,1.827830751,31,5,Driver ramah,FALSE,Tidak Ada,Selesai
ORD-2024-005734,2/20/2024 11:27,Kopi,13000,,19,1,Gajadi orderan,TRUE,Tinggi,Refund
ORD-2024-005735,1/24/2024 21:00,Martabak,23500,14.74110318,60,,,FALSE,Tidak Ada,Selesai
ORD-2024-005736,2/11/2024 11:11,Martabak,16000,0.5,12,,,FALSE,Tidak Ada,Selesai
ORD-2024-005737,2/13/2024 4:01,Martabak,42000,2.394746919,7,5,Rekomendasi deh,TRUE,Tidak Ada,Selesai
ORD-2024-005738,3/24/2024 2:46,Ayam,39500,1.109260962,15,5,Enak bgt,FALSE,Tidak Ada,Dibatalkan
ORD-2024-005739,2/8/2024 19:04,Ayam,55500,2.100830515,12,,,FALSE,Tidak Ada,Selesai
ORD-2024-005740,4/3/2024 17:03,Kopi,19000,2.454179142,42,3,Gapapa,FALSE,Rendah,Refund
ORD-2024-005741,2/21/2024 20:20,Mie,36500,0.823689099,10,,,FALSE,Tidak Ada,Selesai
ORD-2024-005742,1/13/2024 20:43,Kopi,16000,2.441600172,31,5,Top bgt kualitasnya,TRUE,Tidak Ada,Selesai
ORD-2024-005743,2/2/2024 11:14,Mie,22000,4.232512632,42,5,Enak bgt,FALSE,Rendah,Selesai
ORD-2024-005744,1/8/2024 19:18,Mie,27000,0.929823279,23,,,FALSE,Rendah,Selesai
ORD-2024-005745,1/25/2024 13:32,Ayam,967000,1.450731442,12,5,Driver ramah,TRUE,Tidak Ada,Selesai
ORD-2024-005746,1/31/2024 6:25,Martabak,29500,0.936919104,8,2,"Narik duit banyak😡",FALSE,Tinggi,Selesai
ORD-2024-005747,1/2/2024 17:55,Martabak,26000,5.153738669,59,1,Ayamnya keras,TRUE,Tinggi,Selesai
ORD-2024-005748,3/17/2024 12:25,Mie,22500,3.872759014,45,,,TRUE,Tidak Ada,Selesai
ORD-2024-005749,3/25/2024 21:45,Mie,32500,6.148400413,37,,,TRUE,Tidak Ada,Selesai
ORD-2024-005750,2/28/2024 13:02,Martabak,36000,0.559169076,11,4,Puas bgt,FALSE,Tidak Ada,Selesai
ORD-2024-005751,2/25/2024 20:42,Ayam,48000,0.5,5,4,Cepat sampai,FALSE,Tidak Ada,Selesai
ORD-2024-005752,1/17/2024 21:08,Martabak,33500,0.5,8,4,Wow enak bgt,TRUE,Tidak Ada,Selesai
ORD-2024-005753,3/12/2024 13:08,Ayam,67500,0.526699271,21,5,Puas bgt,FALSE,Tidak Ada,Selesai
ORD-2024-005754,20/01/2024 14:53,Martabak,26000,2.284809122,42,,,TRUE,Tidak Ada,Selesai
ORD-2024-005755,3/14/2024 18:48,Mie,23500,10.61229594,49,3,OK,TRUE,Tidak Ada,Selesai
ORD-2024-005756,5/3/2024 11:21,Kopi,18500,1.325930232,28,5,Driver ramah,TRUE,Tidak Ada,Selesai
ORD-2024-005757,3/21/2024 10:51,Martabak,16500,9.5467834,46,4,Rekomendasi deh,FALSE,Tidak Ada,Selesai
ORD-2024-005758,1/28/2024 20:28,Kopi,18500,0.5,11,5,Buruan order!11,FALSE,Tidak Ada,Selesai
ORD-2024-005759,22/01/2024 14:21,Kopi,11500,7.846640166,50,3,Biasa saja,FALSE,Rendah,Selesai
ORD-2024-005760,8/2/2024 3:50,Ayam,67500,0.599572639,20,5,Puas bgt,TRUE,Tidak Ada,Selesai
ORD-2024-005761,2/8/2024 20:52,Martabak,46000,7.307491947,47,,,FALSE,Rendah,Selesai
ORD-2024-005762,1/21/2024 19:38,Mie,21000,0.5,10,4,Nggg enak 😋,FALSE,Tidak Ada,Selesai
ORD-2024-005763,3/10/2024 11:11,Mie,16500,8.882221903,51,4,Mantap gan!,FALSE,Tidak Ada,Selesai
ORD-2024-005764,3/1/2024 7:48,Ayam,48500,0.67242564,22,5,Akan order lg nih,TRUE,Tidak Ada,Selesai
ORD-2024-005765,2/29/2024 19:19,Mie,24000,1.081679126,25,,,FALSE,Tidak Ada,Selesai
ORD-2024-005766,1/26/2024 19:55,Martabak,35000,2.025581988,30,5,Top bgt kualitasnya,TRUE,Tidak Ada,Refund
ORD-2024-005767,2/29/2024 18:38,Ayam,55500,1.437597567,15,4,Makasih ya,FALSE,Tidak Ada,Selesai
ORD-2024-005768,1/3/2024 14:48,Ayam,46500,3.303598622,34,4,Enak bgttt,FALSE,Tidak Ada,Selesai
ORD-2024-005769,29/01/2024 21:41,Ayam,53000,11.04365867,64,1,Bau gak tauu,FALSE,Tinggi,Dibatalkan
ORD-2024-005770,3/19/2024 1:48,Mie,18000,2.79746226,15,3,Gapapa,TRUE,Rendah,Selesai
ORD-2024-005771,3/9/2024 19:08,Martabak,36000,3.834854494,13,2,Lama org kerjanyaa,TRUE,Tinggi,Selesai
ORD-2024-005772,2/23/2024 20:01,Martabak,42000,0.5,30,5,Makanan hangat sampai,FALSE,Tidak Ada,Selesai
ORD-2024-005773,2/6/2024 11:26,Ayam,31500,2.965071987,18,3,Lumayan,FALSE,Tidak Ada,Selesai
ORD-2024-005774,1/30/2024 18:18,Martabak,18000,1.814583622,11,5,Makasih ya,FALSE,Tidak Ada,Selesai
ORD-2024-005775,2/18/2024 22:53,Ayam,45000,6.508948529,31,5,Puas bgt,TRUE,Tidak Ada,Selesai
ORD-2024-005776,2/3/2024 17:14,Kopi,11500,1.47410397,15,4,Akan order lg nih,TRUE,Tidak Ada,Selesai
ORD-2024-005777,30/01/2024 11:45,Martabak,20500,3.41318981,6,,,FALSE,Tidak Ada,Selesai
ORD-2024-005778,3/21/2024 3:43,Ayam,28000,0.776909636,19,4,Sesuai pesanan,FALSE,Rendah,Selesai
ORD-2024-005779,1/31/2024 11:48,Mie,24500,0.900772573,24,5,Nggg enak 😋,FALSE,Rendah,Selesai
ORD-2024-005780,24/01/2024 17:16,Ayam,44500,1.4154034,7,5,Makanan hangat sampai,FALSE,Tinggi,Selesai
ORD-2024-005781,2/12/2024 17:56,Martabak,33000,1.087490737,16,4,Wow enak bgt,FALSE,Rendah,Selesai
ORD-2024-005782,3/7/2024 12:13,Kopi,14000,0.878601835,5,4,Wow enak bgt,FALSE,Tinggi,Selesai
ORD-2024-005783,2/4/2024 19:10,Kopi,11500,0.5,6,5,Sesuai pesanan,TRUE,Rendah,Selesai
ORD-2024-005784,3/22/2024 13:39,Ayam,51000,5.437350123,26,5,Top bgt kualitasnya,FALSE,Tidak Ada,Selesai
ORD-2024-005785,3/29/2024 20:51,Ayam,34000,0.5,19,,,FALSE,Tidak Ada,Selesai
ORD-2024-005786,2/15/2024 11:50,Mie,29500,6.550822063,55,5,Nggg enak 😋,FALSE,Tidak Ada,Selesai
ORD-2024-005787,1/21/2024 14:46,Ayam,23500,0.5,10,5,Makanan hangat sampai,TRUE,Tidak Ada,Selesai
ORD-2024-005788,2/11/2024 12:09,Mie,500,0.5,22,4,Buruan order!11,TRUE,Tidak Ada,Selesai
ORD-2024-005789,14/03/2024 11:27,Mie,19000,2.483498957,29,5,Driver ramah,FALSE,Rendah,Selesai
ORD-2024-005790,2/22/2024 13:19,Ayam,49000,2.094128188,5,4,Wow enak bgt,FALSE,Tinggi,Selesai
ORD-2024-005791,3/3/2024 13:20,Ayam,56000,2.027304633,6,5,Puas bgt,FALSE,Tidak Ada,Selesai
ORD-2024-005792,1/7/2024 9:11,Martabak,28000,2.563501504,34,5,Puas bgt,FALSE,Tidak Ada,Selesai
ORD-2024-005793,2/21/2024 21:09,Mie,24000,1.01505976,11,4,Driver ramah,FALSE,Tidak Ada,Selesai
ORD-2024-005794,8/1/2024 14:23,Mie,29000,3.262565508,28,4,Wow enak bgt,TRUE,Tidak Ada,Selesai
ORD-2024-005795,3/14/2024 12:19,Kopi,23000,2.093889595,23,4,Driver ramah,TRUE,Tidak Ada,Selesai
ORD-2024-005796,2/21/2024 19:20,Martabak,36000,1.222747646,5,3,Standar lah,FALSE,Tinggi,Selesai
ORD-2024-005797,3/26/2024 18:50,Ayam,76500,5.254744572,24,5,Top bgt kualitasnya,FALSE,Rendah,Selesai
ORD-2024-005798,3/6/2024 18:21,Mie,18500,3.902785071,33,5,Buruan order!11,FALSE,Tidak Ada,Selesai
ORD-2024-005799,6/3/2024 12:15,Mie,28000,1.500697498,8,4,Nggg enak 😋,FALSE,Tidak Ada,Selesai
ORD-2024-005800,30/01/2024 12:40,Ayam,54000,5.644090031,29,4,Akan order lg nih,FALSE,Tidak Ada,Selesai
ORD-2024-005801,1/27/2024 12:27,Ayam,57500,7.586885977,28,5,Enak bgt,TRUE,Tidak Ada,Selesai
ORD-2024-005802,1/23/2024 14:59,Ayam,74500,2.30921828,12,3,Gapapa,FALSE,Rendah,Selesai
ORD-2024-005803,3/13/2024 18:45,Ayam,48000,0.72603297,10,5,Top bgt kualitasnya,TRUE,Tinggi,Selesai
ORD-2024-005804,8/1/2024 13:02,Mie,23000,7.423401628,21,,,TRUE,Tidak Ada,Selesai
ORD-2024-005805,2/21/2024 12:52,Kopi,19000,0.63023638,26,,,FALSE,Tidak Ada,Selesai
ORD-2024-005806,1/4/2024 17:23,Ayam,21500,0.5,5,5,Buruan order!11,FALSE,Tinggi,Selesai
ORD-2024-005807,3/4/2024 13:40,Ayam,47500,1.19020155,15,5,Puas bgt,FALSE,Tidak Ada,Selesai
ORD-2024-005808,1/20/2024 13:21,Mie,25000,3.894480633,19,3,Gapapa,FALSE,Rendah,Selesai
ORD-2024-005809,1/11/2024 18:23,Martabak,23000,7.702547311,50,4,Driver ramah,TRUE,Tidak Ada,Selesai
ORD-2024-005810,12/1/2024 12:32,Kopi,21000,3.042418981,11,5,Buruan order!!11,FALSE,Tidak Ada,Selesai
ORD-2024-005811,3/3/2024 2:37,Ayam,33500,9.099588922,31,5,Puas bgt,TRUE,Tidak Ada,Selesai
ORD-2024-005812,2/14/2024 11:45,Mie,25000,0.5,5,4,Top bgt kualitasnya,TRUE,Tidak Ada,Selesai
ORD-2024-005813,29/03/2024 13:59,Mie,28000,0.5,5,,,TRUE,Tidak Ada,Selesai
ORD-2024-005814,3/19/2024 15:07,Ayam,74000,2.780477728,22,5,Rekomendasi deh,TRUE,Rendah,Selesai
ORD-2024-005815,2/10/2024 17:57,Ayam,51500,,49,3,Biasa saja,FALSE,Tidak Ada,Dibatalkan
ORD-2024-005816,1/30/2024 12:17,Ayam,67000,2.09581399,22,5,Makasih ya,TRUE,Tidak Ada,Selesai
ORD-2024-005817,25/02/2024 14:08,Ayam,63000,0.5,22,5,Rekomendasi deh,FALSE,Tidak Ada,Selesai
ORD-2024-005818,26/03/2024 17:42,Kopi,17000,0.750074882,16,,,FALSE,Tidak Ada,Selesai
ORD-2024-005819,2/25/2024 12:00,Mie,18500,0.842289814,11,3,Biasa saja,FALSE,Tinggi,Selesai
ORD-2024-005820,2/28/2024 17:20,Kopi,10500,1.236821788,19,4,Buruan order!11,FALSE,Rendah,Selesai
ORD-2024-005821,1/8/2024 14:32,Mie,26500,0.5,9,3,Biasa saja,FALSE,Rendah,Selesai
ORD-2024-005822,3/24/2024 20:29,Kopi,14000,7.058248669,48,3,Lumayan,FALSE,Tidak Ada,Selesai
ORD-2024-005823,25/01/2024 22:27,Martabak,37000,2.174309512,14,5,Enak bgt!!!!!!,FALSE,Tidak Ada,Selesai
ORD-2024-005824,3/5/2024 11:06,Martabak,35500,3.334461584,23,,,FALSE,Rendah,Selesai
ORD-2024-005825,6/2/2024 13:46,Ayam,48500,,20,5,Driver ramah,TRUE,Tidak Ada,Selesai
ORD-2024-005826,1/28/2024 20:53,Kopi,11500,0.5,36,4,Akan order lg nih,FALSE,Tidak Ada,Selesai
ORD-2024-005827,3/12/2024 12:02,Martabak,34000,2.649059484,12,,,FALSE,Tidak Ada,Selesai
ORD-2024-005828,2/20/2024 12:15,Ayam,34500,6.548971378,24,,,TRUE,Tidak Ada,Selesai
ORD-2024-005829,2/22/2024 15:45,Kopi,13500,2.255394011,15,4,Driver ramah,FALSE,Tidak Ada,Selesai
ORD-2024-005830,12/1/2024 19:59,Kopi,12500,6.306759419,28,5,Cepat sampai,FALSE,Rendah,Selesai
ORD-2024-005831,1/6/2024 20:02,Mie,25000,4.997886272,37,5,Puas bgt,FALSE,Tidak Ada,Selesai
ORD-2024-005832,2/12/2024 17:34,Kopi,21500,0.5,16,4,Makasih ya,TRUE,Tidak Ada,Selesai
ORD-2024-005833,2/3/2024 11:00,Mie,26000,0.676780178,5,3,Lumayan,FALSE,Tidak Ada,Selesai
ORD-2024-005834,3/3/2024 11:46,Kopi,14500,3.216296709,31,4,Driver ramah,FALSE,Tinggi,Refund
ORD-2024-005835,1/15/2024 9:28,Martabak,18500,1.758271778,30,5,Driver ramah,FALSE,Tidak Ada,Dibatalkan
ORD-2024-005836,2/28/2024 14:18,Kopi,19000,1.030429344,8,5,Akan order lg nih,FALSE,Tidak Ada,Selesai
ORD-2024-005837,29/01/2024 22:49,Mie,20500,1.627123573,17,4,Puas bgt,FALSE,Tidak Ada,Selesai
ORD-2024-005838,29/01/2024 14:38,Kopi,17000,1.767440859,5,,,TRUE,Rendah,Selesai
ORD-2024-005839,3/7/2024 18:40,Martabak,27500,7.242301897,35,2,😠😠😠,TRUE,Rendah,Selesai
ORD-2024-005840,3/23/2024 13:38,Martabak,36500,,17,4,Cepat sampai,FALSE,Tidak Ada,Selesai
ORD-2024-005841,2/29/2024 8:24,Kopi,16000,0.984390522,12,4,Driver ramah,FALSE,Tidak Ada,Dibatalkan
ORD-2024-005842,1/5/2024 12:33,Ayam,50500,2.313746627,21,5,Makanan hangat sampai,TRUE,Tidak Ada,Selesai
ORD-2024-005843,2/27/2024 21:21,Ayam,59500,3.594836404,17,2,"Narik duit banyak😡",FALSE,Tinggi,Selesai
ORD-2024-005844,1/13/2024 13:22,Ayam,87000,2.987928483,35,5,Makasih ya,FALSE,Tidak Ada,Selesai
ORD-2024-005845,3/26/2024 19:52,Mie,32000,,39,4,Wow enak bgt,FALSE,Tidak Ada,Refund
ORD-2024-005846,8/2/2024 11:32,Ayam,50000,4.763160255,17,5,Sesuai pesanan,TRUE,Rendah,Selesai
ORD-2024-005847,3/24/2024 21:59,Ayam,51500,2.443076946,20,5,Makanan hangat sampai,TRUE,Tidak Ada,Dibatalkan
ORD-2024-005848,1/5/2024 13:27,Martabak,26000,0.725002285,23,4,Puas bgt,FALSE,Tidak Ada,Selesai
ORD-2024-005849,1/28/2024 14:45,Ayam,35500,1.798283331,24,,,FALSE,Tidak Ada,Selesai
ORD-2024-005850,1/31/2024 12:06,Kopi,14000,3.546460207,20,4,Mantap gan!,FALSE,Tidak Ada,Selesai
ORD-2024-005851,12/3/2024 21:50,Ayam,38500,,49,2,Lama org kerjanyaa,FALSE,Tinggi,Dibatalkan
ORD-2024-005852,1/14/2024 21:30,Mie,30500,9.63690925,46,1,😠😠😠,FALSE,Tinggi,Selesai
ORD-2024-005853,14/01/2024 11:08,Mie,18500,2.790049245,6,4,Driver ramah,TRUE,Rendah,Selesai
ORD-2024-005854,7/2/2024 11:42,Mie,35500,2.245468303,26,3,Yaudah minum teh,TRUE,Tidak Ada,Selesai
ORD-2024-005855,2/7/2024 17:32,Kopi,19500,0.5,12,4,Enak bgt!!!,FALSE,Tidak Ada,Selesai
ORD-2024-005856,3/26/2024 21:53,Martabak,30000,0.5,13,1,Makanannya dingin,FALSE,Tinggi,Selesai
ORD-2024-005857,3/4/2024 20:15,Ayam,51500,0.509181591,22,4,Driver ramah,FALSE,Rendah,Selesai
ORD-2024-005858,1/18/2024 11:25,Ayam,7287500,0.5,11,5,Buruan order!11,FALSE,Rendah,Selesai
ORD-2024-005859,2/6/2024 12:49,Ayam,42000,1.536796173,15,,,TRUE,Rendah,Selesai
ORD-2024-005860,1/4/2024 19:14,Kopi,9500,1.232391347,5,4,Enak bgt!!!!!!,FALSE,Tidak Ada,Selesai
ORD-2024-005861,2/9/2024 18:01,Kopi,19000,,18,,,FALSE,Tidak Ada,Selesai
ORD-2024-005862,2/5/2024 14:20,Kopi,23500,2.301447711,23,5,Wow enak bgt,FALSE,Tidak Ada,Selesai
ORD-2024-005863,2/19/2024 14:44,Ayam,36000,2.718804078,16,4,Makasih ya,FALSE,Tinggi,Selesai
ORD-2024-005864,3/7/2024 20:10,Kopi,15500,1.91584746,5,4,Enak bgt!!,TRUE,Tidak Ada,Selesai
ORD-2024-005865,2/27/2024 20:25,Martabak,26000,0.976098439,22,5,Mantap gan!,TRUE,Tidak Ada,Selesai
ORD-2024-005866,17/01/2024 12:14,Kopi,13000,9.161693592,52,4,Nggg enak 😋,TRUE,Tidak Ada,Selesai
ORD-2024-005867,5/1/2024 20:28,Martabak,23500,0.5,21,5,Mantap gan!,FALSE,Tidak Ada,Selesai
ORD-2024-005868,1/14/2024 11:42,Ayam,2013000,8.385288346,33,,,TRUE,Tidak Ada,Refund
ORD-2024-005869,6/1/2024 3:59,Mie,23500,1.118578692,13,5,Mantap gan!,FALSE,Tidak Ada,Selesai
ORD-2024-005870,1/22/2024 16:56,Kopi,15500,,18,5,Akan order lg nih,FALSE,Tidak Ada,Selesai
ORD-2024-005871,1/9/2024 20:02,Ayam,40500,0.5,20,5,Rekomendasi deh,TRUE,Tidak Ada,Selesai
ORD-2024-005872,1/15/2024 6:37,Ayam,39000,0.5,16,5,Mantap gan!,FALSE,Tidak Ada,Selesai
ORD-2024-005873,3/11/2024 13:31,Martabak,28500,1.683965333,5,2,"Narik duit banyak😡",FALSE,Tinggi,Selesai
ORD-2024-005874,3/15/2024 18:26,Mie,27000,4.060870265,43,4,Wow enak bgt,FALSE,Tidak Ada,Dibatalkan
ORD-2024-005875,1/3/2024 19:53,Kopi,15000,,5,5,Mantap gan!,FALSE,Tidak Ada,Selesai
ORD-2024-005876,2/6/2024 12:00,Ayam,500,2.478992854,5,3,Gapapa,FALSE,Rendah,Selesai
ORD-2024-005877,2/3/2024 4:16,Mie,2337000,0.979893884,5,4,Top bgt kualitasnya,FALSE,Tidak Ada,Selesai
ORD-2024-005878,2/20/2024 11:15,Martabak,38500,1.476075696,24,5,Makasih ya,TRUE,Tidak Ada,Selesai
ORD-2024-005879,29/02/2024 13:02,Kopi,18500,7.10765962,51,5,Top bgt kualitasnya,TRUE,Tidak Ada,Selesai
ORD-2024-005880,1/15/2024 1:44,Kopi,19000,5.810486662,22,5,Mantap gan!,TRUE,Tidak Ada,Selesai
ORD-2024-005881,2/18/2024 17:58,Ayam,44000,2.177119859,5,4,Akan order lg nih,FALSE,Tidak Ada,Selesai
ORD-2024-005882,3/18/2024 21:36,Martabak,19000,0.815842055,23,4,Top bgt kualitasnya,TRUE,Tidak Ada,Selesai
ORD-2024-005883,1/11/2024 14:59,Kopi,16500,0.643978601,5,4,Cepat sampai,FALSE,Tinggi,Selesai
ORD-2024-005884,5/3/2024 17:53,Mie,26000,9.243044001,51,4,Buruan order!11,FALSE,Tidak Ada,Refund
ORD-2024-005885,19/03/2024 13:54,Kopi,857000,0.679635227,6,5,Rekomendasi deh,FALSE,Tidak Ada,Selesai
ORD-2024-005886,3/27/2024 19:46,Kopi,15000,4.953410732,26,5,Sesuai pesanan,FALSE,Tidak Ada,Selesai
ORD-2024-005887,11/3/2024 6:18,Kopi,16000,1.381206618,17,5,Puas bgt,TRUE,Tidak Ada,Selesai
ORD-2024-005888,1/29/2024 13:05,Mie,31000,12.73407544,61,1,Gajadi orderan,FALSE,Rendah,Refund
ORD-2024-005889,7/3/2024 11:19,Mie,23500,1.377337019,18,,,FALSE,Tinggi,Refund
ORD-2024-005890,2/13/2024 22:45,Kopi,16000,1.299356734,26,,,TRUE,Tidak Ada,Selesai
ORD-2024-005891,3/22/2024 11:19,Martabak,27500,3.043891427,39,5,Mantap gan!,TRUE,Tidak Ada,Dibatalkan
ORD-2024-005892,3/5/2024 17:36,Kopi,0,9.772601006,64,2,Buruk skli layanannya,TRUE,Tinggi,Selesai
ORD-2024-005893,1/7/2024 12:29,Kopi,12000,11.21542015,51,3,OK,FALSE,Tidak Ada,Selesai
ORD-2024-005894,3/5/2024 18:04,Ayam,44000,3.684859467,26,5,Makanan hangat sampai,TRUE,Tidak Ada,Selesai
ORD-2024-005895,2/3/2024 11:48,Kopi,19000,4.214675061,40,5,Rekomendasi deh,FALSE,Tidak Ada,Selesai
ORD-2024-005896,2/10/2024 18:29,Ayam,45500,2.486228456,15,4,Rekomendasi deh,FALSE,Tidak Ada,Selesai
ORD-2024-005897,3/1/2024 17:29,Mie,14500,4.229005122,23,4,Buruan order!11,TRUE,Tidak Ada,Selesai
ORD-2024-005898,1/29/2024 14:16,Ayam,43500,5.893620602,33,,,FALSE,Tidak Ada,Selesai
ORD-2024-005899,3/15/2024 21:28,Mie,18500,1.997152336,19,4,Cepat sampai,TRUE,Tidak Ada,Selesai
ORD-2024-005900,1/30/2024 11:45,Kopi,17500,2.901664877,20,5,Makanan hangat sampai,TRUE,Tidak Ada,Selesai
ORD-2024-005901,3/19/2024 12:52,Martabak,32500,2.312137398,11,4,Nggg enak 😋,TRUE,Tidak Ada,Selesai
ORD-2024-005902,2/8/2024 14:01,Kopi,632000,2.479834219,29,5,Rekomendasi deh,FALSE,Tidak Ada,Selesai
ORD-2024-005903,2/27/2024 17:44,Ayam,23500,6.623131657,32,5,Akan order lg nih,FALSE,Tidak Ada,Selesai
ORD-2024-005904,2/14/2024 20:15,Kopi,16000,1.318385237,18,4,Mantap gan!,TRUE,Tidak Ada,Selesai
ORD-2024-005905,1/5/2024 14:41,Ayam,85500,0.700278809,14,4,Rekomendasi deh,TRUE,Tidak Ada,Selesai
ORD-2024-005906,1/13/2024 12:25,Martabak,27500,1.82796322,25,5,Nggg enak 😋,FALSE,Tidak Ada,Selesai
ORD-2024-005907,6/2/2024 13:28,Kopi,13000,0.69990437,19,,,FALSE,Tidak Ada,Selesai
ORD-2024-005908,2/21/2024 19:56,Martabak,23500,2.069859415,17,,,TRUE,Tidak Ada,Selesai
ORD-2024-005909,3/22/2024 21:37,Ayam,44000,7.014888803,33,,,FALSE,Tinggi,Selesai
ORD-2024-005910,3/7/2024 11:57,Ayam,61500,2.882558514,21,3,Yaudah minum teh,FALSE,Rendah,Selesai
ORD-2024-005911,1/14/2024 11:58,Kopi,19500,5.802033589,22,5,Makasih ya,TRUE,Tidak Ada,Selesai
ORD-2024-005912,29/02/2024 11:28,Mie,46500,0.54525247,6,5,Sesuai pesanan,TRUE,Tidak Ada,Selesai
ORD-2024-005913,1/29/2024 10:36,Martabak,21000,6.934078201,35,4,Driver ramah,TRUE,Tidak Ada,Selesai
ORD-2024-005914,1/26/2024 1:28,Kopi,17000,2.762305962,21,5,Enak bgt!!!,FALSE,Tidak Ada,Selesai
ORD-2024-005915,1/10/2024 21:45,Kopi,1989000,0.5,5,,,TRUE,Tidak Ada,Selesai
ORD-2024-005916,1/7/2024 8:39,Ayam,40000,3.008152837,18,4,Sesuai pesanan,FALSE,Rendah,Selesai
ORD-2024-005917,1/12/2024 13:05,Mie,15000,9.072207365,30,,,FALSE,Tidak Ada,Selesai
ORD-2024-005918,3/16/2024 19:14,Martabak,34000,0.5,15,,,FALSE,Tidak Ada,Selesai
ORD-2024-005919,25/03/2024 21:46,Ayam,5730500,2.62009699,18,5,Cepat sampai,TRUE,Tidak Ada,Selesai
ORD-2024-005920,13/02/2024 18:14,Kopi,19500,7.412251669,59,1,Kurang sambelnya,FALSE,Tidak Ada,Selesai
ORD-2024-005921,3/2/2024 0:52,Ayam,16000,0.5,16,,,FALSE,Tinggi,Selesai
ORD-2024-005922,2/16/2024 11:56,Mie,9500,2.990168073,14,5,Sesuai pesanan,FALSE,Tidak Ada,Selesai
ORD-2024-005923,2/9/2024 21:37,Ayam,47500,1.932512769,10,5,Driver ramah,FALSE,Tidak Ada,Dibatalkan
ORD-2024-005924,2/21/2024 6:46,Martabak,34500,1.278485377,19,5,Nggg enak 😋,FALSE,Tidak Ada,Selesai
ORD-2024-005925,19/03/2024 20:15,Ayam,57500,2.962848617,31,4,Mantap gan!,FALSE,Tidak Ada,Dibatalkan
ORD-2024-005926,1/28/2024 9:48,Martabak,44500,0.5,26,5,Buruan order!11,FALSE,Tidak Ada,Selesai
ORD-2024-005927,1/20/2024 14:45,Martabak,31000,4.195866669,38,5,Akan order lg nih,TRUE,Rendah,Selesai
ORD-2024-005928,26/01/2024 17:52,Martabak,29000,,18,5,Rekomendasi deh,FALSE,Tidak Ada,Selesai
ORD-2024-005929,2/18/2024 21:15,Martabak,38500,1.099897687,30,4,Mantap gan!,FALSE,Tinggi,Refund
ORD-2024-005930,3/2/2024 12:35,Mie,23500,2.103287892,20,3,Standar lah,TRUE,Rendah,Selesai
ORD-2024-005931,2/3/2024 7:17,Ayam,58000,1.419733428,14,5,Mantap gan!,FALSE,Tidak Ada,Selesai
ORD-2024-005932,1/16/2024 15:58,Ayam,59000,1.102236873,5,5,Mantap gan!,FALSE,Tidak Ada,Selesai
ORD-2024-005933,1/5/2024 19:23,Ayam,35000,5.330644707,46,,,TRUE,Tinggi,Selesai
ORD-2024-005934,3/2/2024 10:29,Mie,28500,,36,4,Makanan hangat sampai,FALSE,Tidak Ada,Selesai
ORD-2024-005935,1/16/2024 19:01,Kopi,26000,6.207587068,33,4,Makanan hangat sampai,TRUE,Tidak Ada,Selesai
ORD-2024-005936,3/16/2024 18:59,Martabak,38500,2.217141847,12,4,Enak bgt!!!!!!,FALSE,Tidak Ada,Selesai
ORD-2024-005937,2/3/2024 20:13,Martabak,23500,6.466744181,47,2,"Narik duit banyak😡",TRUE,Tinggi,Dibatalkan
ORD-2024-005938,3/29/2024 17:06,Ayam,90500,7.609669862,49,2,Driver gak ramah,FALSE,Tinggi,Selesai
ORD-2024-005939,21/03/2024 19:31,Ayam,63000,1.579028166,9,4,Rekomendasi deh,TRUE,Tidak Ada,Selesai
ORD-2024-005940,1/30/2024 18:16,Ayam,58500,0.999904416,21,4,Makasih ya,TRUE,Tidak Ada,Selesai
ORD-2024-005941,30/03/2024 03:46,Kopi,1450500,,18,5,Driver ramah,TRUE,Tidak Ada,Selesai
ORD-2024-005942,2/20/2024 18:09,Ayam,50000,1.956545054,7,3,Gapapa,FALSE,Rendah,Selesai
ORD-2024-005943,3/18/2024 20:03,Ayam,79500,8.772854795,50,4,Puas bgt,TRUE,Tidak Ada,Selesai
ORD-2024-005944,1/23/2024 17:00,Mie,30000,2.469135738,25,2,Kecewa bgt,FALSE,Tinggi,Dibatalkan
ORD-2024-005945,15/01/2024 23:03,Mie,29000,3.303906626,25,4,Makasih ya,FALSE,Tinggi,Selesai
ORD-2024-005946,2/24/2024 11:54,Ayam,55500,0.5,33,5,Sesuai pesanan,FALSE,Rendah,Selesai
ORD-2024-005947,3/12/2024 13:49,Ayam,43500,0.5,42,4,Enak bgt!!,FALSE,Tidak Ada,Selesai
ORD-2024-005948,3/6/2024 11:54,Ayam,2000,1.873513378,31,,,TRUE,Rendah,Dibatalkan
ORD-2024-005949,3/27/2024 16:08,Martabak,500,,39,2,Makanannya dingin,TRUE,Tinggi,Selesai
ORD-2024-005950,3/8/2024 21:24,Mie,26000,1.342541572,23,,,TRUE,Tidak Ada,Selesai
ORD-2024-005951,1/7/2024 21:56,Ayam,39500,6.298541948,39,,,FALSE,Tidak Ada,Selesai
ORD-2024-005952,3/12/2024 15:08,Ayam,51000,0.5,30,5,Enak bgttt,FALSE,Rendah,Selesai
ORD-2024-005953,1/28/2024 13:42,Martabak,12500,2.879295653,24,4,Cepat sampai,TRUE,Tidak Ada,Selesai
ORD-2024-005954,3/4/2024 14:40,Martabak,33000,2.753473049,18,5,Buruan order!11,FALSE,Tidak Ada,Selesai
ORD-2024-005955,2/22/2024 11:20,Ayam,49500,,38,5,Driver ramah,TRUE,Tidak Ada,Dibatalkan
ORD-2024-005956,3/18/2024 11:49,Martabak,27500,0.5,34,5,Buruan order!11,TRUE,Tidak Ada,Selesai
ORD-2024-005957,1/18/2024 12:48,Ayam,55000,0.63191002,5,,,FALSE,Tidak Ada,Selesai
ORD-2024-005958,2/20/2024 3:30,Kopi,10500,0.744182878,7,5,Mantap gan!!!,TRUE,Rendah,Selesai
ORD-2024-005959,3/21/2024 18:53,Martabak,4444000,8.985162796,37,5,Mantap gan!,FALSE,Tidak Ada,Selesai
ORD-2024-005960,2/22/2024 11:44,Mie,26000,0.500621629,5,5,Driver ramah,FALSE,Rendah,Selesai
ORD-2024-005961,1/31/2024 18:20,Kopi,18500,0.5,5,4,Wow enak bgt,TRUE,Tidak Ada,Selesai
ORD-2024-005962,3/16/2024 14:27,Mie,21500,2.293681403,29,2,"Narik duit banyak😡",FALSE,Tinggi,Selesai
ORD-2024-005963,2/1/2024 11:45,Kopi,18000,2.255880531,22,5,Top bgt kualitasnya,FALSE,Tidak Ada,Selesai
ORD-2024-005964,25/03/2024 13:08,Martabak,40000,5.574601131,20,5,Makanan hangat sampai,TRUE,Tidak Ada,Selesai
ORD-2024-005965,20/01/2024 20:51,Kopi,15500,8.919544406,51,4,Puas bgt,FALSE,Rendah,Selesai
ORD-2024-005966,1/14/2024 12:29,Mie,39500,,24,4,Makanan hangat sampai,TRUE,Rendah,Selesai
ORD-2024-005967,3/20/2024 18:59,Mie,1000,7.977530796,50,4,Driver ramah,FALSE,Tidak Ada,Selesai
ORD-2024-005968,3/19/2024 19:16,Ayam,52500,3.874689243,20,2,Kurang sambelnya,FALSE,Tinggi,Dibatalkan
ORD-2024-005969,2/5/2024 7:51,Mie,30000,0.921855401,5,4,Puas bgt,FALSE,Tidak Ada,Selesai
ORD-2024-005970,2/24/2024 23:34,Mie,23500,7.910848518,39,4,Cepat sampai,FALSE,Tidak Ada,Selesai
ORD-2024-005971,1/15/2024 12:14,Martabak,19000,3.302833604,32,2,Driver gak ramah,FALSE,Tinggi,Selesai
ORD-2024-005972,1/4/2024 21:01,Ayam,48000,1.603797632,7,,,TRUE,Tidak Ada,Selesai
ORD-2024-005973,3/2/2024 13:20,Mie,24500,3.420573251,27,5,Sesuai pesanan,FALSE,Tidak Ada,Selesai
ORD-2024-005974,3/27/2024 22:03,Mie,33500,1.539048202,10,5,Makasih ya,TRUE,Tidak Ada,Selesai
ORD-2024-005975,2/19/2024 5:49,Ayam,56500,0.5,19,2,"Narik duit banyak😡",TRUE,Rendah,Refund
ORD-2024-005976,3/19/2024 13:36,Mie,37500,3.807974939,32,,,FALSE,Tidak Ada,Dibatalkan
ORD-2024-005977,1/3/2024 8:24,Ayam,71500,5.213307613,35,5,Akan order lg nih,FALSE,Tidak Ada,Selesai
ORD-2024-005978,1/15/2024 20:25,Ayam,44000,3.914764743,18,5,Makasih ya,FALSE,Tidak Ada,Selesai
ORD-2024-005979,1/19/2024 13:04,Kopi,9000,0.780646927,8,5,Puas bgt,TRUE,Tidak Ada,Selesai
ORD-2024-005980,1/23/2024 19:42,Kopi,22500,9.414308777,42,1,😠😠😠,FALSE,Tinggi,Dibatalkan
ORD-2024-005981,3/3/2024 18:46,Martabak,40000,0.5,9,4,Makasih ya,FALSE,Tidak Ada,Selesai
ORD-2024-005982,3/14/2024 13:31,Ayam,28500,1.213480579,20,,,FALSE,Tidak Ada,Selesai
ORD-2024-005983,2/14/2024 12:16,Mie,1000,0.903690036,5,4,Buruan order!!!11,FALSE,Tidak Ada,Selesai
ORD-2024-005984,3/28/2024 11:30,Ayam,55000,0.5,28,,,TRUE,Rendah,Selesai
ORD-2024-005985,2/20/2024 14:00,Ayam,32000,1.561263002,34,,,FALSE,Tidak Ada,Selesai
ORD-2024-005986,2/24/2024 13:25,Ayam,64500,2.927444261,33,5,Buruan order!11,FALSE,Tidak Ada,Selesai
ORD-2024-005987,2/25/2024 12:23,Kopi,20000,6.425300846,40,5,Sesuai pesanan,FALSE,Tidak Ada,Selesai
ORD-2024-005988,1/21/2024 11:50,Mie,42000,13.72384036,60,3,Gapapa,TRUE,Tidak Ada,Selesai
ORD-2024-005989,16/02/2024 18:02,Martabak,33500,4.952179835,32,5,Nggg enak 😋,TRUE,Tidak Ada,Selesai
ORD-2024-005990,30/03/2024 12:40,Mie,30500,1.897175337,12,5,Makanan hangat sampai,FALSE,Tidak Ada,Selesai
ORD-2024-005991,12/3/2024 14:14,Ayam,59500,3.858852198,27,5,Mantap gan!,TRUE,Tidak Ada,Selesai
ORD-2024-005992,1/22/2024 1:56,Kopi,13500,5.56647169,29,5,Enak bgt!!!!,TRUE,Tidak Ada,Selesai
ORD-2024-005993,3/7/2024 17:10,Kopi,22000,1.878188688,11,4,Driver ramah,TRUE,Rendah,Selesai
ORD-2024-005994,2/24/2024 9:34,Kopi,16500,4.612111393,37,5,Sesuai pesanan,TRUE,Tidak Ada,Selesai
ORD-2024-005995,1/1/2024 17:04,Ayam,48500,1.977120976,18,3,Biasa saja,TRUE,Tidak Ada,Selesai
ORD-2024-005996,1/3/2024 18:34,Martabak,29000,1.46570544,7,,,TRUE,Tidak Ada,Selesai
ORD-2024-005997,3/27/2024 12:31,Kopi,16000,2.24021885,18,5,Top bgt kualitasnya,FALSE,Tidak Ada,Selesai
ORD-2024-005998,1/27/2024 19:04,Martabak,26500,3.379690569,18,1,Paket berantakan,TRUE,Tinggi,Selesai
ORD-2024-005999,2/11/2024 17:43,Kopi,17500,3.893554647,18,3,Yaudah minum teh,FALSE,Tinggi,Selesai
ORD-2024-006000,2/16/2024 1:32,Ayam,50000,,27,,,FALSE,Tidak Ada,Selesai
ORD-2024-006001,3/29/2024 19:45,Martabak,28500,2.541135438,21,4,Puas bgt,FALSE,Tidak Ada,Selesai
ORD-2024-006002,1/23/2024 11:00,Ayam,59500,7.219535713,48,,,TRUE,Tidak Ada,Selesai
ORD-2024-006003,2/27/2024 12:20,Mie,26500,11.22847406,56,5,Cepat sampai,FALSE,Tidak Ada,Refund
ORD-2024-006004,3/24/2024 17:45,Martabak,26000,,19,,,FALSE,Tidak Ada,Selesai
ORD-2024-006005,4/2/2024 20:17,Ayam,38500,0.642667261,14,3,Lumayan,TRUE,Tidak Ada,Selesai
ORD-2024-006006,2/12/2024 18:07,Mie,26500,3.387390474,20,,,FALSE,Tidak Ada,Selesai
ORD-2024-006007,1/19/2024 17:01,Kopi,13500,1.606809635,30,,,TRUE,Rendah,Selesai
ORD-2024-006008,23/02/2024 07:07,Ayam,38000,0.5,17,2,Paket berantakan,FALSE,Tinggi,Selesai
ORD-2024-006009,2/24/2024 21:30,Martabak,24000,1.277899925,15,5,Sesuai pesanan,FALSE,Tidak Ada,Selesai
ORD-2024-006010,1/2/2024 11:16,Ayam,56000,4.931230174,39,5,Wow enak bgt,FALSE,Tidak Ada,Selesai
ORD-2024-006011,2/2/2024 11:24,Mie,34500,4.78996386,44,5,Enak bgt!!,FALSE,Tinggi,Dibatalkan
ORD-2024-006012,2/3/2024 17:01,Mie,28500,2.047720729,23,3,Yaudah minum teh,FALSE,Rendah,Selesai
ORD-2024-006013,2/7/2024 10:35,Mie,32000,1.919262505,28,,,TRUE,Tidak Ada,Selesai
ORD-2024-006014,3/24/2024 14:19,Kopi,16000,2.598985496,17,4,Akan order lg nih,FALSE,Tidak Ada,Dibatalkan
ORD-2024-006015,2/22/2024 5:33,Kopi,17000,0.743064631,5,4,Buruan order!11,FALSE,Tidak Ada,Selesai
ORD-2024-006016,7/2/2024 13:00,Martabak,42500,2.239919991,17,5,Mantap gan!!,FALSE,Rendah,Dibatalkan
ORD-2024-006017,24/03/2024 20:39,Ayam,65500,0.5,14,4,Akan order lg nih,FALSE,Tidak Ada,Selesai
ORD-2024-006018,23/02/2024 12:07,Kopi,20500,1.93627021,34,2,Kurang sambelnya,FALSE,Rendah,Selesai
ORD-2024-006019,2/12/2024 18:44,Kopi,15500,,13,4,Makanan hangat sampai,FALSE,Tidak Ada,Selesai
ORD-2024-006020,3/11/2024 10:32,Ayam,51500,3.370586894,23,,,FALSE,Tidak Ada,Dibatalkan
ORD-2024-006021,28/02/2024 19:15,Kopi,18000,,34,,,TRUE,Tidak Ada,Selesai
ORD-2024-006022,8/1/2024 22:19,Mie,22000,1.438154713,18,5,Driver ramah,FALSE,Tidak Ada,Refund
ORD-2024-006023,1/23/2024 23:55,Mie,9500,0.5,8,,,FALSE,Tidak Ada,Selesai
ORD-2024-006024,16/02/2024 11:05,Ayam,58000,0.872154548,5,5,Akan order lg nih,FALSE,Tidak Ada,Selesai
ORD-2024-006025,1/21/2024 10:32,Ayam,67500,3.010025103,29,,,TRUE,Tidak Ada,Selesai
ORD-2024-006026,1/24/2024 21:35,Ayam,52500,0.5,5,5,Akan order lg nih,FALSE,Tidak Ada,Selesai
ORD-2024-006027,1/6/2024 14:17,Mie,22000,0.5,10,5,Top bgt kualitasnya,FALSE,Tidak Ada,Selesai
ORD-2024-006028,1/31/2024 13:51,Ayam,46000,3.12415934,24,3,Gapapa,TRUE,Tinggi,Selesai
ORD-2024-006029,3/5/2024 14:07,Martabak,15000,4.228902699,39,4,Mantap gan!,FALSE,Tidak Ada,Selesai
ORD-2024-006030,1/9/2024 9:52,Ayam,46000,1.163832192,21,4,Akan order lg nih,FALSE,Tidak Ada,Selesai
ORD-2024-006031,3/18/2024 7:23,Martabak,21500,2.018111132,17,5,Mantap gan!!!,FALSE,Tidak Ada,Selesai
ORD-2024-006032,3/29/2024 21:46,Kopi,13500,8.740321121,55,,,FALSE,Tidak Ada,Refund
ORD-2024-006033,1/24/2024 13:36,Martabak,21500,8.731062609,57,4,Cepat sampai,FALSE,Rendah,Selesai
ORD-2024-006034,2/26/2024 21:54,Ayam,30000,1.102353142,11,5,Driver ramah,FALSE,Tidak Ada,Selesai
ORD-2024-006035,1/25/2024 18:51,Martabak,22500,4.982002179,26,5,Wow enak bgt,FALSE,Tidak Ada,Selesai
ORD-2024-006036,2/9/2024 14:26,Ayam,62000,2.703792984,29,5,Driver ramah,FALSE,Tidak Ada,Selesai
ORD-2024-006037,2/2/2024 11:05,Martabak,26000,11.12534831,68,1,Ayamnya keras,TRUE,Tinggi,Selesai
ORD-2024-006038,3/13/2024 11:33,Mie,18000,1.948043031,12,,,FALSE,Tidak Ada,Selesai
ORD-2024-006039,1/5/2024 3:56,Ayam,64000,4.471058748,9,,,FALSE,Tidak Ada,Selesai
ORD-2024-006040,1/22/2024 12:12,Mie,27000,4.384827474,34,5,Driver ramah,TRUE,Tidak Ada,Selesai
ORD-2024-006041,3/17/2024 1:00,Kopi,6500,2.064078154,27,,,TRUE,Tidak Ada,Selesai
ORD-2024-006042,2/4/2024 17:08,Ayam,68000,4.763471285,30,5,Wow enak bgt,FALSE,Tidak Ada,Selesai
ORD-2024-006043,3/14/2024 18:39,Kopi,17000,0.907535813,41,3,OK,FALSE,Rendah,Refund
ORD-2024-006044,28/03/2024 15:17,Ayam,64500,0.5,5,4,Cepat sampai,TRUE,Tidak Ada,Selesai
ORD-2024-006045,1/15/2024 23:53,Martabak,28500,1.661010156,9,4,Cepat sampai,FALSE,Tidak Ada,Selesai
ORD-2024-006046,3/22/2024 21:08,Martabak,42000,8.627489477,36,1,Kurang sambelnya,TRUE,Tinggi,Selesai
ORD-2024-006047,12/2/2024 1:58,Ayam,45000,2.083912521,17,5,Wow enak bgt,FALSE,Tidak Ada,Dibatalkan
ORD-2024-006048,29/01/2024 14:47,Kopi,5500,3.025704439,24,3,Lumayan,TRUE,Tidak Ada,Selesai
ORD-2024-006049,3/27/2024 18:32,Mie,20000,2.935794878,15,3,Standar lah,TRUE,Rendah,Selesai
ORD-2024-006050,3/12/2024 16:25,Mie,29500,0.5,20,,,FALSE,Tinggi,Selesai
ORD-2024-006051,10/3/2024 8:49,Kopi,17000,,17,,,FALSE,Tinggi,Selesai
ORD-2024-006052,29/02/2024 18:03,Mie,25000,3.682123224,15,,,FALSE,Tidak Ada,Selesai
ORD-2024-006053,3/13/2024 11:30,Kopi,12500,10.72559163,57,4,Puas bgt,TRUE,Tidak Ada,Selesai
ORD-2024-006054,6/2/2024 21:54,Kopi,16500,0.551832475,10,5,Rekomendasi deh,FALSE,Rendah,Selesai
ORD-2024-006055,3/24/2024 8:20,Mie,26000,1.585145968,16,3,Gapapa,TRUE,Rendah,Selesai
ORD-2024-006056,23/03/2024 09:17,Kopi,16500,0.5,19,1,Kurang sambelnya,TRUE,Rendah,Selesai
ORD-2024-006057,1/6/2024 21:57,Kopi,19000,0.832705996,25,5,Enak bgttt,TRUE,Tidak Ada,Selesai
ORD-2024-006058,2/24/2024 13:18,Kopi,17500,1.418467644,26,,,TRUE,Tidak Ada,Selesai
ORD-2024-006059,2/27/2024 18:06,Mie,24000,2.3337844,21,,,FALSE,Tidak Ada,Selesai
ORD-2024-006060,2/3/2024 12:58,Mie,2813000,0.786303738,5,,,TRUE,Tidak Ada,Dibatalkan
ORD-2024-006061,3/21/2024 21:47,Kopi,20000,0.774613165,12,5,Puas bgt,FALSE,Tidak Ada,Dibatalkan
ORD-2024-006062,3/18/2024 18:27,Ayam,46500,4.512936992,28,3,Standar lah,FALSE,Rendah,Selesai
ORD-2024-006063,2/10/2024 18:59,Kopi,16500,9.861597534,62,2,😠😠😠,TRUE,Tinggi,Selesai
ORD-2024-006064,2/23/2024 17:04,Kopi,18000,1.172969502,11,,,FALSE,Tidak Ada,Selesai
ORD-2024-006065,2/9/2024 6:19,Ayam,22000,3.494179531,22,5,Puas bgt,TRUE,Tidak Ada,Selesai
ORD-2024-006066,3/29/2024 14:41,Martabak,34500,0.895543441,5,5,Mantap gan!,FALSE,Tidak Ada,Selesai
ORD-2024-006067,28/03/2024 14:24,Kopi,10500,7.891278763,44,2,Makanannya dingin,FALSE,Rendah,Selesai
ORD-2024-006068,3/28/2024 18:20,Ayam,85500,3.35248968,24,,,FALSE,Tinggi,Selesai
ORD-2024-006069,3/21/2024 12:24,Ayam,44500,4.868737687,28,5,Wow enak bgt,FALSE,Tidak Ada,Selesai
ORD-2024-006070,1/25/2024 13:18,Ayam,48500,0.5,22,3,Lumayan,TRUE,Rendah,Refund
ORD-2024-006071,1/25/2024 21:38,Mie,20500,2.737687832,15,1,Ayamnya keras,TRUE,Tinggi,Dibatalkan
ORD-2024-006072,3/11/2024 11:46,Ayam,41000,2.249865896,34,,,FALSE,Tinggi,Dibatalkan
ORD-2024-006073,1/18/2024 21:51,Ayam,89500,1.040160714,8,3,Gapapa,FALSE,Rendah,Selesai
ORD-2024-006074,1/21/2024 19:44,Kopi,20500,0.913182779,28,5,Wow enak bgt,FALSE,Tidak Ada,Selesai
ORD-2024-006075,1/16/2024 14:09,Ayam,25500,2.602678868,6,4,Top bgt kualitasnya,FALSE,Tidak Ada,Selesai
ORD-2024-006076,1/7/2024 12:15,Ayam,76500,3.677486091,28,4,Mantap gan!,TRUE,Tidak Ada,Selesai
ORD-2024-006077,1/10/2024 13:56,Ayam,71500,,20,4,Enak bgttt,TRUE,Tidak Ada,Selesai
ORD-2024-006078,15/02/2024 13:44,Kopi,15500,2.513836267,18,4,Cepat sampai,TRUE,Tidak Ada,Selesai
ORD-2024-006079,1/6/2024 4:02,Kopi,18000,0.560650143,14,4,Nggg enak 😋,FALSE,Tidak Ada,Selesai
ORD-2024-006080,3/1/2024 12:26,Kopi,16500,0.5,10,3,Gapapa,TRUE,Tinggi,Selesai
ORD-2024-006081,2/16/2024 20:51,Kopi,25000,2.927481259,27,3,Standar lah,FALSE,Tidak Ada,Selesai
ORD-2024-006082,1/21/2024 12:59,Mie,20500,1.11697655,18,5,Akan order lg nih,FALSE,Tidak Ada,Selesai
ORD-2024-006083,3/22/2024 11:53,Kopi,17000,1.74417473,40,4,Puas bgt,TRUE,Tidak Ada,Selesai
ORD-2024-006084,2/26/2024 3:57,Ayam,44500,1.338855727,5,5,Mantap gan!,FALSE,Tidak Ada,Selesai
ORD-2024-006085,1/20/2024 17:41,Ayam,27500,3.135240045,25,,,FALSE,Tidak Ada,Selesai
ORD-2024-006086,3/21/2024 14:18,Kopi,26000,1.905312815,15,5,Rekomendasi deh,FALSE,Tidak Ada,Selesai
ORD-2024-006087,3/29/2024 17:59,Martabak,21000,9.927933337,49,,,FALSE,Rendah,Selesai
ORD-2024-006088,2/11/2024 10:37,Ayam,55000,,13,5,Makasih ya,TRUE,Tidak Ada,Selesai
ORD-2024-006089,2/22/2024 13:27,Martabak,17000,4.044503588,23,5,Makanan hangat sampai,FALSE,Tidak Ada,Selesai
ORD-2024-006090,3/3/2024 19:51,Ayam,45000,0.892359231,10,4,Rekomendasi deh,FALSE,Tidak Ada,Selesai
ORD-2024-006091,28/01/2024 12:31,Kopi,18500,2.132425234,27,,,FALSE,Tidak Ada,Selesai
ORD-2024-006092,1/25/2024 21:03,Martabak,24000,2.412703871,17,,,FALSE,Rendah,Selesai
ORD-2024-006093,22/02/2024 12:44,Ayam,61500,1.197447055,16,5,Puas bgt,FALSE,Rendah,Selesai
ORD-2024-006094,21/02/2024 18:27,Kopi,15500,1.91473025,21,4,Akan order lg nih,FALSE,Tidak Ada,Selesai
ORD-2024-006095,1/3/2024 12:09,Ayam,71000,,9,,,TRUE,Tidak Ada,Selesai
ORD-2024-006096,2/17/2024 21:01,Martabak,40000,0.5,20,,,FALSE,Tidak Ada,Selesai
ORD-2024-006097,3/18/2024 14:01,Ayam,41500,0.728693293,5,4,Makanan hangat sampai,TRUE,Tinggi,Selesai
ORD-2024-006098,2/13/2024 5:02,Mie,26500,3.612560207,25,4,Driver ramah,FALSE,Tidak Ada,Refund
ORD-2024-006099,1/27/2024 11:29,Ayam,54500,4.42161547,32,5,Sesuai pesanan,FALSE,Tidak Ada,Selesai
ORD-2024-006100,1/21/2024 12:11,Mie,30500,0.9863576,14,5,Mantap gan!,FALSE,Rendah,Selesai
ORD-2024-006101,24/03/2024 12:48,Kopi,16500,1.57296384,7,5,Puas bgt,FALSE,Tidak Ada,Selesai
ORD-2024-006102,3/16/2024 2:47,Martabak,31500,0.5,12,4,Makanan hangat sampai,TRUE,Tidak Ada,Dibatalkan
ORD-2024-006103,2/18/2024 19:09,Ayam,47500,0.811739071,5,,,TRUE,Tidak Ada,Selesai
ORD-2024-006104,2/13/2024 14:05,Mie,27000,4.531755908,27,4,Makasih ya,FALSE,Tidak Ada,Selesai
ORD-2024-006105,2/23/2024 11:57,Ayam,73000,2.79410857,30,5,Buruan order!11,TRUE,Tidak Ada,Selesai
ORD-2024-006106,1/19/2024 20:28,Ayam,62500,0.691148533,14,4,Sesuai pesanan,FALSE,Tidak Ada,Selesai
ORD-2024-006107,2/28/2024 10:18,Kopi,19500,0.892962871,23,5,Wow enak bgt,FALSE,Tidak Ada,Selesai
ORD-2024-006108,3/3/2024 17:56,Ayam,63500,5.091563608,33,3,Standar lah,TRUE,Rendah,Selesai
ORD-2024-006109,3/11/2024 1:25,Ayam,49000,0.703691304,18,5,Puas bgt,FALSE,Tidak Ada,Selesai
ORD-2024-006110,3/29/2024 22:47,Mie,28000,1.220107386,19,5,Enak bgt!!,FALSE,Tidak Ada,Selesai
ORD-2024-006111,1/11/2024 5:26,Mie,18500,3.275136672,31,5,Nggg enak 😋,TRUE,Tidak Ada,Selesai
ORD-2024-006112,2/7/2024 14:23,Kopi,22000,2.470535708,8,5,Buruan order!11,TRUE,Tidak Ada,Selesai
ORD-2024-006113,1/18/2024 8:31,Mie,6500,1.853396791,11,4,Sesuai pesanan,FALSE,Rendah,Selesai
ORD-2024-006114,13/03/2024 17:41,Kopi,16000,6.899998046,37,3,Standar lah,TRUE,Tidak Ada,Selesai
ORD-2024-006115,3/2/2024 19:58,Ayam,70500,0.74427068,22,4,Driver ramah,FALSE,Tidak Ada,Selesai
ORD-2024-006116,1/23/2024 18:28,Martabak,20000,4.057649199,28,5,Makasih ya,FALSE,Tinggi,Selesai
ORD-2024-006117,2/2/2024 21:57,Martabak,668000,0.519718597,14,5,Rekomendasi deh,FALSE,Tidak Ada,Selesai
ORD-2024-006118,2/26/2024 13:26,Mie,28500,2.869259474,32,4,Enak bgttt,TRUE,Tidak Ada,Selesai
ORD-2024-006119,2/28/2024 1:27,Ayam,56500,6.135087033,26,4,Makasih ya,FALSE,Tidak Ada,Selesai
ORD-2024-006120,3/19/2024 21:29,Martabak,19500,1.836924259,15,4,Rekomendasi deh,FALSE,Rendah,Selesai
ORD-2024-006121,2/9/2024 11:50,Ayam,32500,3.865266114,31,5,Nggg enak 😋,TRUE,Tidak Ada,Selesai
ORD-2024-006122,1/19/2024 21:46,Ayam,41000,5.150958341,54,5,Enak bgttt,TRUE,Tinggi,Refund
ORD-2024-006123,2/18/2024 14:01,Ayam,52000,,14,,,FALSE,Tidak Ada,Selesai
ORD-2024-006124,3/4/2024 14:02,Mie,23500,3.67076068,19,5,Cepat sampai,FALSE,Tidak Ada,Selesai
ORD-2024-006125,2/20/2024 17:50,Mie,28000,,34,5,Cepat sampai,FALSE,Tidak Ada,Selesai
ORD-2024-006126,3/23/2024 19:30,Martabak,37500,2.576688857,18,,,FALSE,Tinggi,Dibatalkan
ORD-2024-006127,2/17/2024 18:29,Kopi,12500,0.617835305,27,5,Top bgt kualitasnya,FALSE,Tidak Ada,Refund
ORD-2024-006128,1/16/2024 8:08,Ayam,35500,0.5,9,5,Makanan hangat sampai,TRUE,Tidak Ada,Selesai
ORD-2024-006129,1/31/2024 21:43,Ayam,54000,0.902242486,18,5,Rekomendasi deh,FALSE,Tidak Ada,Selesai
ORD-2024-006130,2/21/2024 2:36,Ayam,50000,0.5,11,5,Puas bgt,TRUE,Tidak Ada,Selesai
ORD-2024-006131,3/19/2024 19:35,Kopi,500,2.160901996,7,5,Cepat sampai,TRUE,Tidak Ada,Refund
ORD-2024-006132,1/1/2024 3:30,Martabak,35500,0.5,9,4,Enak bgt!!!,FALSE,Tidak Ada,Selesai
ORD-2024-006133,3/28/2024 17:23,Kopi,27000,0.75850745,5,,,FALSE,Rendah,Selesai
ORD-2024-006134,2/29/2024 17:30,Ayam,52000,1.738975759,20,4,Rekomendasi deh,FALSE,Tidak Ada,Selesai
ORD-2024-006135,2/6/2024 14:35,Ayam,35500,1.926876024,24,5,Makasih ya,TRUE,Tidak Ada,Selesai
ORD-2024-006136,2/26/2024 20:44,Ayam,41000,2.499977177,13,,,FALSE,Tidak Ada,Selesai
ORD-2024-006137,2/7/2024 17:20,Kopi,7000,3.668600154,20,5,Buruan order!11,FALSE,Tidak Ada,Selesai
ORD-2024-006138,3/14/2024 1:43,Mie,37000,0.5,5,4,Makanan hangat sampai,TRUE,Tidak Ada,Selesai
ORD-2024-006139,1/14/2024 19:01,Martabak,42000,0.5,5,4,Akan order lg nih,TRUE,Tidak Ada,Selesai
ORD-2024-006140,2/17/2024 13:42,Mie,19000,0.5,5,,,FALSE,Tidak Ada,Selesai
ORD-2024-006141,1/21/2024 20:14,Kopi,15500,1.650520675,24,4,Nggg enak 😋,FALSE,Tinggi,Selesai
ORD-2024-006142,1/23/2024 11:43,Kopi,17000,0.5,11,4,Driver ramah,FALSE,Tidak Ada,Refund
ORD-2024-006143,3/1/2024 21:50,Ayam,35500,4.112223034,29,5,Buruan order!11,FALSE,Tidak Ada,Selesai
ORD-2024-006144,23/03/2024 19:40,Mie,13500,0.756945485,34,5,Enak bgt!!,FALSE,Tidak Ada,Selesai
ORD-2024-006145,2/24/2024 14:47,Martabak,28500,8.401112979,52,2,Paket berantakan,FALSE,Rendah,Selesai
ORD-2024-006146,1/22/2024 14:42,Ayam,46000,1.998953514,24,4,Cepat sampai,TRUE,Rendah,Selesai
ORD-2024-006147,2/3/2024 5:03,Kopi,15000,1.773536298,11,5,Akan order lg nih,FALSE,Rendah,Selesai
ORD-2024-006148,2/6/2024 12:28,Kopi,17500,4.549738015,43,4,Top bgt kualitasnya,TRUE,Tidak Ada,Selesai
ORD-2024-006149,28/03/2024 02:57,Martabak,40500,3.746429209,31,3,Biasa saja,TRUE,Rendah,Selesai
ORD-2024-006150,31/01/2024 21:49,Mie,24000,2.804197021,31,,,FALSE,Rendah,Selesai
ORD-2024-006151,2/24/2024 12:47,Kopi,17000,8.206882738,41,3,Standar lah,TRUE,Rendah,Selesai
ORD-2024-006152,3/28/2024 20:34,Kopi,19500,1.645890178,9,5,Top bgt kualitasnya,TRUE,Tidak Ada,Refund
ORD-2024-006153,2/18/2024 0:53,Ayam,61000,4.959098678,37,,,TRUE,Tidak Ada,Selesai
ORD-2024-006154,3/4/2024 14:19,Ayam,41000,1.434557174,26,5,Buruan order!11,TRUE,Tidak Ada,Selesai
ORD-2024-006155,2/16/2024 21:46,Ayam,53000,5.466885046,30,,,FALSE,Tidak Ada,Selesai
ORD-2024-006156,1/11/2024 11:32,Ayam,60500,0.901186151,13,,,FALSE,Tidak Ada,Selesai
ORD-2024-006157,2/13/2024 18:18,Martabak,21500,1.024375649,5,4,Makasih ya,FALSE,Rendah,Selesai
ORD-2024-006158,2/15/2024 19:21,Martabak,39500,3.398395925,32,4,Sesuai pesanan,FALSE,Tidak Ada,Selesai
ORD-2024-006159,3/14/2024 18:11,Ayam,75500,0.717488387,16,,,TRUE,Tidak Ada,Selesai
ORD-2024-006160,2/1/2024 14:47,Mie,21000,,19,,,TRUE,Tidak Ada,Dibatalkan
ORD-2024-006161,1/15/2024 11:58,Ayam,54500,1.092663301,25,5,Buruan order!11,TRUE,Tidak Ada,Selesai
ORD-2024-006162,3/29/2024 17:16,Ayam,6749500,3.408276837,31,2,Bau gak tauu,FALSE,Tinggi,Selesai
ORD-2024-006163,6/3/2024 19:38,Ayam,62500,6.605182597,27,4,Driver ramah,FALSE,Tidak Ada,Selesai
ORD-2024-006164,1/10/2024 14:07,Kopi,14500,3.367802029,24,,,FALSE,Rendah,Selesai
ORD-2024-006165,1/7/2024 14:46,Ayam,42000,5.277544231,35,5,Enak bgt,FALSE,Tidak Ada,Selesai
ORD-2024-006166,2/5/2024 17:00,Kopi,11000,,25,5,Cepat sampai,TRUE,Tidak Ada,Selesai
ORD-2024-006167,1/20/2024 14:16,Kopi,17000,0.5,5,5,Rekomendasi deh,TRUE,Tinggi,Dibatalkan
ORD-2024-006168,4/3/2024 4:00,Mie,2569000,0.5,5,5,Enak bgt!!,FALSE,Tidak Ada,Selesai
ORD-2024-006169,2/7/2024 18:52,Ayam,67000,2.424946766,27,5,Puas bgt,FALSE,Tidak Ada,Selesai
ORD-2024-006170,3/2/2024 17:55,Ayam,40500,1.191602414,22,5,Buruan order!11,TRUE,Tidak Ada,Selesai
ORD-2024-006171,1/19/2024 9:30,Ayam,49000,0.747569773,25,,,FALSE,Tidak Ada,Selesai
ORD-2024-006172,3/10/2024 13:24,Martabak,40500,1.883522079,5,5,Sesuai pesanan,FALSE,Tidak Ada,Selesai
ORD-2024-006173,3/15/2024 14:06,Ayam,60000,3.294307924,32,4,Wow enak bgt,FALSE,Tidak Ada,Selesai
ORD-2024-006174,2/2/2024 5:05,Mie,18500,1.458359754,17,4,Driver ramah,FALSE,Rendah,Selesai
ORD-2024-006175,28/02/2024 13:34,Kopi,12000,4.866692033,19,4,Mantap gan!,FALSE,Tidak Ada,Selesai
ORD-2024-006176,2/14/2024 19:53,Kopi,500,4.024229689,10,4,Enak bgttt,TRUE,Tidak Ada,Selesai
ORD-2024-006177,2/27/2024 13:39,Kopi,14000,3.983112916,35,,,TRUE,Tidak Ada,Selesai
ORD-2024-006178,3/24/2024 21:34,Ayam,43500,12.63729509,48,3,Gapapa,TRUE,Tinggi,Selesai
ORD-2024-006179,3/1/2024 13:21,Ayam,63000,1.049651215,5,4,Rekomendasi deh,TRUE,Tidak Ada,Selesai
ORD-2024-006180,2/27/2024 2:15,Ayam,32500,3.104594376,23,5,Makasih ya,FALSE,Tidak Ada,Selesai
ORD-2024-006181,3/19/2024 4:46,Kopi,13500,5.802977663,27,5,Puas bgt,TRUE,Tidak Ada,Selesai
ORD-2024-006182,3/29/2024 13:56,Ayam,51500,2.599106724,27,,,FALSE,Tidak Ada,Selesai
ORD-2024-006183,2/12/2024 13:11,Ayam,66500,4.674839891,33,4,Cepat sampai,FALSE,Tidak Ada,Selesai
ORD-2024-006184,3/25/2024 22:37,Mie,19000,1.605622306,42,3,Standar lah,FALSE,Rendah,Selesai
ORD-2024-006185,1/2/2024 17:07,Ayam,1000,2.678391726,29,5,Buruan order!11,FALSE,Tidak Ada,Selesai
ORD-2024-006186,3/8/2024 13:30,Mie,38500,0.5,20,5,Makasih ya,FALSE,Tinggi,Selesai
ORD-2024-006187,3/26/2024 11:58,Martabak,18000,12.7567039,49,5,Akan order lg nih,FALSE,Tidak Ada,Selesai
ORD-2024-006188,2/16/2024 20:08,Ayam,32500,4.828590972,44,3,Lumayan,FALSE,Rendah,Selesai
ORD-2024-006189,1/31/2024 1:51,Ayam,71500,6.093304645,24,4,Enak bgt,TRUE,Tidak Ada,Selesai
ORD-2024-006190,23/02/2024 13:33,Ayam,81000,,16,5,Buruan order!11,TRUE,Rendah,Selesai
ORD-2024-006191,1/30/2024 11:08,Martabak,24000,0.617569141,12,,,FALSE,Rendah,Selesai
ORD-2024-006192,3/22/2024 7:15,Martabak,26500,0.5,15,3,Yaudah minum teh,TRUE,Tidak Ada,Selesai
ORD-2024-006193,26/02/2024 05:51,Martabak,21000,5.999820251,24,4,Puas bgt,FALSE,Tidak Ada,Selesai
ORD-2024-006194,3/3/2024 14:40,Mie,13500,1.514186013,9,5,Makanan hangat sampai,FALSE,Tidak Ada,Selesai
ORD-2024-006195,8/2/2024 19:26,Martabak,35500,0.919024754,7,4,Makanan hangat sampai,FALSE,Tidak Ada,Selesai
ORD-2024-006196,1/14/2024 11:13,Ayam,55000,2.474369934,23,5,Driver ramah,FALSE,Rendah,Refund
ORD-2024-006197,3/3/2024 18:35,Ayam,51500,1.63883266,23,3,Yaudah minum teh,FALSE,Rendah,Selesai
ORD-2024-006198,1/7/2024 13:04,Mie,16000,3.163780431,30,5,Sesuai pesanan,TRUE,Tidak Ada,Selesai
ORD-2024-006199,2/8/2024 13:32,Ayam,79000,1.983743648,5,3,Gapapa,FALSE,Tidak Ada,Selesai
ORD-2024-006200,15/02/2024 19:05,Ayam,2189500,3.58437663,17,4,Top bgt kualitasnya,FALSE,Tidak Ada,Selesai
ORD-2024-006201,1/22/2024 21:43,Martabak,26000,5.76061869,42,4,Driver ramah,FALSE,Tidak Ada,Selesai
ORD-2024-006202,1/18/2024 12:58,Kopi,20500,0.65281554,10,4,Rekomendasi deh,FALSE,Tidak Ada,Selesai
ORD-2024-006203,10/3/2024 21:02,Mie,27500,1.198894433,18,5,Mantap gan!,FALSE,Tidak Ada,Selesai
ORD-2024-006204,3/19/2024 13:11,Martabak,32000,1.722444449,43,5,Makanan hangat sampai,FALSE,Rendah,Selesai
ORD-2024-006205,21/01/2024 17:18,Ayam,54000,9.815125228,26,3,Standar lah,TRUE,Rendah,Selesai
ORD-2024-006206,2/12/2024 12:05,Mie,21000,1.363967381,16,4,Wow enak bgt,FALSE,Tidak Ada,Selesai
ORD-2024-006207,3/27/2024 14:05,Ayam,41000,1.439433982,24,5,Makanan hangat sampai,FALSE,Tidak Ada,Selesai
ORD-2024-006208,1/22/2024 12:58,Ayam,73500,3.179379494,14,,,TRUE,Tinggi,Selesai
ORD-2024-006209,2/25/2024 16:27,Kopi,19500,1.630044948,14,5,Driver ramah,FALSE,Tidak Ada,Selesai
ORD-2024-006210,2/26/2024 23:30,Ayam,55000,9.061535027,28,4,Top bgt kualitasnya,FALSE,Tidak Ada,Selesai
ORD-2024-006211,2/24/2024 22:42,Kopi,19000,6.746244782,35,5,Makanan hangat sampai,TRUE,Tidak Ada,Selesai
ORD-2024-006212,1/3/2024 14:47,Ayam,50500,2.160992663,13,4,Sesuai pesanan,FALSE,Tidak Ada,Selesai
ORD-2024-006213,2/1/2024 14:28,Kopi,17500,3.105013638,19,1,"Narik duit banyak😡",TRUE,Tinggi,Selesai
ORD-2024-006214,2/4/2024 17:47,Kopi,19000,0.5,22,5,Enak bgt,FALSE,Rendah,Selesai
ORD-2024-006215,3/26/2024 18:17,Martabak,14500,3.569524648,30,,,FALSE,Tidak Ada,Selesai
ORD-2024-006216,22/03/2024 15:15,Mie,32500,3.684805435,29,,,FALSE,Tidak Ada,Selesai
ORD-2024-006217,23/01/2024 12:54,Ayam,65500,1.335110352,34,,,TRUE,Tidak Ada,Dibatalkan
ORD-2024-006218,2/27/2024 17:03,Kopi,13000,0.744164647,15,4,Cepat sampai,TRUE,Tinggi,Dibatalkan
ORD-2024-006219,2/13/2024 21:30,Kopi,22000,7.398080467,59,3,Yaudah minum teh,FALSE,Tidak Ada,Selesai
ORD-2024-006220,1/17/2024 7:47,Ayam,14500,,17,5,Buruan order!11,FALSE,Tidak Ada,Selesai
ORD-2024-006221,17/01/2024 13:52,Martabak,32500,3.181402369,36,4,Makasih ya,TRUE,Tidak Ada,Selesai
ORD-2024-006222,1/3/2024 12:50,Martabak,30500,0.5,14,1,Driver gak ramah,TRUE,Tinggi,Selesai
ORD-2024-006223,1/20/2024 13:18,Ayam,46500,1.603650344,26,5,Sesuai pesanan,FALSE,Tidak Ada,Selesai
ORD-2024-006224,18/03/2024 22:43,Kopi,16500,5.099053185,22,5,Nggg enak 😋,TRUE,Tidak Ada,Selesai
ORD-2024-006225,2/27/2024 14:41,Ayam,61500,1.47099128,30,5,Mantap gan!,FALSE,Tinggi,Selesai
ORD-2024-006226,14/01/2024 21:34,Martabak,16500,,33,5,Driver ramah,FALSE,Rendah,Selesai
ORD-2024-006227,16/02/2024 13:40,Ayam,68500,0.706619457,12,4,Makanan hangat sampai,FALSE,Tidak Ada,Refund
ORD-2024-006228,2/21/2024 14:14,Mie,23000,1.616264355,19,5,Akan order lg nih,FALSE,Tidak Ada,Selesai
ORD-2024-006229,2/13/2024 17:19,Martabak,37500,7.878210249,31,5,Makasih ya,TRUE,Rendah,Selesai
ORD-2024-006230,2/3/2024 13:31,Kopi,19000,2.507256555,30,4,Akan order lg nih,FALSE,Tidak Ada,Selesai
ORD-2024-006231,24/01/2024 19:54,Kopi,14500,6.966265943,45,4,Nggg enak 😋,TRUE,Tidak Ada,Selesai
ORD-2024-006232,1/21/2024 13:22,Mie,25500,6.96895426,25,5,Wow enak bgt,FALSE,Tinggi,Selesai
ORD-2024-006233,3/29/2024 17:42,Kopi,16500,8.655139112,64,3,Standar lah,FALSE,Rendah,Selesai
ORD-2024-006234,21/01/2024 13:20,Ayam,3421000,6.772595997,40,5,Mantap gan!!,FALSE,Tidak Ada,Dibatalkan
ORD-2024-006235,3/27/2024 5:26,Kopi,11000,0.5,10,4,Sesuai pesanan,TRUE,Rendah,Selesai
ORD-2024-006236,2/22/2024 13:13,Mie,31500,8.154978577,53,4,Sesuai pesanan,TRUE,Tinggi,Dibatalkan
ORD-2024-006237,1/7/2024 12:36,Martabak,25000,0.5,9,5,Nggg enak 😋,FALSE,Rendah,Selesai
ORD-2024-006238,1/16/2024 14:05,Martabak,29000,0.5,26,5,Makasih ya,FALSE,Tidak Ada,Selesai
ORD-2024-006239,1/19/2024 18:22,Mie,36500,0.5,5,4,Nggg enak 😋,FALSE,Tidak Ada,Selesai
ORD-2024-006240,1/7/2024 11:02,Mie,29500,1.287350738,15,5,Sesuai pesanan,TRUE,Tidak Ada,Selesai
ORD-2024-006241,1/15/2024 18:13,Mie,14500,2.909106846,22,,,FALSE,Rendah,Selesai
ORD-2024-006242,1/26/2024 14:01,Ayam,22000,1.544055168,12,,,FALSE,Tinggi,Refund
ORD-2024-006243,2/27/2024 21:49,Kopi,16000,0.5,7,,,FALSE,Tinggi,Selesai
ORD-2024-006244,2/10/2024 11:38,Martabak,21000,1.94155523,14,5,Driver ramah,FALSE,Rendah,Selesai
ORD-2024-006245,2/17/2024 21:42,Martabak,35000,1.750891948,13,3,Biasa saja,TRUE,Tidak Ada,Selesai
ORD-2024-006246,3/4/2024 13:39,Martabak,30500,4.242221164,23,5,Nggg enak 😋,FALSE,Tidak Ada,Selesai
ORD-2024-006247,2/17/2024 13:20,Ayam,54500,0.983899711,29,,,TRUE,Tinggi,Selesai
ORD-2024-006248,3/29/2024 18:36,Martabak,24500,0.735903588,19,5,Buruan order!11,FALSE,Tidak Ada,Selesai
ORD-2024-006249,26/02/2024 13:56,Martabak,43000,0.886896604,14,5,Wow enak bgt,FALSE,Tidak Ada,Selesai
ORD-2024-006250,2/6/2024 17:14,Ayam,99000,1.086095611,23,4,Puas bgt,TRUE,Tidak Ada,Selesai
ORD-2024-006251,1/21/2024 4:47,Kopi,15500,2.742615275,17,5,Akan order lg nih,FALSE,Tidak Ada,Selesai
ORD-2024-006252,2/16/2024 11:29,Ayam,57500,,11,5,Puas bgt,FALSE,Rendah,Selesai
ORD-2024-006253,3/8/2024 21:10,Ayam,53000,1.232463824,5,,,FALSE,Tidak Ada,Selesai
ORD-2024-006254,2/20/2024 3:55,Ayam,47000,1.406720652,22,5,Enak bgt!!,TRUE,Tidak Ada,Selesai
ORD-2024-006255,1/24/2024 13:31,Kopi,13000,1.390507988,5,5,Mantap gan!,FALSE,Tinggi,Dibatalkan
ORD-2024-006256,10/2/2024 12:02,Kopi,12000,10.77054629,36,4,Enak bgttt,FALSE,Tinggi,Selesai
ORD-2024-006257,18/01/2024 20:48,Martabak,21500,,20,,,FALSE,Rendah,Selesai
ORD-2024-006258,2/29/2024 12:19,Martabak,33000,,30,5,Mantap gan!,FALSE,Rendah,Selesai
ORD-2024-006259,16/02/2024 07:11,Mie,22500,3.695171352,33,5,Mantap gan!!,FALSE,Tinggi,Selesai
ORD-2024-006260,1/22/2024 9:56,Ayam,8500,0.5,6,4,Cepat sampai,FALSE,Rendah,Selesai
ORD-2024-006261,3/30/2024 12:49,Ayam,59000,14.9620243,73,,,FALSE,Tinggi,Selesai
ORD-2024-006262,3/23/2024 0:36,Mie,25500,4.237168129,21,5,Driver ramah,FALSE,Tidak Ada,Selesai
ORD-2024-006263,12/1/2024 1:23,Ayam,74000,3.44135607,25,5,Makanan hangat sampai,FALSE,Tidak Ada,Selesai
ORD-2024-006264,1/22/2024 21:20,Mie,28500,1.559219249,19,4,Top bgt kualitasnya,FALSE,Tidak Ada,Selesai
ORD-2024-006265,1/4/2024 14:38,Mie,15500,2.430412442,26,5,Mantap gan!!!,FALSE,Rendah,Selesai
ORD-2024-006266,1/18/2024 20:15,Kopi,7000,0.876158413,17,3,Lumayan,FALSE,Rendah,Selesai
ORD-2024-006267,2/8/2024 17:35,Mie,21000,0.5,17,3,Standar lah,FALSE,Tinggi,Refund
ORD-2024-006268,15/01/2024 13:47,Ayam,41000,5.424062771,21,,,TRUE,Tidak Ada,Selesai
ORD-2024-006269,2/3/2024 22:23,Ayam,67500,6.804101574,31,5,Sesuai pesanan,FALSE,Tidak Ada,Selesai
ORD-2024-006270,1/28/2024 21:27,Martabak,30000,,20,5,Nggg enak 😋,FALSE,Tidak Ada,Dibatalkan
ORD-2024-006271,2/29/2024 20:05,Kopi,500,4.640179526,28,4,Puas bgt,TRUE,Tidak Ada,Selesai
ORD-2024-006272,2/7/2024 3:49,Mie,35000,4.05455059,21,4,Cepat sampai,FALSE,Tidak Ada,Selesai
ORD-2024-006273,22/01/2024 18:32,Ayam,67500,0.589413584,5,5,Nggg enak 😋,FALSE,Rendah,Selesai
ORD-2024-006274,1/6/2024 13:35,Kopi,18000,1.643655795,33,5,Mantap gan!,TRUE,Tidak Ada,Selesai
ORD-2024-006275,3/8/2024 1:35,Kopi,22500,1.648480658,5,5,Makanan hangat sampai,TRUE,Tidak Ada,Selesai
ORD-2024-006276,1/9/2024 20:19,Martabak,1865000,4.280902329,21,5,Driver ramah,TRUE,Rendah,Selesai
ORD-2024-006277,25/01/2024 11:43,Ayam,53000,5.454203871,24,3,OK,TRUE,Tinggi,Selesai
ORD-2024-006278,1/5/2024 17:42,Kopi,18000,0.5,17,5,Makanan hangat sampai,FALSE,Tidak Ada,Selesai
ORD-2024-006279,2/20/2024 23:52,Mie,20000,2.483255057,20,,,FALSE,Tidak Ada,Selesai
ORD-2024-006280,26/02/2024 07:48,Ayam,73000,4.303285283,28,5,Nggg enak 😋,FALSE,Tidak Ada,Selesai
ORD-2024-006281,3/21/2024 17:19,Mie,17500,4.628010862,35,1,Driver gak ramah,FALSE,Tinggi,Selesai
ORD-2024-006282,30/03/2024 15:05,Kopi,20000,0.5,25,4,Top bgt kualitasnya,FALSE,Tidak Ada,Selesai
ORD-2024-006283,1/28/2024 18:05,Martabak,36000,2.2365135,17,4,Wow enak bgt,FALSE,Tidak Ada,Selesai
ORD-2024-006284,3/5/2024 15:18,Martabak,22500,5.846476016,21,3,Lumayan,FALSE,Rendah,Selesai
ORD-2024-006285,1/4/2024 12:50,Ayam,84500,1.15045886,14,,,FALSE,Tidak Ada,Selesai
ORD-2024-006286,2/1/2024 13:37,Kopi,17500,1.660765684,7,4,Enak bgttt,FALSE,Tidak Ada,Selesai
ORD-2024-006287,3/4/2024 14:49,Mie,30500,4.894414302,26,4,Enak bgt!!!!!!,TRUE,Tidak Ada,Selesai
ORD-2024-006288,4/3/2024 18:22,Kopi,500,0.5,5,,,FALSE,Tidak Ada,Selesai
ORD-2024-006289,2/28/2024 11:52,Mie,15500,5.887500098,25,,,TRUE,Rendah,Selesai
ORD-2024-006290,1/27/2024 11:53,Kopi,9500,,5,5,Mantap gan!!,FALSE,Tinggi,Selesai
ORD-2024-006291,23/03/2024 17:05,Ayam,64000,0.5,25,5,Sesuai pesanan,TRUE,Tidak Ada,Selesai
ORD-2024-006292,26/03/2024 01:20,Kopi,20000,0.800342676,13,3,Yaudah minum teh,FALSE,Tidak Ada,Selesai
ORD-2024-006293,26/02/2024 00:12,Mie,30500,0.5,27,4,Buruan order!!11,FALSE,Tidak Ada,Selesai
ORD-2024-006294,3/19/2024 18:03,Ayam,37000,0.5,24,5,Makanan hangat sampai,TRUE,Tidak Ada,Selesai
ORD-2024-006295,2/29/2024 13:38,Mie,18500,3.54111782,36,4,Nggg enak 😋,TRUE,Tidak Ada,Selesai
ORD-2024-006296,3/17/2024 12:25,Mie,35000,0.722305139,13,4,Enak bgttt,TRUE,Tidak Ada,Selesai
ORD-2024-006297,1/18/2024 7:13,Kopi,21000,8.188236591,38,,,FALSE,Tidak Ada,Selesai
ORD-2024-006298,1/4/2024 19:33,Ayam,69000,2.179767837,11,5,Mantap gan!!,TRUE,Tinggi,Selesai
ORD-2024-006299,1/4/2024 17:17,Martabak,500,1.849104345,14,4,Makanan hangat sampai,FALSE,Tidak Ada,Selesai
ORD-2024-006300,2/23/2024 12:13,Ayam,71000,1.708986726,18,,,FALSE,Tidak Ada,Selesai
ORD-2024-006301,1/4/2024 12:21,Martabak,19000,3.538695718,8,3,Standar lah,TRUE,Tinggi,Selesai
ORD-2024-006302,3/3/2024 12:39,Kopi,14000,1.805878802,14,5,Mantap gan!,TRUE,Tidak Ada,Selesai
ORD-2024-006303,1/2/2024 21:46,Kopi,18500,0.5,21,3,Lumayan,FALSE,Tidak Ada,Selesai
ORD-2024-006304,4/3/2024 13:58,Martabak,23500,6.365098216,30,4,Nggg enak 😋,FALSE,Rendah,Dibatalkan
ORD-2024-006305,1/19/2024 17:21,Kopi,17500,1.677923088,11,3,Biasa saja,TRUE,Tidak Ada,Selesai
ORD-2024-006306,2/10/2024 3:13,Kopi,17500,0.5,8,5,Enak bgt,FALSE,Rendah,Selesai
ORD-2024-006307,3/14/2024 0:13,Kopi,15500,2.261023592,23,2,Bau gak tauu,FALSE,Tinggi,Selesai
ORD-2024-006308,1/22/2024 7:27,Kopi,20000,3.126810921,22,,,TRUE,Tidak Ada,Selesai
ORD-2024-006309,27/01/2024 20:12,Kopi,15500,0.967162038,13,4,Buruan order!!11,FALSE,Tidak Ada,Selesai
ORD-2024-006310,3/22/2024 12:34,Mie,27500,4.833424203,30,4,Buruan order!11,TRUE,Tidak Ada,Selesai
ORD-2024-006311,3/29/2024 13:28,Kopi,0,3.323950802,32,4,Driver ramah,TRUE,Tidak Ada,Selesai
ORD-2024-006312,2/22/2024 19:33,Kopi,13000,3.152392108,36,4,Driver ramah,FALSE,Rendah,Selesai
ORD-2024-006313,2/4/2024 12:31,Martabak,36000,1.638451561,13,5,Enak bgttt,FALSE,Tidak Ada,Selesai
ORD-2024-006314,1/5/2024 17:29,Ayam,47000,9.803828068,47,,,FALSE,Tidak Ada,Selesai
ORD-2024-006315,1/22/2024 20:25,Ayam,53500,0.96139758,27,4,Buruan order!11,FALSE,Tinggi,Dibatalkan
ORD-2024-006316,2/15/2024 17:32,Mie,23500,2.58615703,26,2,Makanannya dingin,FALSE,Tinggi,Selesai
ORD-2024-006317,2/4/2024 11:23,Martabak,32500,1.109085843,5,5,Sesuai pesanan,FALSE,Tidak Ada,Selesai
ORD-2024-006318,1/15/2024 22:13,Kopi,12000,4.097179057,15,5,Wow enak bgt,TRUE,Tidak Ada,Selesai
ORD-2024-006319,1/9/2024 14:07,Martabak,35500,0.5,6,,,FALSE,Tidak Ada,Selesai
ORD-2024-006320,1/4/2024 12:04,Ayam,51000,0.5,10,4,Buruan order!!!11,TRUE,Tidak Ada,Selesai
ORD-2024-006321,1/22/2024 17:50,Martabak,24500,4.99581877,34,3,OK,FALSE,Tidak Ada,Selesai
ORD-2024-006322,3/21/2024 13:58,Kopi,19000,1.708905288,36,4,Sesuai pesanan,TRUE,Tidak Ada,Selesai
ORD-2024-006323,2/20/2024 18:24,Kopi,13000,1.251915017,16,,,FALSE,Tidak Ada,Selesai
ORD-2024-006324,1/30/2024 17:17,Kopi,13500,2.805861548,28,5,Top bgt kualitasnya,FALSE,Tidak Ada,Selesai
ORD-2024-006325,2/7/2024 21:17,Ayam,31500,3.630972232,36,4,Enak bgttt,FALSE,Tidak Ada,Selesai
ORD-2024-006326,2/5/2024 18:22,Ayam,23000,0.673939091,29,4,Makasih ya,FALSE,Tidak Ada,Selesai
ORD-2024-006327,2/24/2024 12:00,Mie,29500,,25,5,Nggg enak 😋,TRUE,Tidak Ada,Selesai
ORD-2024-006328,3/17/2024 20:08,Kopi,21500,9.521044049,39,4,Cepat sampai,FALSE,Tidak Ada,Selesai
ORD-2024-006329,1/20/2024 16:24,Kopi,14500,2.672339068,6,4,Rekomendasi deh,TRUE,Tidak Ada,Selesai
ORD-2024-006330,4/2/2024 22:06,Ayam,38000,1.483461859,9,5,Puas bgt,TRUE,Tinggi,Selesai
ORD-2024-006331,2/26/2024 6:24,Ayam,21000,4.850017477,26,5,Cepat sampai,FALSE,Tinggi,Selesai
ORD-2024-006332,9/3/2024 17:37,Martabak,13500,2.234325543,13,5,Mantap gan!,TRUE,Tidak Ada,Selesai
ORD-2024-006333,3/21/2024 21:12,Kopi,19500,0.829881453,5,2,Paket berantakan,TRUE,Tinggi,Selesai
ORD-2024-006334,18/03/2024 20:43,Kopi,8000,0.694794973,5,3,Yaudah minum teh,TRUE,Tinggi,Dibatalkan
ORD-2024-006335,5/1/2024 17:12,Ayam,32500,1.51681416,46,,,FALSE,Tinggi,Selesai
ORD-2024-006336,3/2/2024 0:15,Martabak,32000,5.896107833,26,3,OK,FALSE,Rendah,Selesai
ORD-2024-006337,3/21/2024 13:12,Ayam,53000,0.5,31,5,Wow enak bgt,TRUE,Tidak Ada,Selesai
ORD-2024-006338,3/1/2024 1:00,Ayam,57000,0.7397202,10,4,Puas bgt,FALSE,Tidak Ada,Refund
ORD-2024-006339,3/3/2024 10:45,Kopi,16500,6.70903896,36,4,Makanan hangat sampai,FALSE,Tidak Ada,Selesai
ORD-2024-006340,1/16/2024 12:38,Ayam,45500,0.5,12,,,TRUE,Tidak Ada,Selesai
ORD-2024-006341,3/19/2024 13:36,Ayam,32500,2.979723637,23,5,Driver ramah,FALSE,Tidak Ada,Selesai
ORD-2024-006342,1/11/2024 22:30,Martabak,25000,0.720531032,18,5,Puas bgt,FALSE,Tidak Ada,Selesai
ORD-2024-006343,2/15/2024 4:30,Martabak,28000,2.793199429,15,,,FALSE,Tidak Ada,Selesai
ORD-2024-006344,1/1/2024 3:26,Mie,13000,1.449165292,5,5,Makanan hangat sampai,FALSE,Tidak Ada,Selesai
ORD-2024-006345,1/9/2024 20:13,Kopi,13000,0.5,6,,,TRUE,Tidak Ada,Selesai
ORD-2024-006346,3/15/2024 9:44,Ayam,45500,2.620233054,11,5,Enak bgt!!,TRUE,Tidak Ada,Selesai
ORD-2024-006347,1/24/2024 11:52,Ayam,40000,3.446965089,25,3,Gapapa,FALSE,Rendah,Selesai
ORD-2024-006348,11/3/2024 12:27,Mie,23500,3.420859742,6,,,FALSE,Tidak Ada,Selesai
ORD-2024-006349,6/3/2024 17:43,Kopi,19500,3.04034172,26,4,Enak bgt!!!!!!,FALSE,Tidak Ada,Selesai
ORD-2024-006350,7/1/2024 11:29,Martabak,36000,2.080790531,32,,,FALSE,Tidak Ada,Selesai
ORD-2024-006351,1/14/2024 13:40,Ayam,77000,2.19861319,15,5,Sesuai pesanan,FALSE,Tidak Ada,Selesai
ORD-2024-006352,2/21/2024 23:47,Kopi,10000,3.028839571,14,4,Makanan hangat sampai,FALSE,Rendah,Selesai
ORD-2024-006353,2/4/2024 18:19,Ayam,44500,3.516059947,44,4,Buruan order!!11,TRUE,Tidak Ada,Selesai
ORD-2024-006354,3/30/2024 9:11,Kopi,21500,3.191560941,31,4,Mantap gan!,FALSE,Tidak Ada,Selesai
ORD-2024-006355,3/22/2024 7:20,Mie,14000,2.652527672,21,3,Standar lah,FALSE,Rendah,Selesai
ORD-2024-006356,1/20/2024 17:12,Mie,18000,0.508236079,7,4,Akan order lg nih,FALSE,Tidak Ada,Selesai
ORD-2024-006357,22/01/2024 15:45,Kopi,14000,0.7095092,17,5,Akan order lg nih,FALSE,Tidak Ada,Selesai
ORD-2024-006358,3/25/2024 21:07,Kopi,25000,0.904223609,6,5,Nggg enak 😋,TRUE,Tidak Ada,Selesai
ORD-2024-006359,1/18/2024 19:24,Mie,19000,7.564524829,27,4,Nggg enak 😋,FALSE,Tidak Ada,Selesai
ORD-2024-006360,3/1/2024 11:21,Martabak,38000,4.273797227,32,3,Yaudah minum teh,TRUE,Tidak Ada,Selesai
ORD-2024-006361,9/1/2024 14:02,Ayam,51000,2.414696358,16,3,OK,FALSE,Rendah,Selesai
ORD-2024-006362,3/17/2024 11:31,Kopi,11500,0.871285235,5,,,FALSE,Tidak Ada,Selesai
ORD-2024-006363,15/01/2024 03:04,Ayam,98500,0.5,16,5,Enak bgt!!!,FALSE,Rendah,Selesai
ORD-2024-006364,2/2/2024 11:06,Kopi,17500,6.870761094,51,3,Gapapa,FALSE,Tinggi,Dibatalkan
ORD-2024-006365,1/31/2024 14:23,Kopi,18000,,42,,,FALSE,Tinggi,Selesai
ORD-2024-006366,8/2/2024 15:13,Kopi,19000,0.5,8,5,Enak bgttt,FALSE,Rendah,Selesai
ORD-2024-006367,3/26/2024 21:54,Kopi,500,4.786851572,9,4,Makanan hangat sampai,TRUE,Tidak Ada,Refund
ORD-2024-006368,1/24/2024 14:18,Ayam,59000,1.775266967,20,,,FALSE,Tidak Ada,Selesai
ORD-2024-006369,3/4/2024 17:30,Kopi,25500,1.174539865,10,4,Akan order lg nih,FALSE,Tidak Ada,Selesai
ORD-2024-006370,1/16/2024 19:15,Mie,32000,4.030906421,18,5,Enak bgt,FALSE,Tidak Ada,Selesai
ORD-2024-006371,1/13/2024 11:35,Martabak,44000,2.858316022,5,4,Makasih ya,TRUE,Tidak Ada,Selesai
ORD-2024-006372,2/21/2024 21:03,Ayam,41000,4.542793784,46,,,FALSE,Rendah,Refund
ORD-2024-006373,2/21/2024 17:09,Mie,31000,0.5,5,5,Akan order lg nih,FALSE,Tidak Ada,Selesai
ORD-2024-006374,1/27/2024 18:53,Mie,35500,1.150760175,5,4,Akan order lg nih,FALSE,Rendah,Selesai
ORD-2024-006375,2/16/2024 20:19,Ayam,36500,1.15397506,32,4,Mantap gan!,TRUE,Tidak Ada,Dibatalkan
ORD-2024-006376,3/26/2024 17:49,Ayam,43500,1.200327347,17,,,TRUE,Tidak Ada,Selesai
ORD-2024-006377,1/2/2024 14:00,Martabak,43000,2.094357799,18,5,Wow enak bgt,FALSE,Tidak Ada,Selesai
ORD-2024-006378,16/03/2024 00:28,Mie,19000,0.998096069,15,5,Driver ramah,FALSE,Rendah,Selesai
ORD-2024-006379,3/3/2024 17:33,Mie,16500,1.763031507,23,,,FALSE,Rendah,Selesai
ORD-2024-006380,2/23/2024 22:48,Mie,36500,1.375542111,16,2,Gak sesuai foto,TRUE,Tinggi,Selesai
ORD-2024-006381,15/03/2024 11:31,Martabak,39000,3.987429719,12,4,Akan order lg nih,TRUE,Tidak Ada,Selesai
ORD-2024-006382,1/5/2024 21:15,Kopi,18500,2.775243734,7,5,Sesuai pesanan,FALSE,Tidak Ada,Selesai
ORD-2024-006383,3/17/2024 14:31,Ayam,50500,3.180738217,16,5,Puas bgt,TRUE,Tidak Ada,Selesai
ORD-2024-006384,2/26/2024 21:11,Ayam,44000,0.70938514,10,4,Akan order lg nih,FALSE,Tidak Ada,Selesai
ORD-2024-006385,1/8/2024 9:43,Kopi,500,1.181360441,11,,,FALSE,Tidak Ada,Dibatalkan
ORD-2024-006386,2/13/2024 20:08,Martabak,45500,0.5,16,5,Rekomendasi deh,FALSE,Tidak Ada,Selesai
ORD-2024-006387,2/16/2024 2:49,Kopi,19000,0.5,9,4,Akan order lg nih,FALSE,Tidak Ada,Selesai
ORD-2024-006388,3/5/2024 13:31,Martabak,32000,0.923875703,9,,,TRUE,Rendah,Refund
ORD-2024-006389,1/1/2024 1:12,Ayam,51500,0.5,15,5,Mantap gan!,FALSE,Tidak Ada,Selesai
ORD-2024-006390,17/01/2024 01:11,Kopi,16500,2.768680449,24,,,FALSE,Rendah,Selesai
ORD-2024-006391,2/20/2024 18:03,Ayam,40000,18.84563652,72,,,FALSE,Tidak Ada,Selesai
ORD-2024-006392,19/02/2024 08:22,Kopi,12000,,5,2,"Narik duit banyak😡",FALSE,Tinggi,Selesai
ORD-2024-006393,2/17/2024 7:15,Martabak,27500,5.164969216,27,5,Rekomendasi deh,TRUE,Tidak Ada,Selesai
ORD-2024-006394,5/1/2024 14:48,Martabak,39000,0.5,10,,,FALSE,Tinggi,Selesai
ORD-2024-006395,1/6/2024 7:21,Mie,16000,3.325206328,27,5,Sesuai pesanan,TRUE,Tidak Ada,Selesai
ORD-2024-006396,2/13/2024 12:17,Ayam,74000,3.091383179,14,5,Mantap gan!,FALSE,Tidak Ada,Selesai
ORD-2024-006397,3/2/2024 18:21,Kopi,17000,6.990391057,26,5,Buruan order!11,FALSE,Tidak Ada,Selesai
ORD-2024-006398,3/2/2024 18:37,Ayam,64500,0.5,8,4,Puas bgt,FALSE,Tidak Ada,Selesai
ORD-2024-006399,15/02/2024 06:25,Kopi,20000,1.136956521,18,,,TRUE,Rendah,Selesai
ORD-2024-006400,2/22/2024 18:12,Mie,32500,0.5,10,4,Makanan hangat sampai,TRUE,Tidak Ada,Selesai
ORD-2024-006401,1/30/2024 13:08,Martabak,30000,1.569622521,17,5,Sesuai pesanan,FALSE,Tidak Ada,Selesai
ORD-2024-006402,2/15/2024 5:49,Mie,1000,,28,4,Buruan order!11,TRUE,Tidak Ada,Selesai
ORD-2024-006403,2/29/2024 12:31,Ayam,91500,4.563225674,38,5,Mantap gan!,FALSE,Tidak Ada,Selesai
ORD-2024-006404,2/13/2024 6:06,Mie,29500,3.850131569,25,4,Makasih ya,FALSE,Rendah,Selesai
ORD-2024-006405,30/01/2024 23:44,Ayam,35000,2.28445476,5,4,Driver ramah,TRUE,Rendah,Selesai
ORD-2024-006406,1/1/2024 21:19,Mie,22000,6.44922489,44,2,Ayamnya keras,TRUE,Tinggi,Selesai
ORD-2024-006407,2/2/2024 1:13,Ayam,56000,1.790467809,20,4,Makanan hangat sampai,TRUE,Tidak Ada,Refund
ORD-2024-006408,2/4/2024 12:56,Ayam,59000,0.5,24,,,FALSE,Tidak Ada,Selesai
ORD-2024-006409,1/16/2024 21:56,Kopi,19500,5.452805594,27,5,Buruan order!!11,FALSE,Tidak Ada,Selesai
ORD-2024-006410,9/3/2024 14:40,Mie,29000,0.984005613,7,5,Wow enak bgt,TRUE,Tidak Ada,Selesai
ORD-2024-006411,1/17/2024 20:57,Ayam,51500,0.5,13,,,FALSE,Tidak Ada,Selesai
ORD-2024-006412,1/2/2024 12:28,Kopi,14000,0.5,15,4,Wow enak bgt,FALSE,Tidak Ada,Selesai
ORD-2024-006413,3/23/2024 17:30,Mie,29000,2.817595233,34,5,Enak bgt,TRUE,Tidak Ada,Selesai
ORD-2024-006414,19/02/2024 20:18,Kopi,24500,2.802462745,28,5,Makanan hangat sampai,FALSE,Tidak Ada,Selesai
ORD-2024-006415,2/15/2024 12:06,Ayam,68500,0.904057956,17,3,OK,FALSE,Rendah,Selesai
ORD-2024-006416,3/30/2024 18:29,Kopi,967000,3.896830753,25,5,Wow enak bgt,FALSE,Tidak Ada,Selesai
ORD-2024-006417,2/25/2024 13:13,Kopi,19000,4.45688794,28,5,Makasih ya,FALSE,Tidak Ada,Selesai
ORD-2024-006418,2/27/2024 14:33,Mie,24500,,36,4,Cepat sampai,TRUE,Tidak Ada,Selesai
ORD-2024-006419,1/27/2024 12:33,Martabak,32000,2.637978493,28,,,FALSE,Tinggi,Selesai
ORD-2024-006420,3/14/2024 14:39,Kopi,11000,4.534530269,14,4,Driver ramah,TRUE,Tidak Ada,Selesai
ORD-2024-006421,3/27/2024 6:43,Mie,15500,4.196311757,23,5,Top bgt kualitasnya,FALSE,Tidak Ada,Selesai
ORD-2024-006422,2/17/2024 12:06,Kopi,19000,0.894446166,25,4,Makasih ya,TRUE,Tidak Ada,Selesai
ORD-2024-006423,3/15/2024 13:22,Ayam,70000,1.1141735,5,4,Makanan hangat sampai,FALSE,Tidak Ada,Selesai
ORD-2024-006424,1/11/2024 23:01,Ayam,84000,1.953036744,31,5,Nggg enak 😋,FALSE,Tidak Ada,Refund
ORD-2024-006425,2/20/2024 21:25,Kopi,13000,,5,4,Nggg enak 😋,FALSE,Tidak Ada,Selesai
ORD-2024-006426,1/5/2024 20:14,Ayam,76000,1.058893109,11,,,TRUE,Tidak Ada,Selesai
ORD-2024-006427,3/1/2024 13:53,Mie,35000,1.92669425,29,4,Wow enak bgt,FALSE,Tidak Ada,Selesai
ORD-2024-006428,3/9/2024 18:35,Martabak,26500,,28,5,Nggg enak 😋,FALSE,Tidak Ada,Selesai
ORD-2024-006429,3/19/2024 11:14,Ayam,75000,0.5,17,4,Top bgt kualitasnya,FALSE,Tidak Ada,Selesai
ORD-2024-006430,2/9/2024 14:24,Kopi,20500,1.866594391,22,4,Driver ramah,TRUE,Tidak Ada,Selesai
ORD-2024-006431,2/11/2024 20:15,Martabak,38500,3.938741741,43,2,Ayamnya keras,FALSE,Tinggi,Selesai
ORD-2024-006432,2/7/2024 14:14,Mie,3856500,5.382768507,18,4,Sesuai pesanan,FALSE,Tidak Ada,Selesai
ORD-2024-006433,3/19/2024 13:00,Mie,28000,2.371049173,5,5,Nggg enak 😋,TRUE,Tidak Ada,Selesai
ORD-2024-006434,2/14/2024 13:26,Kopi,10500,1.931637035,5,5,Mantap gan!,FALSE,Tidak Ada,Selesai
ORD-2024-006435,3/25/2024 6:04,Martabak,31000,1.454891662,8,5,Puas bgt,TRUE,Tidak Ada,Selesai
ORD-2024-006436,3/3/2024 11:09,Kopi,10500,0.643105219,7,4,Wow enak bgt,FALSE,Tidak Ada,Selesai
ORD-2024-006437,3/1/2024 23:51,Kopi,18000,0.5,15,,,FALSE,Rendah,Selesai
ORD-2024-006438,18/02/2024 07:43,Ayam,16000,,32,2,Makanannya dingin,TRUE,Tinggi,Selesai
ORD-2024-006439,2/14/2024 21:50,Ayam,20500,1.876502786,27,1,Gajadi orderan,FALSE,Tinggi,Selesai
ORD-2024-006440,1/24/2024 12:18,Kopi,20000,4.686521672,37,5,Makasih ya,FALSE,Tidak Ada,Selesai
ORD-2024-006441,2/4/2024 21:04,Ayam,42500,3.653029172,16,,,FALSE,Tidak Ada,Dibatalkan
ORD-2024-006442,1/1/2024 18:07,Ayam,35000,0.646627219,18,,,TRUE,Tinggi,Selesai
ORD-2024-006443,8/2/2024 20:25,Martabak,39500,2.141931463,13,4,Rekomendasi deh,TRUE,Tidak Ada,Selesai
ORD-2024-006444,1/3/2024 6:54,Ayam,57000,1.761050688,20,4,Nggg enak 😋,FALSE,Rendah,Selesai
ORD-2024-006445,2/9/2024 14:49,Kopi,20000,1.654284105,18,,,TRUE,Tidak Ada,Selesai
ORD-2024-006446,3/14/2024 18:42,Kopi,16000,2.346401115,29,,,FALSE,Tidak Ada,Selesai
ORD-2024-006447,19/03/2024 19:05,Mie,45000,12.06583189,78,,,FALSE,Tidak Ada,Selesai
ORD-2024-006448,1/8/2024 19:42,Kopi,14000,5.02834572,30,5,Nggg enak 😋,FALSE,Tidak Ada,Selesai
ORD-2024-006449,4/3/2024 14:18,Ayam,80500,7.021248184,27,2,Kecewa bgt,FALSE,Rendah,Selesai
ORD-2024-006450,3/25/2024 20:35,Kopi,16000,,5,5,Wow enak bgt,FALSE,Tidak Ada,Dibatalkan
ORD-2024-006451,2/14/2024 7:45,Mie,14500,0.5,5,4,Mantap gan!!!,FALSE,Tidak Ada,Selesai
ORD-2024-006452,3/14/2024 8:58,Mie,29500,0.5,20,,,FALSE,Tidak Ada,Selesai
ORD-2024-006453,3/29/2024 7:34,Kopi,18000,0.916442627,17,,,TRUE,Tidak Ada,Selesai
ORD-2024-006454,1/8/2024 22:20,Ayam,34000,1.749611005,17,,,FALSE,Tidak Ada,Selesai
ORD-2024-006455,3/14/2024 13:24,Mie,19500,3.08211312,27,,,FALSE,Tidak Ada,Selesai
ORD-2024-006456,12/1/2024 20:34,Ayam,51000,2.08443329,26,,,FALSE,Tidak Ada,Selesai
ORD-2024-006457,2/27/2024 21:33,Martabak,32500,,22,5,Nggg enak 😋,FALSE,Tidak Ada,Selesai
ORD-2024-006458,5/3/2024 14:17,Kopi,6000,,52,3,Yaudah minum teh,FALSE,Rendah,Selesai
ORD-2024-006459,2/15/2024 14:32,Ayam,69000,0.535661415,18,,,FALSE,Tidak Ada,Selesai
ORD-2024-006460,3/5/2024 12:47,Ayam,43000,5.750191465,19,5,Cepat sampai,FALSE,Tidak Ada,Selesai
ORD-2024-006461,31/01/2024 14:17,Ayam,29000,1.971731684,22,4,Sesuai pesanan,FALSE,Tidak Ada,Selesai
ORD-2024-006462,22/03/2024 12:19,Martabak,37000,1.811726947,6,5,Nggg enak 😋,FALSE,Rendah,Selesai
ORD-2024-006463,2/15/2024 14:38,Mie,26000,4.610505572,33,5,Buruan order!!!11,FALSE,Tidak Ada,Dibatalkan
ORD-2024-006464,1/15/2024 11:43,Ayam,72000,0.5,15,5,Nggg enak 😋,TRUE,Tidak Ada,Selesai
ORD-2024-006465,1/31/2024 17:00,Mie,29000,6.423775371,25,5,Makanan hangat sampai,FALSE,Tidak Ada,Selesai
ORD-2024-006466,1/27/2024 13:26,Ayam,51500,3.333846836,28,3,Lumayan,TRUE,Rendah,Selesai
ORD-2024-006467,2/24/2024 13:37,Kopi,16000,6.244609788,42,4,Rekomendasi deh,FALSE,Tidak Ada,Selesai
ORD-2024-006468,3/2/2024 20:17,Ayam,59500,15.59681608,63,1,Driver gak ramah,TRUE,Tinggi,Selesai
ORD-2024-006469,3/15/2024 11:27,Mie,23000,,27,5,Rekomendasi deh,TRUE,Tidak Ada,Selesai
ORD-2024-006470,1/15/2024 1:48,Martabak,23500,0.5,9,4,Top bgt kualitasnya,FALSE,Tidak Ada,Selesai
ORD-2024-006471,3/28/2024 19:22,Martabak,34500,,22,5,Mantap gan!,FALSE,Tidak Ada,Selesai
ORD-2024-006472,3/5/2024 22:04,Mie,25000,1.172992897,13,4,Sesuai pesanan,TRUE,Tinggi,Dibatalkan
ORD-2024-006473,3/22/2024 13:07,Martabak,30500,0.5,25,5,Puas bgt,TRUE,Tidak Ada,Selesai
ORD-2024-006474,1/29/2024 13:08,Mie,33500,5.067746616,21,3,Lumayan,FALSE,Tidak Ada,Selesai
ORD-2024-006475,3/25/2024 17:52,Martabak,29000,1.056631279,7,3,Lumayan,TRUE,Rendah,Selesai
ORD-2024-006476,2/10/2024 0:10,Mie,26000,11.17491147,37,5,Top bgt kualitasnya,FALSE,Tidak Ada,Selesai
ORD-2024-006477,2/3/2024 11:06,Kopi,14000,3.637945306,26,4,Wow enak bgt,FALSE,Tidak Ada,Selesai
ORD-2024-006478,9/1/2024 13:51,Ayam,58500,,13,,,FALSE,Tidak Ada,Selesai
ORD-2024-006479,1/13/2024 2:58,Kopi,18000,1.939034956,18,5,Wow enak bgt,TRUE,Tidak Ada,Selesai
ORD-2024-006480,2/19/2024 20:51,Ayam,66500,1.887049975,8,5,Cepat sampai,TRUE,Tidak Ada,Dibatalkan
ORD-2024-006481,18/03/2024 21:07,Kopi,14000,2.034844621,12,5,Makasih ya,FALSE,Tinggi,Dibatalkan
ORD-2024-006482,3/21/2024 11:02,Kopi,14500,2.301616103,32,1,Paket berantakan,FALSE,Tinggi,Dibatalkan
ORD-2024-006483,16/01/2024 21:14,Martabak,36000,,17,5,Akan order lg nih,TRUE,Tidak Ada,Selesai
ORD-2024-006484,2/22/2024 17:32,Ayam,55500,3.477965257,31,4,Enak bgttt,TRUE,Tidak Ada,Refund
ORD-2024-006485,3/4/2024 11:34,Ayam,36500,2.003560004,17,4,Makanan hangat sampai,FALSE,Tidak Ada,Selesai
ORD-2024-006486,3/19/2024 19:54,Kopi,22000,4.695766455,32,,,TRUE,Tidak Ada,Selesai
ORD-2024-006487,12/3/2024 11:01,Mie,14000,5.06787248,26,5,Makasih ya,TRUE,Tidak Ada,Selesai
ORD-2024-006488,30/03/2024 14:05,Kopi,20000,0.786179908,5,,,FALSE,Rendah,Selesai
ORD-2024-006489,1/29/2024 12:04,Kopi,2498000,0.5,24,5,Top bgt kualitasnya,FALSE,Tidak Ada,Selesai
ORD-2024-006490,14/03/2024 18:02,Martabak,35000,3.644432534,27,5,Sesuai pesanan,TRUE,Tidak Ada,Selesai
ORD-2024-006491,2/3/2024 11:52,Martabak,40500,11.41796459,46,4,Rekomendasi deh,FALSE,Tidak Ada,Selesai
ORD-2024-006492,3/27/2024 14:31,Ayam,83000,1.775336999,18,,,FALSE,Tidak Ada,Selesai
ORD-2024-006493,2/14/2024 20:16,Kopi,11500,0.901745998,11,3,Gapapa,TRUE,Tinggi,Selesai
ORD-2024-006494,2/21/2024 12:57,Ayam,49000,0.511197555,28,1,Bau gak tauu,FALSE,Tidak Ada,Selesai
ORD-2024-006495,1/17/2024 20:14,Mie,25500,1.016697046,22,,,FALSE,Tinggi,Selesai
ORD-2024-006496,2/19/2024 19:04,Ayam,63000,1.192131691,5,5,Makasih ya,FALSE,Rendah,Selesai
ORD-2024-006497,3/27/2024 11:07,Kopi,16000,1.654290548,6,4,Puas bgt,FALSE,Tidak Ada,Selesai
ORD-2024-006498,3/23/2024 11:57,Ayam,39500,3.196174878,26,5,Akan order lg nih,TRUE,Tidak Ada,Selesai
ORD-2024-006499,1/17/2024 22:41,Ayam,55000,0.957159338,14,5,Buruan order!11,FALSE,Tidak Ada,Selesai
ORD-2024-006500,3/27/2024 21:59,Martabak,27500,0.5,19,5,Rekomendasi deh,FALSE,Tidak Ada,Selesai
ORD-2024-006501,24/01/2024 14:37,Ayam,61000,1.401759581,16,,,TRUE,Tidak Ada,Selesai
ORD-2024-006502,1/8/2024 18:14,Ayam,38000,5.806119515,27,4,Puas bgt,FALSE,Tinggi,Selesai
ORD-2024-006503,3/25/2024 14:35,Kopi,12000,,24,5,Wow enak bgt,FALSE,Tidak Ada,Dibatalkan
ORD-2024-006504,30/03/2024 17:54,Ayam,73500,10.03874363,54,,,FALSE,Tidak Ada,Selesai
ORD-2024-006505,19/02/2024 21:48,Ayam,89500,2.101249803,32,5,Driver ramah,FALSE,Tidak Ada,Selesai
ORD-2024-006506,1/7/2024 11:01,Mie,39000,0.968472422,23,,,FALSE,Rendah,Selesai
ORD-2024-006507,1/9/2024 11:53,Martabak,29500,0.644462335,6,3,Gapapa,TRUE,Tinggi,Selesai
ORD-2024-006508,1/1/2024 20:50,Mie,33500,3.557657068,27,,,FALSE,Tidak Ada,Selesai
ORD-2024-006509,3/29/2024 0:16,Mie,21000,2.306078403,15,5,Akan order lg nih,FALSE,Tidak Ada,Selesai
ORD-2024-006510,2/22/2024 17:44,Martabak,863000,2.77901509,13,5,Puas bgt,TRUE,Rendah,Selesai
ORD-2024-006511,3/4/2024 8:02,Ayam,62500,4.22104413,8,,,FALSE,Rendah,Selesai
ORD-2024-006512,1/31/2024 13:16,Martabak,38500,3.882824743,48,,,FALSE,Rendah,Selesai
ORD-2024-006513,2/15/2024 14:00,Mie,24500,0.5,8,1,Lama org kerjanyaa,FALSE,Tinggi,Selesai
ORD-2024-006514,12/2/2024 16:02,Martabak,45000,4.867142515,24,,,FALSE,Tidak Ada,Selesai
ORD-2024-006515,3/29/2024 8:21,Kopi,14000,2.282372719,19,5,Makasih ya,TRUE,Tidak Ada,Selesai
ORD-2024-006516,3/12/2024 13:36,Ayam,55500,1.491303365,18,4,Rekomendasi deh,FALSE,Tinggi,Selesai
ORD-2024-006517,2/3/2024 13:05,Mie,27500,2.313452177,5,5,Enak bgt!!!!,FALSE,Tidak Ada,Selesai
ORD-2024-006518,3/20/2024 9:39,Martabak,21500,2.843742431,17,3,Standar lah,FALSE,Tidak Ada,Selesai
ORD-2024-006519,24/03/2024 20:11,Mie,24000,0.5,31,4,Puas bgt,TRUE,Tidak Ada,Selesai
ORD-2024-006520,3/27/2024 17:18,Ayam,54000,,16,3,Standar lah,TRUE,Tinggi,Dibatalkan
ORD-2024-006521,2/19/2024 21:51,Ayam,44500,1.226550439,32,4,Wow enak bgt,TRUE,Tidak Ada,Selesai
ORD-2024-006522,1/13/2024 19:31,Ayam,92500,1.29423678,17,4,Top bgt kualitasnya,FALSE,Tidak Ada,Selesai
ORD-2024-006523,3/21/2024 20:18,Martabak,23500,0.5,10,4,Top bgt kualitasnya,FALSE,Tidak Ada,Selesai
ORD-2024-006524,7/3/2024 11:08,Ayam,71500,0.522501242,15,5,Buruan order!!11,TRUE,Rendah,Selesai
ORD-2024-006525,2/19/2024 14:24,Ayam,4279000,0.529610406,14,4,Rekomendasi deh,TRUE,Tidak Ada,Selesai
ORD-2024-006526,2/19/2024 21:25,Mie,25000,1.401501734,17,,,TRUE,Tidak Ada,Selesai
ORD-2024-006527,25/01/2024 12:17,Ayam,56000,6.746892558,31,5,Makasih ya,TRUE,Rendah,Selesai
ORD-2024-006528,3/11/2024 20:30,Mie,20500,,5,5,Rekomendasi deh,TRUE,Tidak Ada,Selesai
ORD-2024-006529,2/20/2024 18:53,Kopi,12000,1.614551961,23,5,Makanan hangat sampai,TRUE,Tidak Ada,Selesai
ORD-2024-006530,3/28/2024 12:04,Mie,13000,1.120196675,17,5,Top bgt kualitasnya,FALSE,Tidak Ada,Selesai
ORD-2024-006531,4/3/2024 6:05,Kopi,14000,4.644792972,37,,,TRUE,Tidak Ada,Selesai
ORD-2024-006532,2/11/2024 12:12,Mie,36000,0.5,13,4,Cepat sampai,FALSE,Tinggi,Selesai
ORD-2024-006533,2/19/2024 0:33,Mie,15500,0.65649631,5,4,Makanan hangat sampai,TRUE,Tidak Ada,Selesai
ORD-2024-006534,7/3/2024 9:38,Ayam,64500,0.709604227,15,,,FALSE,Rendah,Selesai
ORD-2024-006535,2/27/2024 13:54,Ayam,66000,14.86963488,66,,,FALSE,Rendah,Selesai
ORD-2024-006536,20/01/2024 13:58,Ayam,92500,2.537322192,17,4,Wow enak bgt,FALSE,Tidak Ada,Selesai
ORD-2024-006537,2/12/2024 11:12,Martabak,38000,,20,5,Nggg enak 😋,TRUE,Rendah,Selesai
ORD-2024-006538,2/4/2024 20:01,Mie,32500,0.953183434,20,4,Makanan hangat sampai,TRUE,Rendah,Selesai
ORD-2024-006539,3/20/2024 12:15,Kopi,18000,0.551127096,5,5,Makasih ya,TRUE,Tidak Ada,Selesai
ORD-2024-006540,16/01/2024 11:56,Martabak,30000,0.5,9,,,TRUE,Tidak Ada,Selesai
ORD-2024-006541,3/15/2024 13:56,Ayam,66000,4.786339182,40,5,Top bgt kualitasnya,FALSE,Tidak Ada,Selesai
ORD-2024-006542,1/14/2024 8:58,Mie,34500,2.054064946,8,5,Akan order lg nih,FALSE,Tidak Ada,Selesai
ORD-2024-006543,1/10/2024 11:51,Mie,27000,2.992584821,21,,,TRUE,Rendah,Selesai
ORD-2024-006544,3/3/2024 19:44,Ayam,73000,1.207040536,19,4,Makasih ya,FALSE,Tidak Ada,Selesai
ORD-2024-006545,26/01/2024 20:29,Kopi,29000,2.420258691,10,5,Driver ramah,TRUE,Tidak Ada,Selesai
ORD-2024-006546,3/16/2024 4:44,Ayam,52500,0.893476157,12,2,Kurang sambelnya,TRUE,Rendah,Selesai
ORD-2024-006547,1/20/2024 11:27,Kopi,17000,,15,4,Buruan order!!11,FALSE,Tidak Ada,Selesai
ORD-2024-006548,30/01/2024 14:39,Kopi,16000,3.168710344,20,4,Sesuai pesanan,TRUE,Tidak Ada,Selesai
ORD-2024-006549,7/3/2024 11:41,Ayam,53500,0.5,5,5,Buruan order!!11,FALSE,Tidak Ada,Selesai
ORD-2024-006550,3/28/2024 18:55,Kopi,500,2.880899173,22,4,Sesuai pesanan,FALSE,Tidak Ada,Selesai
ORD-2024-006551,2/22/2024 14:33,Ayam,42000,5.736392588,27,5,Makanan hangat sampai,FALSE,Tidak Ada,Selesai
ORD-2024-006552,2/25/2024 21:21,Kopi,18500,0.5,24,4,Buruan order!11,TRUE,Tidak Ada,Selesai
ORD-2024-006553,2/27/2024 11:55,Kopi,18500,6.832544404,41,5,Top bgt kualitasnya,FALSE,Tidak Ada,Selesai
ORD-2024-006554,3/30/2024 12:12,Ayam,1779500,0.5,6,5,Nggg enak 😋,FALSE,Rendah,Refund
ORD-2024-006555,3/4/2024 4:20,Martabak,39000,1.287318631,11,5,Nggg enak 😋,FALSE,Tidak Ada,Selesai
ORD-2024-006556,1/24/2024 13:12,Martabak,45000,2.82874599,23,5,Akan order lg nih,FALSE,Tinggi,Selesai
ORD-2024-006557,2/29/2024 21:35,Kopi,15500,2.458954036,17,3,Lumayan,TRUE,Tidak Ada,Selesai
ORD-2024-006558,1/4/2024 12:16,Ayam,34000,0.5,5,5,Sesuai pesanan,FALSE,Tidak Ada,Selesai
ORD-2024-006559,3/11/2024 5:32,Martabak,44500,,27,,,TRUE,Tidak Ada,Selesai
ORD-2024-006560,3/2/2024 20:27,Mie,26500,10.85283635,56,3,Yaudah minum teh,TRUE,Tinggi,Dibatalkan
ORD-2024-006561,1/6/2024 21:34,Ayam,67500,0.599849926,21,4,Rekomendasi deh,FALSE,Tidak Ada,Selesai
ORD-2024-006562,3/30/2024 14:05,Ayam,39500,6.765129117,45,1,Makanannya dingin,TRUE,Tinggi,Selesai
ORD-2024-006563,1/8/2024 19:13,Ayam,51500,2.441266345,13,5,Mantap gan!,FALSE,Rendah,Selesai
ORD-2024-006564,1/28/2024 12:35,Kopi,22500,8.243513719,49,2,😠😠😠,TRUE,Tinggi,Refund
ORD-2024-006565,1/14/2024 18:25,Ayam,53500,0.581067219,5,5,Top bgt kualitasnya,FALSE,Rendah,Selesai
ORD-2024-006566,24/03/2024 13:45,Kopi,17000,4.710960169,32,,,FALSE,Tidak Ada,Selesai
ORD-2024-006567,2/2/2024 8:14,Martabak,19000,0.5,6,4,Akan order lg nih,FALSE,Tidak Ada,Refund
ORD-2024-006568,16/01/2024 14:05,Kopi,639500,6.441785364,39,5,Buruan order!!!11,TRUE,Tidak Ada,Selesai
ORD-2024-006569,2/15/2024 14:59,Kopi,18000,3.364041127,10,5,Mantap gan!,FALSE,Tidak Ada,Selesai
ORD-2024-006570,2/29/2024 12:13,Kopi,2147000,1.387319881,22,4,Buruan order!11,FALSE,Tidak Ada,Selesai
ORD-2024-006571,3/19/2024 3:51,Kopi,23000,0.633892568,6,,,FALSE,Tidak Ada,Selesai
ORD-2024-006572,2/16/2024 12:56,Ayam,56500,5.087163004,35,5,Driver ramah,TRUE,Tidak Ada,Selesai
ORD-2024-006573,2/27/2024 14:53,Ayam,64500,2.773281137,26,5,Driver ramah,FALSE,Rendah,Selesai
ORD-2024-006574,1/12/2024 11:47,Mie,28500,1.340811252,21,4,Rekomendasi deh,FALSE,Tidak Ada,Selesai
ORD-2024-006575,2/8/2024 13:38,Ayam,80500,,19,4,Makasih ya,FALSE,Tidak Ada,Selesai
ORD-2024-006576,3/10/2024 17:45,Martabak,41500,5.255470698,20,5,Sesuai pesanan,FALSE,Tidak Ada,Selesai
ORD-2024-006577,3/8/2024 17:53,Mie,17500,1.241673897,31,5,Rekomendasi deh,TRUE,Tidak Ada,Selesai
ORD-2024-006578,2/21/2024 12:07,Ayam,48500,0.5,13,5,Makasih ya,TRUE,Tidak Ada,Selesai
ORD-2024-006579,1/20/2024 19:13,Kopi,20000,7.26688326,37,5,Buruan order!!11,FALSE,Tidak Ada,Selesai
ORD-2024-006580,1/29/2024 20:57,Kopi,12500,1.469853751,31,,,TRUE,Tinggi,Selesai
ORD-2024-006581,1/6/2024 6:13,Mie,15000,1.284915708,7,1,Bau gak tauu,TRUE,Tinggi,Selesai
ORD-2024-006582,1/24/2024 13:16,Mie,20500,0.685974759,14,5,Nggg enak 😋,TRUE,Tidak Ada,Selesai
ORD-2024-006583,2/26/2024 14:13,Martabak,29000,6.831412089,38,2,Gajadi orderan,FALSE,Tinggi,Selesai
ORD-2024-006584,2/9/2024 23:56,Ayam,0,0.735804518,10,4,Top bgt kualitasnya,FALSE,Tidak Ada,Selesai
ORD-2024-006585,2/20/2024 19:29,Martabak,21500,3.037354981,26,5,Makanan hangat sampai,TRUE,Tidak Ada,Selesai
ORD-2024-006586,3/4/2024 14:01,Kopi,9000,6.379977122,29,,,TRUE,Tidak Ada,Selesai
ORD-2024-006587,2/22/2024 11:25,Kopi,21500,0.5,13,5,Mantap gan!!,TRUE,Rendah,Selesai
ORD-2024-006588,27/02/2024 18:10,Ayam,67000,5.294623098,32,,,FALSE,Rendah,Selesai
ORD-2024-006589,1/20/2024 12:50,Ayam,56000,1.585947682,31,,,FALSE,Tidak Ada,Selesai
ORD-2024-006590,1/17/2024 12:54,Martabak,31000,3.21861061,39,,,TRUE,Tidak Ada,Selesai
ORD-2024-006591,3/9/2024 13:48,Kopi,19000,1.397578587,19,,,FALSE,Tidak Ada,Selesai
ORD-2024-006592,2/3/2024 6:38,Ayam,35000,3.567412741,30,,,TRUE,Tidak Ada,Selesai
ORD-2024-006593,1/2/2024 23:49,Kopi,22000,0.880275254,7,5,Driver ramah,FALSE,Rendah,Selesai
ORD-2024-006594,2/25/2024 17:57,Mie,26500,,35,,,FALSE,Tidak Ada,Selesai
ORD-2024-006595,20/02/2024 13:34,Martabak,37000,8.857300897,42,1,Kurang sambelnya,FALSE,Tinggi,Selesai
ORD-2024-006596,1/13/2024 13:41,Ayam,66000,0.5,13,4,Buruan order!11,TRUE,Tinggi,Selesai
ORD-2024-006597,13/02/2024 19:37,Ayam,60500,5.213506766,36,4,Makanan hangat sampai,FALSE,Tidak Ada,Selesai
ORD-2024-006598,1/12/2024 13:55,Ayam,56500,0.55587322,22,5,Wow enak bgt,TRUE,Tidak Ada,Selesai
ORD-2024-006599,1/13/2024 13:11,Mie,27500,1.493828042,16,,,FALSE,Tidak Ada,Selesai
ORD-2024-006600,2/19/2024 14:35,Kopi,16000,5.186225165,11,3,Lumayan,TRUE,Rendah,Selesai
ORD-2024-006601,1/3/2024 12:50,Kopi,18500,0.691759105,21,4,Wow enak bgt,FALSE,Tidak Ada,Selesai
ORD-2024-006602,3/8/2024 14:46,Kopi,17500,6.023207424,25,5,Puas bgt,FALSE,Tidak Ada,Selesai
ORD-2024-006603,2/16/2024 17:51,Kopi,14500,2.066025221,27,4,Buruan order!11,FALSE,Rendah,Selesai
ORD-2024-006604,3/14/2024 5:04,Mie,30500,1.367845226,20,3,OK,FALSE,Tidak Ada,Selesai
ORD-2024-006605,14/03/2024 03:13,Kopi,17500,3.258015995,21,5,Top bgt kualitasnya,FALSE,Tidak Ada,Dibatalkan
ORD-2024-006606,1/25/2024 12:21,Ayam,72000,1.25286991,25,5,Cepat sampai,TRUE,Tidak Ada,Selesai
ORD-2024-006607,3/3/2024 20:33,Ayam,21000,1.279859515,12,5,Puas bgt,FALSE,Rendah,Selesai
ORD-2024-006608,2/16/2024 19:50,Kopi,16500,3.967440205,39,,,FALSE,Rendah,Selesai
ORD-2024-006609,1/27/2024 9:05,Mie,21000,1.112461674,15,4,Rekomendasi deh,FALSE,Tinggi,Selesai
ORD-2024-006610,17/03/2024 13:14,Ayam,6979500,0.672329485,13,5,Puas bgt,FALSE,Tidak Ada,Selesai
ORD-2024-006611,3/12/2024 13:11,Mie,27000,4.94525556,41,,,FALSE,Tidak Ada,Selesai
ORD-2024-006612,1/17/2024 11:43,Martabak,19000,4.90998081,23,2,Paket berantakan,FALSE,Tinggi,Selesai
ORD-2024-006613,2/21/2024 11:02,Ayam,46500,2.064990625,5,4,Sesuai pesanan,FALSE,Rendah,Selesai
ORD-2024-006614,29/01/2024 19:19,Ayam,47500,2.243796214,8,3,Standar lah,TRUE,Tidak Ada,Selesai
ORD-2024-006615,2/9/2024 12:26,Ayam,37500,3.572939003,39,3,Biasa saja,FALSE,Tidak Ada,Selesai
ORD-2024-006616,1/21/2024 8:37,Martabak,2680000,2.135609839,18,3,Gapapa,TRUE,Tidak Ada,Selesai
ORD-2024-006617,1/1/2024 16:25,Ayam,52000,1.618909906,16,5,Rekomendasi deh,FALSE,Tidak Ada,Selesai
ORD-2024-006618,2/19/2024 8:52,Kopi,26000,15.83213045,65,4,Sesuai pesanan,TRUE,Tidak Ada,Selesai
ORD-2024-006619,1/3/2024 11:21,Kopi,21500,0.5,17,4,Buruan order!11,TRUE,Tidak Ada,Selesai
ORD-2024-006620,3/8/2024 0:24,Martabak,30500,,16,4,Top bgt kualitasnya,TRUE,Tidak Ada,Selesai
ORD-2024-006621,3/14/2024 18:24,Ayam,44500,,31,3,Lumayan,TRUE,Rendah,Selesai
ORD-2024-006622,5/1/2024 20:07,Kopi,18500,3.486718071,13,,,TRUE,Tidak Ada,Selesai
ORD-2024-006623,1/25/2024 20:19,Kopi,371500,6.383962344,25,5,Sesuai pesanan,FALSE,Tidak Ada,Selesai
ORD-2024-006624,1/8/2024 20:36,Kopi,20000,1.229932061,18,5,Enak bgt!!!!!!,TRUE,Tidak Ada,Selesai
ORD-2024-006625,1/21/2024 11:39,Mie,38000,0.952333749,14,3,Biasa saja,FALSE,Rendah,Selesai
ORD-2024-006626,3/23/2024 20:39,Ayam,67000,5.716916238,37,4,Rekomendasi deh,TRUE,Tidak Ada,Selesai
ORD-2024-006627,3/3/2024 17:07,Mie,30000,1.503193141,17,5,Makasih ya,TRUE,Rendah,Selesai
ORD-2024-006628,3/27/2024 20:43,Martabak,35500,3.710338553,15,3,Biasa saja,FALSE,Tidak Ada,Selesai
ORD-2024-006629,24/01/2024 13:00,Kopi,22500,,16,,,FALSE,Rendah,Selesai
ORD-2024-006630,2/24/2024 20:32,Martabak,38000,,29,4,Mantap gan!,FALSE,Tidak Ada,Selesai
ORD-2024-006631,3/23/2024 13:48,Kopi,19000,2.388748404,21,,,FALSE,Rendah,Selesai
ORD-2024-006632,3/8/2024 14:12,Ayam,69500,0.938432064,17,5,Wow enak bgt,TRUE,Tidak Ada,Selesai
ORD-2024-006633,3/2/2024 18:18,Martabak,22000,,38,5,Sesuai pesanan,TRUE,Rendah,Selesai
ORD-2024-006634,30/03/2024 13:17,Kopi,10000,3.581509312,13,4,Rekomendasi deh,FALSE,Tidak Ada,Selesai
ORD-2024-006635,1/7/2024 12:09,Martabak,31000,0.5,5,4,Akan order lg nih,FALSE,Tidak Ada,Selesai
ORD-2024-006636,4/3/2024 11:38,Ayam,52500,3.04391981,7,5,Buruan order!!!11,FALSE,Rendah,Selesai
ORD-2024-006637,2/3/2024 16:28,Mie,22000,2.33997899,18,3,Lumayan,TRUE,Tidak Ada,Selesai
ORD-2024-006638,19/02/2024 21:40,Kopi,20000,0.746484925,5,,,TRUE,Tinggi,Selesai
ORD-2024-006639,1/11/2024 12:17,Ayam,20500,4.194870965,29,5,Buruan order!11,TRUE,Tidak Ada,Selesai
ORD-2024-006640,2/2/2024 20:02,Kopi,14000,1.084894413,15,5,Buruan order!11,FALSE,Tidak Ada,Selesai
ORD-2024-006641,2/2/2024 13:15,Martabak,26500,0.972461178,10,5,Enak bgt,TRUE,Rendah,Selesai
ORD-2024-006642,3/17/2024 21:46,Martabak,17500,1.911539071,23,5,Driver ramah,FALSE,Tidak Ada,Selesai
ORD-2024-006643,3/8/2024 19:56,Kopi,23000,3.382421521,27,4,Mantap gan!,FALSE,Tidak Ada,Selesai
ORD-2024-006644,3/2/2024 11:15,Mie,3267500,7.928725193,56,,,FALSE,Tidak Ada,Selesai
ORD-2024-006645,2/14/2024 11:49,Ayam,28500,0.5,20,4,Driver ramah,TRUE,Tidak Ada,Selesai
ORD-2024-006646,2/17/2024 12:12,Kopi,12500,1.514869248,17,4,Mantap gan!,TRUE,Tidak Ada,Selesai
ORD-2024-006647,2/21/2024 18:46,Mie,21000,0.5,5,,,FALSE,Tidak Ada,Selesai
ORD-2024-006648,2/22/2024 19:47,Mie,34500,4.263287887,36,1,Ayamnya keras,FALSE,Tidak Ada,Selesai
ORD-2024-006649,2/5/2024 0:30,Martabak,39000,1.781170363,23,4,Puas bgt,FALSE,Tidak Ada,Selesai
ORD-2024-006650,1/8/2024 8:05,Mie,26500,3.682022519,32,4,Wow enak bgt,TRUE,Tidak Ada,Selesai
ORD-2024-006651,2/19/2024 13:53,Ayam,71000,1.16668438,5,3,OK,FALSE,Tidak Ada,Selesai
ORD-2024-006652,1/6/2024 4:26,Mie,20500,5.579804823,28,2,Kurang sambelnya,FALSE,Tinggi,Selesai
ORD-2024-006653,3/9/2024 21:27,Ayam,55500,,27,4,Enak bgt!!!,FALSE,Tidak Ada,Dibatalkan
ORD-2024-006654,2/7/2024 14:17,Ayam,1000,8.626274445,55,2,Makanannya dingin,TRUE,Tinggi,Selesai
ORD-2024-006655,3/29/2024 12:55,Ayam,39000,0.5,20,2,Driver gak ramah,TRUE,Tinggi,Selesai
ORD-2024-006656,2/1/2024 12:57,Kopi,13000,2.166349246,20,3,Yaudah minum teh,TRUE,Rendah,Selesai
ORD-2024-006657,3/14/2024 19:07,Ayam,74500,4.363144663,18,4,Sesuai pesanan,FALSE,Tidak Ada,Selesai
ORD-2024-006658,7/1/2024 18:18,Ayam,52000,2.750017275,21,4,Mantap gan!,TRUE,Tidak Ada,Selesai
ORD-2024-006659,1/7/2024 0:11,Ayam,61000,0.5,15,5,Enak bgt,TRUE,Tidak Ada,Dibatalkan
ORD-2024-006660,6/1/2024 21:07,Ayam,77000,10.76316052,58,3,Yaudah minum teh,TRUE,Rendah,Dibatalkan
ORD-2024-006661,2/11/2024 13:33,Kopi,6500,1.06259273,5,3,Yaudah minum teh,FALSE,Tidak Ada,Selesai
ORD-2024-006662,2/29/2024 20:12,Kopi,22000,,18,5,Cepat sampai,FALSE,Tidak Ada,Selesai
ORD-2024-006663,1/31/2024 0:27,Ayam,52500,1.994611535,5,5,Rekomendasi deh,FALSE,Tidak Ada,Selesai
ORD-2024-006664,1/28/2024 14:55,Martabak,33500,2.343694102,23,5,Rekomendasi deh,FALSE,Tidak Ada,Selesai
ORD-2024-006665,3/1/2024 18:54,Mie,20000,4.360998839,17,5,Top bgt kualitasnya,FALSE,Tidak Ada,Selesai
ORD-2024-006666,2/14/2024 20:43,Martabak,24500,1.499032278,5,4,Mantap gan!,TRUE,Tidak Ada,Selesai
ORD-2024-006667,24/01/2024 00:46,Ayam,59500,1.739243224,30,5,Rekomendasi deh,FALSE,Tidak Ada,Selesai
ORD-2024-006668,3/1/2024 14:03,Martabak,48000,2.296895024,7,5,Mantap gan!!,FALSE,Tidak Ada,Selesai
ORD-2024-006669,3/30/2024 17:10,Ayam,68500,1.504542826,11,4,Sesuai pesanan,FALSE,Tidak Ada,Selesai
ORD-2024-006670,2/21/2024 6:36,Ayam,72500,7.37940417,32,5,Makasih ya,TRUE,Tidak Ada,Selesai
ORD-2024-006671,3/3/2024 19:38,Ayam,48500,5.716504367,13,5,Mantap gan!,TRUE,Rendah,Selesai
ORD-2024-006672,8/2/2024 3:44,Mie,22000,1.820763659,22,4,Akan order lg nih,TRUE,Tidak Ada,Selesai
ORD-2024-006673,2/1/2024 21:28,Ayam,38500,0.5,7,,,TRUE,Rendah,Refund
ORD-2024-006674,3/29/2024 17:31,Ayam,43500,6.935921959,27,4,Makanan hangat sampai,FALSE,Rendah,Selesai
ORD-2024-006675,1/6/2024 20:54,Ayam,17000,0.5,23,3,OK,TRUE,Rendah,Selesai
ORD-2024-006676,1/4/2024 8:02,Mie,21000,,5,4,Akan order lg nih,TRUE,Tidak Ada,Selesai
ORD-2024-006677,2/28/2024 21:43,Martabak,26000,0.5,18,4,Enak bgt,FALSE,Tidak Ada,Selesai
ORD-2024-006678,3/8/2024 16:12,Ayam,48500,0.594678148,12,4,Akan order lg nih,FALSE,Tidak Ada,Selesai
ORD-2024-006679,2/2/2024 19:29,Kopi,17000,4.871790325,30,5,Makanan hangat sampai,FALSE,Tidak Ada,Selesai
ORD-2024-006680,12/2/2024 22:43,Kopi,18000,2.598942684,17,5,Cepat sampai,FALSE,Tidak Ada,Selesai
ORD-2024-006681,2/3/2024 20:11,Martabak,30000,9.377192357,47,3,OK,FALSE,Tinggi,Selesai
ORD-2024-006682,2/1/2024 14:35,Ayam,42000,0.789762679,5,,,FALSE,Tinggi,Selesai
ORD-2024-006683,2/1/2024 12:51,Mie,12500,1.994465911,11,3,Gapapa,FALSE,Tidak Ada,Selesai
ORD-2024-006684,1/11/2024 21:20,Ayam,42000,11.37318429,44,4,Top bgt kualitasnya,TRUE,Tidak Ada,Selesai
ORD-2024-006685,2/4/2024 8:56,Martabak,22500,5.253756499,35,,,TRUE,Tidak Ada,Dibatalkan
ORD-2024-006686,3/25/2024 19:47,Ayam,59500,3.912657914,28,,,TRUE,Tinggi,Selesai
ORD-2024-006687,1/26/2024 20:02,Kopi,20500,0.628369942,14,5,Top bgt kualitasnya,FALSE,Tidak Ada,Selesai
ORD-2024-006688,2/17/2024 19:09,Kopi,20500,,46,3,Yaudah minum teh,FALSE,Tidak Ada,Selesai
ORD-2024-006689,7/1/2024 13:10,Kopi,19500,1.281131849,5,4,Cepat sampai,FALSE,Tidak Ada,Selesai
ORD-2024-006690,3/24/2024 12:38,Ayam,49500,2.268496714,34,5,Mantap gan!,TRUE,Rendah,Selesai
ORD-2024-006691,21/02/2024 18:01,Martabak,26000,,22,1,"Narik duit banyak😡",TRUE,Tinggi,Dibatalkan
ORD-2024-006692,1/22/2024 11:54,Ayam,39000,2.819935081,15,5,Top bgt kualitasnya,FALSE,Tidak Ada,Selesai
ORD-2024-006693,1/1/2024 0:28,Martabak,18500,3.889618444,17,5,Buruan order!11,FALSE,Tidak Ada,Selesai
ORD-2024-006694,16/01/2024 08:51,Mie,33000,3.251485167,16,3,Standar lah,FALSE,Tinggi,Selesai
ORD-2024-006695,1/24/2024 6:59,Kopi,16000,0.5,24,5,Makasih ya,TRUE,Tidak Ada,Selesai
ORD-2024-006696,1/19/2024 20:38,Martabak,20500,1.83385576,21,4,Driver ramah,FALSE,Tidak Ada,Selesai
ORD-2024-006697,3/12/2024 10:00,Martabak,24000,3.27212528,25,,,FALSE,Tidak Ada,Selesai
ORD-2024-006698,1/26/2024 12:44,Kopi,13000,1.052900863,9,4,Cepat sampai,FALSE,Tidak Ada,Selesai
ORD-2024-006699,29/03/2024 16:08,Mie,26500,1.126510513,14,,,TRUE,Tinggi,Refund
ORD-2024-006700,2/8/2024 17:50,Ayam,69500,0.5,23,,,FALSE,Rendah,Selesai
ORD-2024-006701,1/31/2024 1:58,Kopi,15000,1.627026201,24,5,Buruan order!11,TRUE,Tidak Ada,Selesai
ORD-2024-006702,2/6/2024 6:58,Martabak,13000,12.98954022,38,5,Cepat sampai,FALSE,Tidak Ada,Dibatalkan
ORD-2024-006703,3/3/2024 18:37,Kopi,15500,1.007758486,23,4,Puas bgt,FALSE,Tidak Ada,Selesai
ORD-2024-006704,1/20/2024 13:40,Ayam,49000,2.274253457,19,4,Akan order lg nih,TRUE,Tidak Ada,Selesai
ORD-2024-006705,3/8/2024 11:54,Kopi,15500,4.078808349,30,4,Driver ramah,FALSE,Tidak Ada,Dibatalkan
ORD-2024-006706,3/3/2024 12:48,Mie,21500,0.5,9,4,Enak bgt,FALSE,Rendah,Selesai
ORD-2024-006707,25/02/2024 04:37,Mie,27500,,43,4,Sesuai pesanan,FALSE,Tidak Ada,Selesai
ORD-2024-006708,1/13/2024 18:55,Kopi,17000,1.465970457,20,5,Mantap gan!,TRUE,Tidak Ada,Dibatalkan
ORD-2024-006709,2/29/2024 16:50,Martabak,30000,6.100331228,24,,,TRUE,Tidak Ada,Selesai
ORD-2024-006710,1/11/2024 13:37,Mie,29000,0.5,9,4,Top bgt kualitasnya,FALSE,Tidak Ada,Selesai
ORD-2024-006711,6/3/2024 14:46,Ayam,44500,,22,5,Wow enak bgt,FALSE,Tidak Ada,Selesai
ORD-2024-006712,3/20/2024 13:16,Ayam,43500,1.168167607,23,4,Makasih ya,FALSE,Tidak Ada,Selesai
ORD-2024-006713,2/19/2024 13:00,Martabak,40500,1.271475867,17,,,FALSE,Tidak Ada,Selesai
ORD-2024-006714,2/7/2024 19:37,Mie,30000,5.647565633,29,3,Lumayan,FALSE,Rendah,Selesai
ORD-2024-006715,2/11/2024 16:36,Mie,32000,0.5,19,3,Gapapa,FALSE,Tinggi,Dibatalkan
ORD-2024-006716,6/2/2024 19:02,Kopi,21500,3.074232882,18,5,Rekomendasi deh,FALSE,Rendah,Selesai
ORD-2024-006717,1/4/2024 20:38,Ayam,60500,,8,3,Gapapa,FALSE,Rendah,Selesai
ORD-2024-006718,2/15/2024 18:23,Kopi,20500,5.198473964,55,2,Driver gak ramah,FALSE,Tinggi,Selesai
ORD-2024-006719,3/6/2024 11:32,Ayam,25000,,32,5,Sesuai pesanan,FALSE,Tidak Ada,Selesai
ORD-2024-006720,3/25/2024 14:49,Ayam,55000,2.078967744,19,,,FALSE,Tidak Ada,Selesai
ORD-2024-006721,2/27/2024 20:17,Martabak,28500,0.71738905,10,5,Makanan hangat sampai,TRUE,Tidak Ada,Selesai
ORD-2024-006722,1/24/2024 17:08,Ayam,79500,3.019429169,21,5,Nggg enak 😋,TRUE,Rendah,Selesai
ORD-2024-006723,19/01/2024 23:37,Mie,32500,0.509726684,22,5,Rekomendasi deh,FALSE,Tidak Ada,Selesai
ORD-2024-006724,3/2/2024 21:02,Kopi,14000,0.632251216,22,,,TRUE,Rendah,Selesai
ORD-2024-006725,2/6/2024 11:38,Kopi,18000,2.95603753,16,,,FALSE,Tidak Ada,Selesai
ORD-2024-006726,2/9/2024 20:29,Ayam,54500,14.20872391,60,4,Nggg enak 😋,TRUE,Rendah,Selesai
ORD-2024-006727,1/14/2024 18:12,Ayam,59000,6.650897078,23,1,Ayamnya keras,TRUE,Tinggi,Selesai
ORD-2024-006728,2/23/2024 15:07,Ayam,34500,2.697617719,20,5,Wow enak bgt,FALSE,Tidak Ada,Selesai
ORD-2024-006729,3/16/2024 11:59,Mie,28500,2.320058702,5,3,Gapapa,FALSE,Rendah,Dibatalkan
ORD-2024-006730,2/25/2024 21:46,Mie,24500,19.28503808,67,1,Buruk skali layanannya,FALSE,Tinggi,Selesai
ORD-2024-006731,8/2/2024 12:58,Kopi,17500,2.378220731,21,5,Nggg enak 😋,FALSE,Tinggi,Selesai
ORD-2024-006732,3/3/2024 14:25,Ayam,39500,1.634784287,5,5,Driver ramah,FALSE,Tidak Ada,Selesai
ORD-2024-006733,1/9/2024 11:07,Mie,22000,7.209057815,60,3,OK,FALSE,Tidak Ada,Selesai
ORD-2024-006734,2/5/2024 11:03,Ayam,71000,0.8004412,6,4,Driver ramah,FALSE,Rendah,Dibatalkan
ORD-2024-006735,2/16/2024 12:50,Ayam,34000,0.5,18,4,Buruan order!11,FALSE,Tidak Ada,Selesai
ORD-2024-006736,20/03/2024 11:59,Kopi,12500,,35,5,Driver ramah,TRUE,Tidak Ada,Selesai
ORD-2024-006737,1/16/2024 21:42,Mie,25500,0.5,16,1,"Narik duit banyak😡",FALSE,Tinggi,Selesai
ORD-2024-006738,3/25/2024 20:26,Ayam,38500,1.401137002,17,,,FALSE,Rendah,Selesai
ORD-2024-006739,3/19/2024 17:19,Ayam,36500,1.652742545,12,1,Bau gak tauu,FALSE,Tinggi,Refund
ORD-2024-006740,1/12/2024 14:48,Mie,26500,2.379154936,8,4,Driver ramah,TRUE,Tidak Ada,Selesai
ORD-2024-006741,1/26/2024 11:23,Ayam,26500,14.35991279,59,3,Standar lah,FALSE,Rendah,Selesai
ORD-2024-006742,3/1/2024 18:05,Ayam,34500,0.749162315,16,3,OK,FALSE,Tidak Ada,Selesai
ORD-2024-006743,2/28/2024 18:25,Kopi,25000,1.413643703,17,4,Buruan order!11,FALSE,Tidak Ada,Selesai
ORD-2024-006744,6/1/2024 19:43,Mie,29000,0.5,5,,,FALSE,Tidak Ada,Selesai
ORD-2024-006745,26/03/2024 01:33,Kopi,13500,2.806524066,27,5,Buruan order!11,FALSE,Tidak Ada,Selesai
ORD-2024-006746,3/7/2024 17:22,Mie,29000,3.902257195,12,5,Mantap gan!,FALSE,Tidak Ada,Selesai
ORD-2024-006747,1/12/2024 13:50,Martabak,34500,1.973785065,25,5,Driver ramah,FALSE,Tidak Ada,Selesai
ORD-2024-006748,3/17/2024 11:23,Ayam,68000,0.846417462,23,5,Makasih ya,FALSE,Tidak Ada,Selesai
ORD-2024-006749,1/6/2024 13:03,Mie,25000,2.909772939,25,,,TRUE,Rendah,Selesai
ORD-2024-006750,1/25/2024 23:15,Kopi,20500,2.324098283,30,4,Puas bgt,TRUE,Tidak Ada,Selesai
ORD-2024-006751,3/14/2024 20:37,Ayam,17500,0.563277546,18,5,Makasih ya,FALSE,Tidak Ada,Selesai
ORD-2024-006752,1/1/2024 7:34,Kopi,12000,1.561021746,26,,,TRUE,Tidak Ada,Selesai
ORD-2024-006753,3/7/2024 11:35,Ayam,54000,1.71383533,5,4,Akan order lg nih,FALSE,Tidak Ada,Selesai
ORD-2024-006754,3/8/2024 14:33,Ayam,57000,12.15691778,65,1,Driver gak ramah,FALSE,Tinggi,Selesai
ORD-2024-006755,2/22/2024 13:25,Ayam,36000,5.677110493,38,,,FALSE,Tidak Ada,Dibatalkan
ORD-2024-006756,2/4/2024 4:47,Kopi,17500,3.976961651,26,2,Driver gak ramah,TRUE,Tinggi,Dibatalkan
ORD-2024-006757,2/8/2024 17:11,Mie,21500,6.58865494,42,,,FALSE,Tinggi,Selesai
ORD-2024-006758,2/21/2024 20:17,Kopi,15500,3.989565217,22,4,Akan order lg nih,FALSE,Tidak Ada,Selesai
ORD-2024-006759,2/22/2024 11:16,Mie,33000,7.011587226,45,3,Gapapa,FALSE,Rendah,Selesai
ORD-2024-006760,1/25/2024 5:48,Ayam,66500,,26,5,Buruan order!11,FALSE,Tidak Ada,Selesai
ORD-2024-006761,2/25/2024 20:38,Ayam,35000,1.826783243,5,4,Akan order lg nih,TRUE,Tidak Ada,Selesai
ORD-2024-006762,7/3/2024 14:28,Ayam,34000,4.121892102,38,,,FALSE,Tidak Ada,Selesai
ORD-2024-006763,2/4/2024 18:19,Ayam,44500,2.62613596,20,4,Makanan hangat sampai,FALSE,Tidak Ada,Selesai
ORD-2024-006764,3/25/2024 13:24,Ayam,51000,0.577719972,8,,,TRUE,Tidak Ada,Refund
ORD-2024-006765,13/03/2024 19:15,Martabak,25000,1.248783923,5,4,Akan order lg nih,FALSE,Tidak Ada,Selesai
ORD-2024-006766,2/12/2024 12:19,Mie,33500,1.147184542,20,,,FALSE,Tidak Ada,Selesai
ORD-2024-006767,3/19/2024 12:40,Mie,28500,0.908780713,30,5,Buruan order!11,TRUE,Rendah,Selesai
ORD-2024-006768,3/15/2024 17:36,Ayam,58500,1.260832811,13,3,Lumayan,FALSE,Rendah,Selesai
ORD-2024-006769,3/16/2024 20:42,Mie,17000,2.169911807,26,5,Rekomendasi deh,FALSE,Tidak Ada,Selesai
ORD-2024-006770,1/16/2024 17:11,Ayam,71000,5.790356001,33,,,FALSE,Tidak Ada,Selesai
ORD-2024-006771,1/19/2024 12:17,Ayam,4500,4.064766902,11,4,Nggg enak 😋,TRUE,Tinggi,Dibatalkan
ORD-2024-006772,1/18/2024 11:14,Mie,32000,5.409972927,30,4,Sesuai pesanan,FALSE,Tidak Ada,Selesai
ORD-2024-006773,3/3/2024 8:03,Martabak,37000,6.452264742,24,4,Mantap gan!!!,FALSE,Tidak Ada,Selesai
ORD-2024-006774,1/9/2024 14:31,Ayam,44500,1.614335879,8,4,Buruan order!11,TRUE,Tidak Ada,Selesai
ORD-2024-006775,3/7/2024 15:32,Kopi,22000,1.274064354,10,5,Driver ramah,FALSE,Tidak Ada,Selesai
ORD-2024-006776,2/3/2024 10:37,Ayam,50500,,9,4,Akan order lg nih,FALSE,Tinggi,Selesai
ORD-2024-006777,2/11/2024 14:42,Martabak,30500,7.998923955,50,5,Puas bgt,FALSE,Tidak Ada,Selesai
ORD-2024-006778,3/26/2024 11:52,Kopi,18000,0.5,14,5,Puas bgt,TRUE,Tidak Ada,Selesai
ORD-2024-006779,2/19/2024 17:03,Mie,48500,4.054351739,13,,,FALSE,Tidak Ada,Dibatalkan
ORD-2024-006780,1/9/2024 4:58,Ayam,74000,1.424967973,24,3,Standar lah,TRUE,Rendah,Dibatalkan
ORD-2024-006781,2/3/2024 8:40,Kopi,19500,8.914920958,40,,,FALSE,Tidak Ada,Selesai
ORD-2024-006782,2/3/2024 14:58,Kopi,0,1.63212372,21,4,Mantap gan!,FALSE,Tidak Ada,Selesai
ORD-2024-006783,1/5/2024 17:16,Kopi,12500,5.088393769,39,5,Cepat sampai,TRUE,Tidak Ada,Selesai
ORD-2024-006784,2/2/2024 5:02,Ayam,81000,0.996594446,13,,,TRUE,Tinggi,Dibatalkan
ORD-2024-006785,1/12/2024 16:27,Martabak,43500,1.066121874,9,5,Makanan hangat sampai,FALSE,Tidak Ada,Selesai
ORD-2024-006786,1/13/2024 4:03,Mie,26500,2.715454586,21,,,FALSE,Rendah,Selesai
ORD-2024-006787,3/21/2024 21:33,Mie,32000,18.6178873,85,2,Driver gak ramah,FALSE,Rendah,Selesai
ORD-2024-006788,3/25/2024 13:26,Mie,27500,2.186773376,24,5,Top bgt kualitasnya,FALSE,Tidak Ada,Dibatalkan
ORD-2024-006789,1/31/2024 13:03,Mie,18500,8.261118914,50,3,Gapapa,TRUE,Rendah,Selesai
ORD-2024-006790,2/3/2024 5:53,Kopi,16500,4.628842103,25,4,Makasih ya,FALSE,Rendah,Selesai
ORD-2024-006791,3/5/2024 15:57,Mie,22500,4.766911139,16,4,Makanan hangat sampai,TRUE,Rendah,Selesai
ORD-2024-006792,1/27/2024 14:42,Ayam,50500,1.717890266,12,4,Akan order lg nih,FALSE,Tinggi,Selesai
ORD-2024-006793,1/7/2024 4:13,Kopi,13000,1.465931654,25,5,Enak bgt!!!,TRUE,Tidak Ada,Selesai
ORD-2024-006794,1/1/2024 21:39,Ayam,54000,0.639289359,15,4,Makanan hangat sampai,FALSE,Tidak Ada,Selesai
ORD-2024-006795,3/3/2024 13:09,Kopi,18000,9.967818592,37,5,Cepat sampai,FALSE,Tidak Ada,Selesai
ORD-2024-006796,3/8/2024 14:57,Ayam,63500,9.611489687,35,5,Nggg enak 😋,FALSE,Tidak Ada,Selesai
ORD-2024-006797,2/7/2024 20:23,Mie,28000,4.123900652,14,4,Wow enak bgt,FALSE,Tidak Ada,Selesai
ORD-2024-006798,2/12/2024 15:01,Ayam,79000,,20,5,Akan order lg nih,TRUE,Tidak Ada,Dibatalkan
ORD-2024-006799,3/19/2024 17:07,Ayam,88000,,18,4,Top bgt kualitasnya,FALSE,Tidak Ada,Selesai
ORD-2024-006800,2/10/2024 16:52,Kopi,15000,13.42512235,65,1,Paket berantakan,TRUE,Tidak Ada,Selesai
ORD-2024-006801,1/1/2024 20:46,Ayam,67500,0.5,19,5,Cepat sampai,FALSE,Tidak Ada,Dibatalkan
ORD-2024-006802,2/16/2024 11:27,Ayam,1000,5.565330497,38,5,Makasih ya,TRUE,Rendah,Selesai
ORD-2024-006803,1/20/2024 4:06,Ayam,25500,,30,,,FALSE,Tidak Ada,Selesai
ORD-2024-006804,2/28/2024 12:52,Kopi,21000,1.628340938,9,5,Buruan order!11,FALSE,Tidak Ada,Selesai
ORD-2024-006805,2/27/2024 12:02,Kopi,10000,5.350974796,17,,,TRUE,Rendah,Selesai
ORD-2024-006806,3/19/2024 13:15,Martabak,33000,0.5,19,5,Makanan hangat sampai,FALSE,Tidak Ada,Dibatalkan
ORD-2024-006807,2/22/2024 19:25,Martabak,27500,1.31165541,14,4,Top bgt kualitasnya,FALSE,Tidak Ada,Selesai
ORD-2024-006808,29/01/2024 11:57,Kopi,12500,9.111180511,48,2,Gajadi orderan,FALSE,Tinggi,Selesai
ORD-2024-006809,2/13/2024 20:48,Ayam,57500,3.602592053,37,3,Yaudah minum teh,FALSE,Rendah,Selesai
ORD-2024-006810,11/2/2024 12:26,Ayam,55000,,34,,,TRUE,Tidak Ada,Selesai
ORD-2024-006811,1/7/2024 12:40,Martabak,46000,4.250326285,42,4,Rekomendasi deh,TRUE,Tinggi,Selesai
ORD-2024-006812,1/8/2024 13:07,Ayam,41000,0.5,5,5,Wow enak bgt,TRUE,Tidak Ada,Selesai
ORD-2024-006813,2/15/2024 21:59,Ayam,75500,0.681483307,23,,,FALSE,Tidak Ada,Selesai
ORD-2024-006814,6/1/2024 17:20,Martabak,32500,2.027473796,12,4,Enak bgttt,FALSE,Tidak Ada,Selesai
ORD-2024-006815,1/10/2024 2:44,Kopi,13500,1.377310868,27,4,Driver ramah,FALSE,Tidak Ada,Selesai
ORD-2024-006816,2/19/2024 21:12,Ayam,65000,1.587540595,22,4,Top bgt kualitasnya,FALSE,Tidak Ada,Dibatalkan
ORD-2024-006817,1/31/2024 18:36,Ayam,61000,4.56218539,33,4,Nggg enak 😋,TRUE,Tidak Ada,Selesai
ORD-2024-006818,3/30/2024 0:40,Mie,26500,,7,5,Enak bgttt,FALSE,Tidak Ada,Selesai
ORD-2024-006819,8/3/2024 13:05,Mie,28000,3.240772654,19,,,FALSE,Tidak Ada,Selesai
ORD-2024-006820,2/12/2024 17:57,Martabak,1500,0.5,18,3,Gapapa,FALSE,Tinggi,Selesai
ORD-2024-006821,1/25/2024 11:45,Kopi,14000,0.5,31,5,Cepat sampai,FALSE,Tidak Ada,Selesai
ORD-2024-006822,1/19/2024 14:43,Kopi,20000,1.574196214,33,5,Top bgt kualitasnya,TRUE,Tidak Ada,Selesai
ORD-2024-006823,3/8/2024 20:59,Mie,3740000,5.515582063,35,5,Rekomendasi deh,TRUE,Tidak Ada,Selesai
ORD-2024-006824,1/15/2024 18:46,Mie,23000,0.5,10,5,Enak bgt,FALSE,Rendah,Selesai
ORD-2024-006825,3/24/2024 10:45,Ayam,37500,2.426491778,22,5,Wow enak bgt,TRUE,Tidak Ada,Selesai
ORD-2024-006826,1/5/2024 3:03,Mie,31500,3.404321979,30,,,FALSE,Tidak Ada,Selesai
ORD-2024-006827,2/6/2024 19:46,Ayam,47500,0.782274912,17,5,Makanan hangat sampai,FALSE,Tidak Ada,Selesai
ORD-2024-006828,2/23/2024 12:00,Ayam,50000,2.154350564,16,,,FALSE,Tidak Ada,Selesai
ORD-2024-006829,17/02/2024 06:29,Martabak,32000,7.271116882,37,1,Lama bgt nunggunya,FALSE,Tinggi,Selesai
ORD-2024-006830,1/1/2024 21:57,Kopi,17500,2.153724817,17,4,Rekomendasi deh,FALSE,Tidak Ada,Selesai
ORD-2024-006831,2/3/2024 14:02,Mie,16000,0.513514869,10,,,FALSE,Tidak Ada,Selesai
ORD-2024-006832,1/13/2024 0:53,Ayam,73000,2.96508704,18,,,FALSE,Tidak Ada,Selesai
ORD-2024-006833,1/8/2024 12:21,Kopi,17000,2.690936587,28,5,Makanan hangat sampai,FALSE,Tidak Ada,Selesai
ORD-2024-006834,20/03/2024 12:55,Mie,24500,0.5,12,,,FALSE,Tidak Ada,Selesai
ORD-2024-006835,3/21/2024 23:30,Mie,29000,0.5,11,,,FALSE,Tidak Ada,Selesai
ORD-2024-006836,3/10/2024 21:06,Ayam,55500,0.511586968,15,5,Puas bgt,FALSE,Rendah,Selesai
ORD-2024-006837,2/26/2024 19:38,Kopi,20000,0.5,10,4,Mantap gan!,TRUE,Tidak Ada,Selesai
ORD-2024-006838,1/31/2024 18:15,Martabak,34000,0.901150265,30,4,Buruan order!11,FALSE,Tidak Ada,Selesai
ORD-2024-006839,1/9/2024 21:22,Ayam,63500,1.815987665,36,5,Puas bgt,FALSE,Tidak Ada,Selesai
ORD-2024-006840,3/16/2024 14:38,Mie,35500,1.394290379,14,5,Akan order lg nih,FALSE,Tidak Ada,Selesai
ORD-2024-006841,2/1/2024 2:31,Mie,32000,6.639601616,24,5,Nggg enak 😋,TRUE,Tidak Ada,Selesai
ORD-2024-006842,2/18/2024 14:01,Ayam,49000,2.841095886,18,4,Driver ramah,FALSE,Tidak Ada,Selesai
ORD-2024-006843,2/2/2024 1:24,Ayam,32500,6.265915512,32,4,Wow enak bgt,FALSE,Tidak Ada,Selesai
ORD-2024-006844,21/03/2024 13:52,Ayam,79500,2.2462291,19,5,Rekomendasi deh,FALSE,Tidak Ada,Selesai
ORD-2024-006845,2/12/2024 19:29,Mie,24500,0.5,5,5,Driver ramah,FALSE,Tidak Ada,Selesai
ORD-2024-006846,2/18/2024 0:36,Ayam,43500,1.866877844,14,5,Top bgt kualitasnya,TRUE,Tidak Ada,Selesai
ORD-2024-006847,1/2/2024 19:27,Kopi,9000,5.178463779,35,5,Buruan order!11,FALSE,Tidak Ada,Selesai
ORD-2024-006848,1/24/2024 21:42,Kopi,18000,0.647400864,24,5,Rekomendasi deh,FALSE,Tidak Ada,Selesai
ORD-2024-006849,1/4/2024 20:42,Kopi,17000,,31,2,Makanannya dingin,TRUE,Rendah,Selesai
ORD-2024-006850,9/1/2024 14:32,Ayam,26000,1.198902745,12,5,Puas bgt,FALSE,Tidak Ada,Selesai
ORD-2024-006851,1/16/2024 12:27,Ayam,59000,1.477473351,11,4,Sesuai pesanan,TRUE,Tidak Ada,Selesai
ORD-2024-006852,3/24/2024 13:54,Mie,22500,1.096964037,14,5,Nggg enak 😋,TRUE,Tinggi,Selesai
ORD-2024-006853,12/3/2024 14:03,Mie,45000,0.5,5,1,😠😠😠,FALSE,Rendah,Refund
ORD-2024-006854,1/18/2024 20:42,Martabak,0,0.866407539,8,5,Makanan hangat sampai,FALSE,Tidak Ada,Selesai
ORD-2024-006855,2/14/2024 21:42,Ayam,42000,3.439777067,18,,,FALSE,Tidak Ada,Selesai
ORD-2024-006856,2/29/2024 15:50,Ayam,37000,1.462931804,17,4,Buruan order!!!11,TRUE,Rendah,Selesai
ORD-2024-006857,3/26/2024 18:44,Martabak,17000,3.003499538,15,,,TRUE,Tidak Ada,Selesai
ORD-2024-006858,1/13/2024 13:27,Ayam,61500,2.305576918,28,,,FALSE,Rendah,Selesai
ORD-2024-006859,17/03/2024 09:27,Mie,30500,2.389215989,26,,,FALSE,Tidak Ada,Selesai
ORD-2024-006860,2/27/2024 13:38,Martabak,34000,0.857250052,5,4,Makasih ya,FALSE,Tidak Ada,Selesai
ORD-2024-006861,3/13/2024 18:52,Ayam,29500,2.211567014,7,,,TRUE,Tidak Ada,Selesai
ORD-2024-006862,2/15/2024 3:13,Mie,26500,0.5,7,5,Buruan order!11,TRUE,Rendah,Selesai
ORD-2024-006863,3/13/2024 21:29,Mie,30000,1.695548412,14,5,Mantap gan!,FALSE,Tidak Ada,Selesai
ORD-2024-006864,3/8/2024 19:11,Ayam,67500,2.550265013,33,4,Cepat sampai,TRUE,Tidak Ada,Selesai
ORD-2024-006865,3/4/2024 20:29,Kopi,19000,0.602662769,14,3,Biasa saja,FALSE,Rendah,Selesai
ORD-2024-006866,3/8/2024 20:12,Ayam,67500,,19,,,FALSE,Tidak Ada,Selesai
ORD-2024-006867,3/11/2024 11:31,Kopi,21000,0.74358085,19,3,Lumayan,TRUE,Rendah,Selesai
ORD-2024-006868,3/6/2024 19:31,Ayam,53500,0.5,5,5,Driver ramah,TRUE,Tidak Ada,Dibatalkan
ORD-2024-006869,2/17/2024 19:59,Kopi,18500,1.282475725,14,,,FALSE,Tidak Ada,Selesai
ORD-2024-006870,2/12/2024 9:13,Mie,33000,11.584812,45,4,Makanan hangat sampai,FALSE,Tidak Ada,Selesai
ORD-2024-006871,2/19/2024 21:30,Kopi,18000,1.310311989,20,4,Akan order lg nih,FALSE,Tidak Ada,Selesai
ORD-2024-006872,2/14/2024 11:53,Ayam,71500,1.851541133,5,5,Cepat sampai,FALSE,Tidak Ada,Selesai
ORD-2024-006873,1/8/2024 8:27,Martabak,36500,3.176045923,15,,,TRUE,Tidak Ada,Selesai
ORD-2024-006874,1/20/2024 20:07,Ayam,41000,3.13661751,23,4,Mantap gan!,FALSE,Rendah,Selesai
ORD-2024-006875,2/23/2024 18:12,Mie,17000,8.98090223,40,,,TRUE,Tidak Ada,Selesai
ORD-2024-006876,3/27/2024 11:15,Kopi,16500,5.846590466,20,2,Lama bgt nunggunya,TRUE,Tinggi,Selesai
ORD-2024-006877,3/12/2024 13:41,Ayam,31500,4.738919268,22,2,Lama org kerjanyaa,FALSE,Tinggi,Selesai
ORD-2024-006878,3/6/2024 23:50,Ayam,53000,9.086454419,26,5,Rekomendasi deh,FALSE,Tidak Ada,Selesai
ORD-2024-006879,1/31/2024 13:11,Martabak,30000,0.787077797,28,5,Puas bgt,FALSE,Tidak Ada,Selesai
ORD-2024-006880,7/1/2024 13:49,Ayam,73500,2.8795854,19,4,Driver ramah,FALSE,Tidak Ada,Refund
ORD-2024-006881,2/2/2024 17:07,Martabak,34000,6.54633083,35,,,FALSE,Tidak Ada,Selesai
ORD-2024-006882,2/21/2024 21:12,Ayam,68000,2.935600936,13,5,Puas bgt,FALSE,Rendah,Selesai
ORD-2024-006883,1/16/2024 21:10,Ayam,43500,11.37213522,55,,,FALSE,Tidak Ada,Selesai
ORD-2024-006884,3/15/2024 14:41,Kopi,23000,0.5,20,5,Top bgt kualitasnya,FALSE,Rendah,Selesai
ORD-2024-006885,2/12/2024 0:50,Mie,32500,1.735871036,8,3,Biasa saja,FALSE,Tidak Ada,Selesai
ORD-2024-006886,2/5/2024 14:23,Mie,29000,11.36449643,44,4,Cepat sampai,TRUE,Rendah,Selesai
ORD-2024-006887,3/23/2024 13:30,Ayam,21000,1.432017946,12,4,Mantap gan!,FALSE,Rendah,Selesai
ORD-2024-006888,3/2/2024 18:05,Kopi,21500,4.036106557,13,5,Puas bgt,FALSE,Tidak Ada,Selesai
ORD-2024-006889,1/10/2024 21:19,Ayam,81000,0.5,17,,,FALSE,Tidak Ada,Selesai
ORD-2024-006890,2/10/2024 12:32,Kopi,16500,3.560728784,32,,,TRUE,Tidak Ada,Selesai
ORD-2024-006891,9/1/2024 15:22,Kopi,16500,8.182925575,23,4,Top bgt kualitasnya,FALSE,Tidak Ada,Selesai
ORD-2024-006892,1/19/2024 14:10,Mie,22500,1.447230994,26,4,Top bgt kualitasnya,FALSE,Tidak Ada,Selesai
ORD-2024-006893,3/6/2024 12:24,Mie,14500,0.5,22,4,Top bgt kualitasnya,FALSE,Tidak Ada,Selesai
ORD-2024-006894,17/02/2024 19:26,Kopi,14000,0.5,5,2,Paket berantakan,TRUE,Tinggi,Dibatalkan
ORD-2024-006895,2/2/2024 11:26,Kopi,23500,6.677519606,25,,,FALSE,Tidak Ada,Selesai
ORD-2024-006896,2/28/2024 16:34,Mie,33500,3.845977173,17,2,Driver gak ramah,FALSE,Tinggi,Selesai
ORD-2024-006897,21/02/2024 19:14,Mie,20500,0.5,19,5,Puas bgt,FALSE,Tidak Ada,Selesai
ORD-2024-006898,3/23/2024 8:51,Ayam,42000,0.5,15,,,FALSE,Tinggi,Selesai
ORD-2024-006899,1/9/2024 12:54,Ayam,87500,4.90158165,21,4,Makanan hangat sampai,FALSE,Tidak Ada,Selesai
ORD-2024-006900,3/16/2024 21:12,Kopi,12000,4.979993892,46,5,Buruan order!11,TRUE,Tinggi,Refund
ORD-2024-006901,3/15/2024 11:06,Ayam,39500,0.5,7,,,TRUE,Tidak Ada,Dibatalkan
ORD-2024-006902,10/1/2024 21:26,Ayam,44500,1.076547935,8,4,Sesuai pesanan,TRUE,Tidak Ada,Selesai
ORD-2024-006903,20/03/2024 18:09,Ayam,29000,4.542738645,17,5,Enak bgt!!!,FALSE,Rendah,Dibatalkan
ORD-2024-006904,3/21/2024 19:28,Martabak,26000,2.235925108,18,4,Enak bgttt,FALSE,Tidak Ada,Selesai
ORD-2024-006905,2/9/2024 20:04,Ayam,43000,9.410841202,55,4,Makanan hangat sampai,TRUE,Tidak Ada,Selesai
ORD-2024-006906,3/4/2024 12:19,Ayam,36500,1.967916321,10,4,Wow enak bgt,FALSE,Tinggi,Selesai
ORD-2024-006907,7/1/2024 20:18,Ayam,3979000,3.38991822,26,4,Makanan hangat sampai,FALSE,Rendah,Selesai
ORD-2024-006908,28/03/2024 12:19,Mie,35500,2.138723625,22,5,Nggg enak 😋,FALSE,Tidak Ada,Selesai
ORD-2024-006909,2/11/2024 12:00,Mie,24000,8.592296566,43,2,Makanannya dingin,TRUE,Tinggi,Selesai
ORD-2024-006910,1/16/2024 10:45,Kopi,12000,1.525779812,17,,,FALSE,Tidak Ada,Selesai
ORD-2024-006911,3/20/2024 5:09,Kopi,17000,0.783301365,20,4,Buruan order!11,FALSE,Tidak Ada,Dibatalkan
ORD-2024-006912,2/6/2024 11:48,Mie,19500,1.186398168,19,4,Enak bgttt,TRUE,Tidak Ada,Selesai
ORD-2024-006913,2/7/2024 14:24,Ayam,53500,5.747383911,43,3,Lumayan,FALSE,Tinggi,Selesai
ORD-2024-006914,3/20/2024 8:30,Ayam,49000,2.06709835,7,,,TRUE,Tidak Ada,Selesai
ORD-2024-006915,3/25/2024 11:50,Ayam,79500,1.312039243,12,,,FALSE,Rendah,Selesai
ORD-2024-006916,3/14/2024 17:03,Ayam,60000,2.357498566,10,5,Mantap gan!,TRUE,Tidak Ada,Selesai
ORD-2024-006917,2/15/2024 12:21,Kopi,8500,0.5,19,5,Top bgt kualitasnya,FALSE,Tidak Ada,Selesai
ORD-2024-006918,3/21/2024 2:47,Mie,17000,0.5,21,5,Top bgt kualitasnya,FALSE,Tidak Ada,Selesai
ORD-2024-006919,1/22/2024 11:31,Martabak,30500,0.987949373,13,5,Nggg enak 😋,TRUE,Tidak Ada,Selesai
ORD-2024-006920,2/19/2024 21:21,Kopi,12500,2.786651984,25,5,Buruan order!!11,TRUE,Tidak Ada,Selesai
ORD-2024-006921,1/11/2024 19:17,Mie,500,3.731060922,11,4,Nggg enak 😋,TRUE,Tidak Ada,Selesai
ORD-2024-006922,27/03/2024 14:23,Ayam,1000,5.256652379,31,5,Makanan hangat sampai,FALSE,Tidak Ada,Selesai
ORD-2024-006923,1/18/2024 21:51,Ayam,6338500,7.838092951,24,,,TRUE,Rendah,Selesai
ORD-2024-006924,2/25/2024 10:35,Kopi,18500,1.593658247,15,5,Makasih ya,FALSE,Tidak Ada,Selesai
ORD-2024-006925,3/19/2024 13:46,Martabak,35000,4.04718995,8,5,Rekomendasi deh,FALSE,Tidak Ada,Selesai
ORD-2024-006926,13/03/2024 13:11,Ayam,57500,0.5,30,5,Buruan order!11,FALSE,Rendah,Selesai
ORD-2024-006927,16/03/2024 11:52,Kopi,12000,0.5,13,4,Buruan order!!!11,FALSE,Tidak Ada,Selesai
ORD-2024-006928,3/23/2024 20:18,Martabak,32000,,13,5,Mantap gan!,FALSE,Tidak Ada,Selesai
ORD-2024-006929,3/18/2024 11:18,Martabak,26000,1.785716217,37,4,Rekomendasi deh,TRUE,Tidak Ada,Selesai
ORD-2024-006930,1/11/2024 13:44,Martabak,22500,0.712037174,15,5,Enak bgttt,FALSE,Tinggi,Refund
ORD-2024-006931,14/03/2024 21:07,Ayam,46500,1.01450578,5,5,Sesuai pesanan,FALSE,Tidak Ada,Selesai
ORD-2024-006932,22/02/2024 11:57,Ayam,57000,3.131351235,19,4,Mantap gan!!!,FALSE,Tidak Ada,Selesai
ORD-2024-006933,1/4/2024 13:56,Kopi,21000,,35,4,Driver ramah,FALSE,Tidak Ada,Refund
ORD-2024-006934,3/20/2024 20:19,Ayam,47000,2.445073775,12,3,Biasa saja,TRUE,Tidak Ada,Selesai
ORD-2024-006935,3/20/2024 16:33,Mie,25500,1.595145684,11,,,FALSE,Rendah,Selesai
ORD-2024-006936,3/20/2024 11:44,Kopi,20000,0.555265464,29,5,Cepat sampai,FALSE,Tidak Ada,Selesai
ORD-2024-006937,1/24/2024 19:07,Ayam,52500,0.5,6,5,Enak bgttt,TRUE,Rendah,Selesai
ORD-2024-006938,28/02/2024 10:38,Martabak,33000,0.80847162,12,,,FALSE,Tinggi,Selesai
ORD-2024-006939,2/9/2024 22:40,Kopi,17000,0.5,22,,,TRUE,Rendah,Selesai
ORD-2024-006940,2/10/2024 12:46,Ayam,55000,2.891813833,17,,,FALSE,Tidak Ada,Selesai
ORD-2024-006941,1/4/2024 3:12,Mie,18500,4.764755808,18,4,Makanan hangat sampai,FALSE,Tidak Ada,Selesai
ORD-2024-006942,18/01/2024 13:25,Mie,27000,1.245368237,5,4,Cepat sampai,FALSE,Tidak Ada,Selesai
ORD-2024-006943,1/22/2024 7:18,Martabak,40500,1.468714579,6,5,Cepat sampai,TRUE,Tidak Ada,Refund
ORD-2024-006944,2/1/2024 4:56,Ayam,54500,5.081575336,18,4,Wow enak bgt,TRUE,Tidak Ada,Selesai
ORD-2024-006945,2/2/2024 20:30,Kopi,13000,0.755450611,11,3,Standar lah,FALSE,Tinggi,Selesai
ORD-2024-006946,2/1/2024 5:00,Martabak,41000,0.5,14,4,Sesuai pesanan,TRUE,Tidak Ada,Selesai
ORD-2024-006947,2/2/2024 14:28,Ayam,63500,,19,5,Nggg enak 😋,TRUE,Tinggi,Dibatalkan
ORD-2024-006948,2/27/2024 17:19,Ayam,64500,3.116987137,11,,,FALSE,Tinggi,Refund
ORD-2024-006949,1/26/2024 20:59,Mie,31000,2.746281502,35,5,Cepat sampai,TRUE,Tidak Ada,Selesai
ORD-2024-006950,9/3/2024 20:45,Ayam,32500,,15,5,Akan order lg nih,FALSE,Tidak Ada,Selesai
ORD-2024-006951,2/8/2024 14:31,Martabak,35000,0.5,31,2,Gak sesuai foto,TRUE,Tinggi,Selesai
ORD-2024-006952,1/6/2024 19:11,Kopi,22500,1.676906459,19,5,Enak bgt,FALSE,Tidak Ada,Selesai
ORD-2024-006953,3/29/2024 12:53,Kopi,14500,0.817673168,25,4,Sesuai pesanan,TRUE,Tidak Ada,Selesai
ORD-2024-006954,17/02/2024 00:44,Ayam,19000,,27,5,Makanan hangat sampai,FALSE,Tidak Ada,Selesai
ORD-2024-006955,3/17/2024 15:58,Mie,28500,6.184344805,41,,,FALSE,Tidak Ada,Selesai
ORD-2024-006956,2/29/2024 4:22,Kopi,16500,0.991082957,13,4,Sesuai pesanan,FALSE,Tidak Ada,Selesai
ORD-2024-006957,14/02/2024 11:27,Kopi,10000,0.5,11,5,Akan order lg nih,FALSE,Tidak Ada,Selesai
ORD-2024-006958,3/9/2024 18:37,Martabak,34500,0.876789497,18,4,Sesuai pesanan,TRUE,Tidak Ada,Selesai
ORD-2024-006959,2/25/2024 22:45,Martabak,34000,,9,4,Makanan hangat sampai,TRUE,Tidak Ada,Selesai
ORD-2024-006960,2/10/2024 7:35,Mie,15500,,17,,,FALSE,Tidak Ada,Selesai
ORD-2024-006961,3/11/2024 12:58,Kopi,24500,2.317860911,35,5,Nggg enak 😋,FALSE,Tidak Ada,Selesai
ORD-2024-006962,3/26/2024 20:35,Kopi,19500,10.9123873,35,,,FALSE,Tidak Ada,Selesai
ORD-2024-006963,1/3/2024 17:17,Mie,3147000,1.529329794,17,4,Driver ramah,FALSE,Tidak Ada,Selesai
ORD-2024-006964,1/30/2024 20:49,Martabak,16000,0.745537635,36,5,Enak bgt!!!,TRUE,Tidak Ada,Selesai
ORD-2024-006965,3/7/2024 19:37,Ayam,61500,0.547450975,10,5,Makanan hangat sampai,FALSE,Tidak Ada,Selesai
ORD-2024-006966,1/11/2024 21:37,Ayam,64000,0.56999601,24,5,Wow enak bgt,TRUE,Rendah,Selesai
ORD-2024-006967,1/11/2024 10:15,Mie,22000,0.641799604,19,4,Cepat sampai,TRUE,Tidak Ada,Selesai
ORD-2024-006968,1/8/2024 14:54,Kopi,500,4.309821536,14,5,Akan order lg nih,TRUE,Tidak Ada,Selesai
ORD-2024-006969,3/2/2024 21:35,Martabak,40500,0.5,17,5,Driver ramah,FALSE,Tinggi,Selesai
ORD-2024-006970,2/8/2024 21:39,Kopi,20000,17.85985652,78,,,FALSE,Rendah,Selesai
ORD-2024-006971,2/21/2024 13:29,Ayam,47500,2.21874463,51,4,Puas bgt,TRUE,Tidak Ada,Selesai
ORD-2024-006972,23/02/2024 11:15,Martabak,26000,2.35757672,5,4,Buruan order!11,TRUE,Tidak Ada,Selesai
ORD-2024-006973,2/11/2024 11:04,Ayam,37000,1.327463668,5,5,Akan order lg nih,TRUE,Rendah,Selesai
ORD-2024-006974,2/2/2024 19:17,Kopi,8500,3.516021183,22,5,Puas bgt,FALSE,Tidak Ada,Selesai
ORD-2024-006975,17/02/2024 19:06,Kopi,19000,1.912889603,15,,,FALSE,Tidak Ada,Selesai
ORD-2024-006976,1/25/2024 23:20,Kopi,15500,1.19723244,7,5,Mantap gan!,FALSE,Tidak Ada,Selesai
ORD-2024-006977,2/7/2024 14:13,Martabak,9500,0.924219306,7,,,FALSE,Rendah,Selesai
ORD-2024-006978,1/15/2024 22:59,Mie,26500,7.796963518,39,2,Bau gak tauu,FALSE,Tinggi,Selesai
ORD-2024-006979,3/17/2024 19:21,Martabak,38500,1.031654893,8,4,Sesuai pesanan,TRUE,Tidak Ada,Selesai
ORD-2024-006980,2/24/2024 13:46,Ayam,29500,1.720195618,13,4,Sesuai pesanan,TRUE,Tidak Ada,Selesai
ORD-2024-006981,2/12/2024 8:04,Ayam,39500,1.293924864,22,,,FALSE,Tidak Ada,Selesai
ORD-2024-006982,19/01/2024 13:08,Kopi,18500,0.5,22,4,Buruan order!11,FALSE,Tidak Ada,Selesai
ORD-2024-006983,3/3/2024 14:55,Mie,8000,0.617142959,10,5,Buruan order!11,FALSE,Tidak Ada,Selesai
ORD-2024-006984,1/26/2024 21:11,Mie,22500,0.630319125,5,3,Yaudah minum teh,TRUE,Rendah,Selesai
ORD-2024-006985,10/3/2024 11:28,Mie,28500,3.549076364,33,,,FALSE,Rendah,Selesai
ORD-2024-006986,3/8/2024 20:46,Ayam,500,1.565585953,9,5,Enak bgttt,TRUE,Tidak Ada,Selesai
ORD-2024-006987,2/15/2024 9:43,Kopi,10000,4.569334302,34,4,Mantap gan!,TRUE,Tinggi,Selesai
ORD-2024-006988,2/10/2024 3:04,Kopi,11000,3.702790143,24,,,FALSE,Rendah,Selesai
ORD-2024-006989,10/2/2024 13:15,Ayam,73000,0.639764443,12,3,Gapapa,TRUE,Rendah,Selesai
ORD-2024-006990,28/01/2024 13:38,Ayam,43500,2.482895963,25,,,TRUE,Rendah,Selesai
ORD-2024-006991,31/01/2024 03:57,Mie,26000,,7,2,"Narik duit banyak😡",TRUE,Tinggi,Dibatalkan
ORD-2024-006992,3/5/2024 18:03,Ayam,17500,3.007531186,37,3,Standar lah,TRUE,Tinggi,Dibatalkan
ORD-2024-006993,2/12/2024 18:56,Ayam,29500,2.748996009,20,5,Mantap gan!,TRUE,Tidak Ada,Selesai
ORD-2024-006994,1/4/2024 11:32,Ayam,61500,4.036734539,28,5,Buruan order!11,TRUE,Rendah,Selesai
ORD-2024-006995,2/23/2024 13:45,Mie,28500,,8,5,Buruan order!11,FALSE,Tidak Ada,Selesai
ORD-2024-006996,1/6/2024 12:19,Kopi,24000,3.943841125,25,,,FALSE,Tidak Ada,Selesai
ORD-2024-006997,1/4/2024 20:02,Martabak,40000,0.955064169,31,4,Makasih ya,FALSE,Tidak Ada,Selesai
ORD-2024-006998,2/24/2024 14:34,Mie,24500,2.545000971,19,,,FALSE,Rendah,Selesai
ORD-2024-006999,3/21/2024 11:18,Ayam,2198500,0.832423026,11,,,TRUE,Rendah,Selesai
ORD-2024-007000,3/2/2024 0:13,Martabak,31000,5.475655391,32,,,TRUE,Tidak Ada,Selesai
ORD-2024-007001,1/3/2024 13:42,Ayam,68000,1.965008183,22,4,Makanan hangat sampai,FALSE,Tidak Ada,Dibatalkan
ORD-2024-007002,1/27/2024 12:06,Ayam,67500,3.089564516,38,,,FALSE,Tidak Ada,Selesai
ORD-2024-007003,1/9/2024 0:18,Mie,28000,4.740832376,8,3,Biasa saja,TRUE,Rendah,Selesai
ORD-2024-007004,1/9/2024 13:07,Martabak,33000,6.770405623,32,3,OK,FALSE,Rendah,Selesai
ORD-2024-007005,2/13/2024 20:36,Kopi,21500,3.951000092,13,,,FALSE,Tidak Ada,Selesai
ORD-2024-007006,3/1/2024 4:43,Kopi,15000,0.5,21,,,TRUE,Tidak Ada,Selesai
ORD-2024-007007,30/01/2024 19:27,Kopi,23000,5.783405066,20,5,Rekomendasi deh,FALSE,Tidak Ada,Selesai
ORD-2024-007008,3/29/2024 17:31,Ayam,39500,2.891546054,26,5,Puas bgt,FALSE,Tidak Ada,Selesai
ORD-2024-007009,1/10/2024 19:57,Ayam,53000,2.820595975,10,3,OK,FALSE,Tinggi,Selesai
ORD-2024-007010,15/03/2024 21:57,Ayam,62000,7.627882886,35,4,Driver ramah,TRUE,Tidak Ada,Dibatalkan
ORD-2024-007011,3/3/2024 20:58,Ayam,24000,0.858376077,6,4,Rekomendasi deh,TRUE,Tidak Ada,Dibatalkan
ORD-2024-007012,1/28/2024 20:42,Mie,35500,0.821683157,15,5,Mantap gan!!,FALSE,Tidak Ada,Selesai
ORD-2024-007013,1/28/2024 17:34,Ayam,59500,2.159666033,39,4,Buruan order!!!11,TRUE,Tidak Ada,Selesai
ORD-2024-007014,2/28/2024 18:02,Ayam,107000,4.1692578,13,5,Makanan hangat sampai,TRUE,Tidak Ada,Selesai
ORD-2024-007015,1/29/2024 13:07,Kopi,25500,1.778497948,7,5,Puas bgt,FALSE,Tidak Ada,Selesai
ORD-2024-007016,13/02/2024 13:59,Mie,26000,3.014475722,29,,,TRUE,Tidak Ada,Selesai
ORD-2024-007017,1/11/2024 20:53,Ayam,81500,1.80731393,17,5,Mantap gan!!!,FALSE,Tidak Ada,Selesai
ORD-2024-007018,1/15/2024 17:31,Ayam,65500,2.82780541,10,5,Mantap gan!,FALSE,Rendah,Selesai
ORD-2024-007019,2/9/2024 1:15,Kopi,17500,5.182339277,22,4,Wow enak bgt,FALSE,Tidak Ada,Selesai
ORD-2024-007020,1/14/2024 14:51,Martabak,17500,0.597097333,5,1,Gajadi orderan,FALSE,Tinggi,Selesai
ORD-2024-007021,3/20/2024 11:49,Kopi,10500,3.566056105,20,4,Makanan hangat sampai,FALSE,Tidak Ada,Dibatalkan
ORD-2024-007022,1/31/2024 23:08,Mie,26000,4.645391669,16,,,TRUE,Tinggi,Selesai
ORD-2024-007023,2/5/2024 19:12,Mie,22500,1.777796274,21,4,Driver ramah,FALSE,Tidak Ada,Selesai
ORD-2024-007024,1/24/2024 21:20,Martabak,31500,1.17128725,22,4,Enak bgt!!,TRUE,Rendah,Selesai
ORD-2024-007025,22/02/2024 13:54,Martabak,40500,0.5,5,3,Standar lah,TRUE,Rendah,Selesai
ORD-2024-007026,2/1/2024 11:47,Kopi,20000,4.785200356,30,5,Wow enak bgt,TRUE,Tidak Ada,Selesai
ORD-2024-007027,1/10/2024 6:29,Ayam,40000,1.192216984,5,5,Top bgt kualitasnya,TRUE,Tidak Ada,Selesai
ORD-2024-007028,1/24/2024 13:22,Mie,32500,1.326275882,17,4,Cepat sampai,TRUE,Tidak Ada,Selesai
ORD-2024-007029,2/13/2024 21:20,Kopi,12500,1.228447234,32,,,FALSE,Tidak Ada,Selesai
ORD-2024-007030,1/5/2024 21:45,Ayam,32500,2.071887046,16,5,Rekomendasi deh,TRUE,Tidak Ada,Selesai
ORD-2024-007031,2/28/2024 21:55,Martabak,33000,,28,4,Makasih ya,TRUE,Rendah,Selesai
ORD-2024-007032,16/03/2024 05:41,Ayam,38000,4.433428583,29,5,Mantap gan!,FALSE,Tidak Ada,Selesai
ORD-2024-007033,1/18/2024 3:48,Kopi,14000,1.495558568,21,,,FALSE,Tidak Ada,Selesai
ORD-2024-007034,1/5/2024 18:43,Kopi,20500,3.263925507,32,5,Driver ramah,FALSE,Tidak Ada,Selesai
ORD-2024-007035,5/2/2024 13:31,Kopi,19500,3.826237253,30,5,Akan order lg nih,FALSE,Tidak Ada,Selesai
ORD-2024-007036,1/16/2024 9:25,Mie,23500,1.056842401,7,5,Makasih ya,TRUE,Rendah,Selesai
ORD-2024-007037,16/02/2024 17:44,Ayam,24500,0.5,20,5,Buruan order!11,FALSE,Rendah,Selesai
ORD-2024-007038,2/5/2024 11:44,Kopi,13500,6.751849119,51,,,TRUE,Tidak Ada,Selesai
ORD-2024-007039,22/02/2024 21:26,Kopi,25000,3.391386198,29,,,FALSE,Tidak Ada,Selesai
ORD-2024-007040,1/20/2024 4:49,Martabak,37000,3.133313442,21,4,Buruan order!!!11,FALSE,Tidak Ada,Selesai
ORD-2024-007041,3/4/2024 13:36,Martabak,40500,0.5,5,5,Wow enak bgt,FALSE,Tidak Ada,Selesai
ORD-2024-007042,1/11/2024 11:07,Kopi,17500,5.109154046,20,5,Sesuai pesanan,FALSE,Tidak Ada,Selesai
ORD-2024-007043,1/2/2024 12:20,Martabak,27500,2.504506609,14,5,Rekomendasi deh,FALSE,Tidak Ada,Selesai
ORD-2024-007044,3/29/2024 13:14,Ayam,66500,5.649343904,22,5,Cepat sampai,FALSE,Rendah,Selesai
ORD-2024-007045,2/29/2024 13:53,Mie,35000,11.01443722,50,,,FALSE,Tinggi,Refund
ORD-2024-007046,3/8/2024 21:55,Kopi,14500,9.446672798,37,5,Enak bgt,TRUE,Rendah,Selesai
ORD-2024-007047,2/2/2024 17:48,Martabak,24500,5.815687899,41,5,Mantap gan!!,FALSE,Tidak Ada,Selesai
ORD-2024-007048,8/1/2024 12:32,Ayam,26000,0.5,10,4,Top bgt kualitasnya,TRUE,Tidak Ada,Selesai
ORD-2024-007049,2/26/2024 21:59,Ayam,39000,6.507500337,25,5,Wow enak bgt,FALSE,Tidak Ada,Selesai
ORD-2024-007050,2/3/2024 21:10,Kopi,19500,0.5,5,4,Sesuai pesanan,FALSE,Tidak Ada,Selesai
ORD-2024-007051,6/2/2024 3:06,Mie,22000,5.715334903,28,,,FALSE,Tidak Ada,Selesai
ORD-2024-007052,1/25/2024 14:49,Kopi,20500,0.986237574,13,5,Top bgt kualitasnya,FALSE,Tidak Ada,Selesai
ORD-2024-007053,2/1/2024 13:59,Mie,40000,2.825351347,23,3,Yaudah minum teh,FALSE,Rendah,Selesai
ORD-2024-007054,2/17/2024 11:10,Kopi,16500,0.5,11,5,Akan order lg nih,FALSE,Tidak Ada,Selesai
ORD-2024-007055,1/11/2024 15:03,Kopi,16500,4.42448107,37,5,Akan order lg nih,TRUE,Rendah,Selesai
ORD-2024-007056,1/31/2024 14:17,Ayam,1762500,0.5,22,,,FALSE,Tidak Ada,Selesai
ORD-2024-007057,1/20/2024 20:51,Mie,18000,1.586399447,9,2,Kurang sambelnya,FALSE,Tinggi,Dibatalkan
ORD-2024-007058,1/4/2024 22:21,Ayam,62000,5.102127816,10,1,Buruk skli layanannya,FALSE,Rendah,Selesai
ORD-2024-007059,2/10/2024 12:13,Mie,21500,,21,,,FALSE,Tidak Ada,Selesai
ORD-2024-007060,13/02/2024 11:07,Mie,18500,0.5,5,4,Makasih ya,FALSE,Rendah,Selesai
ORD-2024-007061,1/4/2024 17:24,Mie,31500,1.547676986,5,5,Makanan hangat sampai,TRUE,Rendah,Selesai
ORD-2024-007062,2/1/2024 20:37,Kopi,14000,0.5,20,4,Sesuai pesanan,FALSE,Rendah,Selesai
ORD-2024-007063,5/1/2024 18:11,Martabak,27500,3.357974712,24,5,Makanan hangat sampai,FALSE,Rendah,Selesai
ORD-2024-007064,2/9/2024 14:50,Martabak,13500,10.41632369,60,1,Gajadi orderan,FALSE,Tinggi,Selesai
ORD-2024-007065,2/1/2024 11:52,Ayam,67500,3.194905293,23,,,FALSE,Tidak Ada,Selesai
ORD-2024-007066,26/03/2024 14:07,Martabak,36000,0.762248433,13,5,Nggg enak 😋,FALSE,Tidak Ada,Refund
ORD-2024-007067,1/14/2024 10:42,Ayam,51500,1.316598952,5,4,Mantap gan!!!,FALSE,Rendah,Selesai
ORD-2024-007068,3/19/2024 12:26,Kopi,10000,11.27154628,47,3,OK,TRUE,Tinggi,Dibatalkan
ORD-2024-007069,3/9/2024 13:20,Ayam,72000,0.761010907,5,5,Nggg enak 😋,TRUE,Tidak Ada,Selesai
ORD-2024-007070,2/10/2024 18:25,Ayam,40500,2.473385312,31,4,Akan order lg nih,FALSE,Tidak Ada,Selesai
ORD-2024-007071,3/23/2024 17:34,Kopi,14500,1.534746773,5,4,Buruan order!!!11,TRUE,Tidak Ada,Selesai
ORD-2024-007072,3/19/2024 19:02,Kopi,26500,4.387133623,30,4,Makanan hangat sampai,TRUE,Rendah,Selesai
ORD-2024-007073,18/01/2024 13:37,Martabak,24500,6.061011898,31,4,Enak bgt!!!,FALSE,Tidak Ada,Selesai
ORD-2024-007074,6/3/2024 12:42,Ayam,64000,1.25035454,20,,,FALSE,Tidak Ada,Selesai
ORD-2024-007075,2/12/2024 5:32,Kopi,19000,3.239928351,20,5,Sesuai pesanan,FALSE,Tinggi,Selesai
ORD-2024-007076,4/1/2024 15:20,Ayam,58000,2.389181114,7,,,FALSE,Tidak Ada,Selesai
ORD-2024-007077,26/03/2024 21:43,Kopi,17500,0.979037901,12,1,Driver gak ramah,TRUE,Tinggi,Selesai
ORD-2024-007078,2/27/2024 11:16,Martabak,33000,0.952118758,28,4,Nggg enak 😋,TRUE,Rendah,Selesai
ORD-2024-007079,2/7/2024 11:11,Kopi,500,2.320675577,12,,,FALSE,Rendah,Selesai
ORD-2024-007080,3/1/2024 20:16,Martabak,29500,0.501717948,25,5,Rekomendasi deh,FALSE,Tidak Ada,Selesai
ORD-2024-007081,2/5/2024 19:50,Ayam,54000,4.995008792,36,3,Gapapa,FALSE,Tidak Ada,Refund
ORD-2024-007082,2/9/2024 17:03,Martabak,22500,0.5,15,5,Makanan hangat sampai,TRUE,Tidak Ada,Selesai
ORD-2024-007083,3/13/2024 21:59,Kopi,18500,0.5,7,5,Nggg enak 😋,FALSE,Tidak Ada,Selesai
ORD-2024-007084,3/10/2024 20:23,Kopi,19500,1.256683024,19,4,Cepat sampai,FALSE,Tidak Ada,Selesai
ORD-2024-007085,27/01/2024 21:14,Martabak,35500,0.5,9,5,Makasih ya,TRUE,Rendah,Selesai
ORD-2024-007086,3/12/2024 19:41,Ayam,31000,1.93707384,30,5,Mantap gan!,TRUE,Tidak Ada,Dibatalkan
ORD-2024-007087,15/03/2024 11:01,Martabak,37500,1.530856761,5,,,FALSE,Tidak Ada,Selesai
ORD-2024-007088,4/1/2024 19:16,Martabak,22500,3.838350635,29,4,Wow enak bgt,TRUE,Tinggi,Refund
ORD-2024-007089,1/26/2024 17:05,Ayam,4098500,9.17308827,45,3,Biasa saja,FALSE,Rendah,Selesai
ORD-2024-007090,3/14/2024 19:54,Ayam,51000,4.20189294,30,5,Enak bgttt,TRUE,Tidak Ada,Selesai
ORD-2024-007091,3/21/2024 14:01,Ayam,39000,0.593336407,21,5,Makanan hangat sampai,TRUE,Tidak Ada,Selesai
ORD-2024-007092,2/20/2024 11:42,Mie,17500,8.224260351,33,4,Cepat sampai,FALSE,Tidak Ada,Selesai
ORD-2024-007093,3/2/2024 11:43,Martabak,26500,1.493399648,9,5,Makanan hangat sampai,TRUE,Tinggi,Selesai
ORD-2024-007094,1/28/2024 11:41,Ayam,41500,1.928442398,21,4,Cepat sampai,TRUE,Tidak Ada,Selesai
ORD-2024-007095,3/28/2024 18:19,Kopi,6500,1.642345577,27,4,Sesuai pesanan,FALSE,Tidak Ada,Selesai
ORD-2024-007096,17/03/2024 21:16,Kopi,19500,,13,5,Akan order lg nih,TRUE,Tidak Ada,Selesai
ORD-2024-007097,28/02/2024 19:09,Mie,41500,,50,3,Biasa saja,FALSE,Tidak Ada,Selesai
ORD-2024-007098,2/24/2024 14:37,Ayam,61500,1.211474259,13,4,Buruan order!11,FALSE,Tidak Ada,Selesai
ORD-2024-007099,2/23/2024 10:59,Ayam,48000,2.5924932,12,4,Driver ramah,TRUE,Tidak Ada,Selesai
ORD-2024-007100,3/30/2024 11:45,Mie,25500,0.82344311,19,,,TRUE,Tidak Ada,Selesai
ORD-2024-007101,2/28/2024 3:11,Ayam,44500,,20,,,FALSE,Tinggi,Selesai
ORD-2024-007102,14/01/2024 19:43,Ayam,53000,4.464299072,23,5,Puas bgt,TRUE,Tidak Ada,Dibatalkan
ORD-2024-007103,1/19/2024 17:33,Mie,25500,1.054261199,18,5,Cepat sampai,FALSE,Tidak Ada,Selesai
ORD-2024-007104,1/19/2024 8:57,Martabak,23500,,28,5,Puas bgt,FALSE,Rendah,Selesai
ORD-2024-007105,17/03/2024 12:55,Ayam,79500,3.650905989,28,5,Akan order lg nih,TRUE,Tidak Ada,Selesai
ORD-2024-007106,1/3/2024 20:26,Ayam,26500,2.480114002,22,5,Top bgt kualitasnya,FALSE,Tidak Ada,Selesai
ORD-2024-007107,1/4/2024 8:02,Ayam,63500,2.753363423,34,4,Puas bgt,FALSE,Tidak Ada,Selesai
ORD-2024-007108,2/19/2024 13:06,Ayam,50000,2.563151186,28,5,Sesuai pesanan,TRUE,Tidak Ada,Selesai
ORD-2024-007109,2/18/2024 11:07,Mie,39500,0.5,11,4,Rekomendasi deh,TRUE,Tidak Ada,Selesai
ORD-2024-007110,1/18/2024 4:34,Kopi,18000,3.328401069,29,,,FALSE,Tidak Ada,Selesai
ORD-2024-007111,1/5/2024 19:43,Martabak,27500,1.903361558,17,4,Puas bgt,FALSE,Rendah,Selesai
ORD-2024-007112,15/02/2024 12:28,Mie,24500,1.73120228,24,4,Cepat sampai,TRUE,Tidak Ada,Selesai
ORD-2024-007113,2/23/2024 19:11,Kopi,16500,5.898321829,38,5,Cepat sampai,TRUE,Tidak Ada,Selesai
ORD-2024-007114,2/10/2024 6:58,Ayam,32500,0.5,12,4,Mantap gan!!,TRUE,Tidak Ada,Selesai
ORD-2024-007115,3/22/2024 14:12,Kopi,13000,0.868310505,8,5,Akan order lg nih,FALSE,Tidak Ada,Selesai
ORD-2024-007116,2/26/2024 18:38,Mie,13500,0.5,14,,,TRUE,Rendah,Selesai
ORD-2024-007117,3/15/2024 13:07,Mie,3931500,0.5,9,4,Sesuai pesanan,FALSE,Rendah,Selesai
ORD-2024-007118,2/18/2024 14:48,Ayam,54000,0.967553551,18,5,Top bgt kualitasnya,FALSE,Tidak Ada,Selesai
ORD-2024-007119,1/25/2024 20:16,Martabak,21000,13.3900414,64,2,Gajadi orderan,FALSE,Tinggi,Selesai
ORD-2024-007120,13/03/2024 12:50,Kopi,15500,0.94507419,5,5,Akan order lg nih,FALSE,Rendah,Selesai
ORD-2024-007121,1/28/2024 2:23,Mie,21500,3.269306897,23,5,Nggg enak 😋,FALSE,Tidak Ada,Selesai
ORD-2024-007122,2/1/2024 11:22,Ayam,62500,0.5,42,4,Cepat sampai,TRUE,Tidak Ada,Selesai
ORD-2024-007123,3/13/2024 17:35,Kopi,16500,2.762761524,19,4,Driver ramah,TRUE,Rendah,Selesai
ORD-2024-007124,3/26/2024 11:03,Mie,21500,12.497164,66,3,OK,FALSE,Tinggi,Selesai
ORD-2024-007125,1/30/2024 18:06,Kopi,500,1.035245175,23,2,😠😠😠,FALSE,Tinggi,Selesai
ORD-2024-007126,1/25/2024 8:05,Kopi,16000,5.653117074,14,,,FALSE,Tidak Ada,Selesai
ORD-2024-007127,2/13/2024 12:43,Ayam,44500,18.06129671,82,1,Kurang sambelnya,TRUE,Tinggi,Selesai
ORD-2024-007128,2/17/2024 17:33,Ayam,42500,2.664233131,14,,,FALSE,Rendah,Refund
ORD-2024-007129,1/3/2024 11:30,Ayam,41000,1.110588262,14,3,Lumayan,TRUE,Tidak Ada,Selesai
ORD-2024-007130,3/12/2024 15:05,Mie,27000,3.358263232,8,5,Makanan hangat sampai,FALSE,Tidak Ada,Selesai
ORD-2024-007131,1/16/2024 19:22,Ayam,90000,5.590053981,36,5,Enak bgt!!!!!!,TRUE,Tidak Ada,Selesai
ORD-2024-007132,3/23/2024 18:26,Kopi,13500,0.563873105,11,5,Akan order lg nih,FALSE,Tidak Ada,Selesai
ORD-2024-007133,31/01/2024 13:51,Martabak,27500,1.80726483,31,5,Driver ramah,TRUE,Tidak Ada,Selesai
ORD-2024-007134,3/20/2024 20:22,Ayam,50500,1.153405949,5,,,FALSE,Tidak Ada,Dibatalkan
ORD-2024-007135,2/27/2024 0:12,Kopi,13500,0.999540771,20,3,OK,FALSE,Tidak Ada,Selesai
ORD-2024-007136,11/3/2024 17:50,Martabak,38000,5.915988834,37,5,Enak bgt!!,FALSE,Rendah,Selesai
ORD-2024-007137,3/18/2024 11:29,Mie,500,1.642748956,10,5,Makanan hangat sampai,FALSE,Rendah,Selesai
ORD-2024-007138,2/5/2024 12:59,Martabak,18000,,5,4,Mantap gan!,TRUE,Tidak Ada,Selesai
ORD-2024-007139,3/6/2024 20:31,Martabak,21500,2.775317473,19,5,Enak bgt!!,FALSE,Tidak Ada,Selesai
ORD-2024-007140,3/30/2024 10:21,Ayam,51000,0.743083344,14,5,Top bgt kualitasnya,FALSE,Tidak Ada,Selesai
ORD-2024-007141,1/1/2024 21:48,Mie,25000,0.783679349,5,4,Puas bgt,TRUE,Tidak Ada,Selesai
ORD-2024-007142,1/6/2024 14:11,Ayam,57000,2.203712636,11,5,Rekomendasi deh,FALSE,Tidak Ada,Selesai
ORD-2024-007143,2/22/2024 20:08,Martabak,35000,1.579202514,27,,,FALSE,Rendah,Selesai
ORD-2024-007144,2/24/2024 3:34,Ayam,56000,1.048597467,7,3,Gapapa,FALSE,Tinggi,Refund
ORD-2024-007145,3/29/2024 13:50,Mie,18500,0.5,19,5,Akan order lg nih,FALSE,Rendah,Selesai
ORD-2024-007146,3/11/2024 13:58,Martabak,32500,2.206750424,32,5,Makasih ya,FALSE,Rendah,Selesai
ORD-2024-007147,3/29/2024 14:09,Martabak,35000,5.088407744,23,,,TRUE,Tidak Ada,Selesai
ORD-2024-007148,2/19/2024 12:59,Ayam,44500,5.719031286,21,4,Enak bgt,FALSE,Tidak Ada,Selesai
ORD-2024-007149,1/26/2024 9:06,Kopi,8500,0.805364243,19,5,Enak bgttt,TRUE,Tinggi,Selesai
ORD-2024-007150,18/02/2024 17:28,Martabak,39000,2.746182431,19,4,Makanan hangat sampai,FALSE,Tidak Ada,Selesai
ORD-2024-007151,3/12/2024 22:26,Martabak,4198500,5.811354237,24,,,FALSE,Tidak Ada,Selesai
ORD-2024-007152,3/30/2024 11:34,Ayam,53000,1.57642688,31,4,Buruan order!11,FALSE,Tidak Ada,Refund
ORD-2024-007153,3/20/2024 11:03,Mie,27000,8.07078486,38,5,Buruan order!11,FALSE,Tidak Ada,Selesai
ORD-2024-007154,25/02/2024 18:27,Mie,500,6.998468927,40,5,Mantap gan!,FALSE,Tinggi,Dibatalkan
ORD-2024-007155,3/5/2024 18:41,Ayam,22500,0.700088892,5,5,Akan order lg nih,FALSE,Tidak Ada,Selesai
ORD-2024-007156,3/19/2024 6:29,Mie,22500,0.899121588,12,5,Makasih ya,FALSE,Tidak Ada,Selesai
ORD-2024-007157,1/21/2024 12:56,Kopi,27000,0.59697032,6,5,Sesuai pesanan,TRUE,Tidak Ada,Selesai
ORD-2024-007158,4/2/2024 21:33,Kopi,18000,0.65467084,9,5,Wow enak bgt,TRUE,Rendah,Selesai
ORD-2024-007159,2/3/2024 14:34,Ayam,809000,7.153406316,32,5,Top bgt kualitasnya,FALSE,Tinggi,Selesai
ORD-2024-007160,1/1/2024 14:40,Kopi,15500,8.026948375,53,4,Sesuai pesanan,FALSE,Tidak Ada,Selesai
ORD-2024-007161,2/14/2024 14:23,Martabak,42000,0.5,7,,,FALSE,Rendah,Selesai
ORD-2024-007162,1/23/2024 22:57,Kopi,20500,2.701276919,14,4,Wow enak bgt,FALSE,Tidak Ada,Selesai
ORD-2024-007163,1/7/2024 7:42,Martabak,44500,2.491932853,30,5,Makanan hangat sampai,FALSE,Tidak Ada,Selesai
ORD-2024-007164,1/27/2024 15:07,Martabak,30500,1.48558352,12,5,Buruan order!11,FALSE,Tidak Ada,Selesai
ORD-2024-007165,3/2/2024 2:09,Martabak,32000,2.996552759,14,5,Sesuai pesanan,TRUE,Tidak Ada,Selesai
ORD-2024-007166,1/4/2024 19:29,Ayam,47000,8.833282992,54,2,Kurang sambelnya,FALSE,Tinggi,Selesai
ORD-2024-007167,3/14/2024 11:23,Mie,24000,0.559910139,14,5,Top bgt kualitasnya,TRUE,Tidak Ada,Selesai
ORD-2024-007168,2/9/2024 14:24,Kopi,12000,0.5,15,5,Buruan order!11,FALSE,Tidak Ada,Selesai
ORD-2024-007169,3/10/2024 0:56,Ayam,53000,0.5,14,5,Nggg enak 😋,TRUE,Tidak Ada,Selesai
ORD-2024-007170,3/3/2024 6:26,Ayam,38500,1.356883966,25,2,Makanannya dingin,FALSE,Tinggi,Dibatalkan
ORD-2024-007171,30/03/2024 00:12,Kopi,18500,1.235786003,5,5,Akan order lg nih,TRUE,Tidak Ada,Selesai
ORD-2024-007172,1/10/2024 7:52,Mie,27000,1.690674008,24,4,Sesuai pesanan,TRUE,Tidak Ada,Selesai
ORD-2024-007173,24/03/2024 13:27,Kopi,17500,2.099367756,5,5,Rekomendasi deh,FALSE,Tidak Ada,Selesai
ORD-2024-007174,4/2/2024 21:54,Martabak,42500,4.254271559,19,5,Makasih ya,TRUE,Tidak Ada,Selesai
ORD-2024-007175,26/02/2024 00:47,Ayam,51000,1.493300736,7,4,Driver ramah,FALSE,Rendah,Selesai
ORD-2024-007176,2/24/2024 14:17,Kopi,19500,1.204179222,15,5,Driver ramah,FALSE,Tidak Ada,Selesai
ORD-2024-007177,2/5/2024 7:55,Mie,40500,5.261290406,20,5,Puas bgt,FALSE,Rendah,Selesai
ORD-2024-007178,1/7/2024 23:37,Martabak,40000,5.687296121,37,4,Enak bgt,FALSE,Tidak Ada,Dibatalkan
ORD-2024-007179,3/25/2024 19:57,Ayam,71000,0.794890179,20,,,FALSE,Tidak Ada,Selesai
ORD-2024-007180,12/3/2024 20:15,Kopi,15000,1.133572394,16,4,Enak bgt!!!,TRUE,Rendah,Dibatalkan
ORD-2024-007181,28/02/2024 17:58,Ayam,1712500,5.230903509,22,,,FALSE,Tidak Ada,Selesai
ORD-2024-007182,3/3/2024 0:47,Kopi,24000,0.5,23,4,Puas bgt,TRUE,Tinggi,Selesai
ORD-2024-007183,2/17/2024 13:27,Martabak,33000,1.182893595,17,,,TRUE,Tidak Ada,Selesai
ORD-2024-007184,2/7/2024 23:31,Martabak,46500,1.784525057,13,5,Top bgt kualitasnya,TRUE,Tidak Ada,Selesai
ORD-2024-007185,1/22/2024 19:56,Ayam,54000,0.621336783,13,4,Enak bgt,FALSE,Tidak Ada,Selesai
ORD-2024-007186,2/2/2024 14:11,Mie,21000,0.595038918,12,,,FALSE,Tidak Ada,Refund
ORD-2024-007187,2/3/2024 5:05,Kopi,6500,1.659436104,22,5,Sesuai pesanan,FALSE,Tidak Ada,Selesai
ORD-2024-007188,27/01/2024 18:55,Kopi,500,4.213640482,38,5,Makanan hangat sampai,FALSE,Rendah,Selesai
ORD-2024-007189,3/8/2024 5:07,Kopi,16000,5.502115941,19,5,Sesuai pesanan,FALSE,Tidak Ada,Selesai
ORD-2024-007190,4/1/2024 11:13,Martabak,33500,11.62347257,48,4,Akan order lg nih,FALSE,Tidak Ada,Selesai
ORD-2024-007191,25/03/2024 09:45,Kopi,23000,0.5,7,5,Puas bgt,FALSE,Tinggi,Dibatalkan
ORD-2024-007192,3/2/2024 11:26,Kopi,17000,0.732650376,18,4,Top bgt kualitasnya,TRUE,Tidak Ada,Selesai
ORD-2024-007193,2/3/2024 13:07,Kopi,17000,4.239515137,37,,,TRUE,Rendah,Selesai
ORD-2024-007194,3/24/2024 12:00,Ayam,52000,2.333493516,7,4,Nggg enak 😋,FALSE,Tinggi,Selesai
ORD-2024-007195,11/3/2024 18:36,Mie,38500,1.191061575,6,5,Akan order lg nih,FALSE,Rendah,Dibatalkan
ORD-2024-007196,2/21/2024 23:19,Kopi,15000,,9,4,Enak bgt!!!,FALSE,Rendah,Selesai
ORD-2024-007197,2/21/2024 20:48,Ayam,51000,0.98750266,21,5,Mantap gan!,FALSE,Tidak Ada,Selesai
ORD-2024-007198,2/17/2024 23:27,Martabak,41000,1.68261672,8,,,TRUE,Rendah,Selesai
ORD-2024-007199,2/2/2024 20:02,Mie,27000,0.584948511,10,5,Makanan hangat sampai,TRUE,Tidak Ada,Selesai
ORD-2024-007200,1/2/2024 19:54,Mie,34000,9.991598019,41,,,FALSE,Rendah,Selesai
ORD-2024-007201,2/25/2024 13:59,Kopi,12500,0.5,21,4,Makasih ya,TRUE,Rendah,Selesai
ORD-2024-007202,2/16/2024 14:33,Ayam,48000,12.71688375,57,,,TRUE,Tidak Ada,Selesai
ORD-2024-007203,3/5/2024 18:29,Kopi,23000,5.533455207,25,5,Makasih ya,FALSE,Tidak Ada,Selesai
ORD-2024-007204,2/5/2024 11:27,Ayam,40000,1.650527447,7,,,FALSE,Tidak Ada,Selesai
ORD-2024-007205,3/11/2024 17:26,Mie,25000,4.039102473,23,5,Rekomendasi deh,FALSE,Tidak Ada,Selesai
ORD-2024-007206,3/17/2024 14:50,Ayam,56000,3.339794538,21,4,Cepat sampai,FALSE,Tidak Ada,Selesai
ORD-2024-007207,3/8/2024 19:02,Ayam,35000,0.719675006,23,,,FALSE,Tidak Ada,Selesai
ORD-2024-007208,3/2/2024 14:55,Kopi,14500,1.242322426,26,5,Sesuai pesanan,TRUE,Tidak Ada,Selesai
ORD-2024-007209,1/5/2024 11:16,Kopi,17000,2.15922857,8,3,OK,FALSE,Tinggi,Selesai
ORD-2024-007210,12/1/2024 18:36,Martabak,30500,3.047042152,32,4,Makanan hangat sampai,FALSE,Tidak Ada,Selesai
ORD-2024-007211,1/31/2024 2:06,Kopi,22000,2.348526343,23,5,Akan order lg nih,TRUE,Tidak Ada,Selesai
ORD-2024-007212,3/6/2024 11:25,Ayam,77500,1.921592813,14,,,FALSE,Tidak Ada,Selesai
ORD-2024-007213,3/9/2024 14:20,Ayam,37000,1.756390374,26,5,Enak bgttt,FALSE,Tidak Ada,Selesai
ORD-2024-007214,2/7/2024 21:25,Kopi,17000,2.069046568,12,,,FALSE,Tidak Ada,Selesai
ORD-2024-007215,2/5/2024 14:59,Ayam,63000,1.709347361,22,3,Gapapa,FALSE,Rendah,Selesai
ORD-2024-007216,7/3/2024 11:59,Martabak,41500,2.338273352,44,5,Top bgt kualitasnya,FALSE,Tinggi,Selesai
ORD-2024-007217,3/10/2024 14:45,Kopi,1670500,6.567375473,38,,,FALSE,Tidak Ada,Selesai
ORD-2024-007218,1/31/2024 14:27,Martabak,31500,3.005785356,20,4,Akan order lg nih,FALSE,Tidak Ada,Selesai
ORD-2024-007219,2/1/2024 6:51,Mie,27500,3.847110079,11,,,FALSE,Tidak Ada,Selesai
ORD-2024-007220,3/14/2024 21:27,Mie,26000,2.730054838,23,5,Enak bgt!!!!!!,FALSE,Rendah,Dibatalkan
ORD-2024-007221,2/29/2024 4:20,Mie,27000,3.090207087,27,4,Sesuai pesanan,FALSE,Tidak Ada,Selesai
ORD-2024-007222,1/6/2024 19:39,Ayam,50000,2.590737858,15,4,Nggg enak 😋,FALSE,Tidak Ada,Selesai
ORD-2024-007223,1/15/2024 23:27,Ayam,35000,0.5,16,5,Buruan order!11,FALSE,Tidak Ada,Selesai
ORD-2024-007224,2/24/2024 9:40,Ayam,51500,23.460029,78,2,Bau gak tauu,TRUE,Tinggi,Dibatalkan
ORD-2024-007225,1/22/2024 20:51,Mie,38500,0.5,10,5,Enak bgt!!!,FALSE,Tidak Ada,Selesai
ORD-2024-007226,3/9/2024 14:33,Mie,500,1.508314478,22,5,Buruan order!11,TRUE,Tidak Ada,Selesai
ORD-2024-007227,1/15/2024 21:29,Mie,28000,0.5,5,,,FALSE,Rendah,Selesai
ORD-2024-007228,3/13/2024 19:56,Ayam,43000,0.5,12,4,Nggg enak 😋,TRUE,Tidak Ada,Refund
ORD-2024-007229,1/1/2024 14:52,Mie,18000,4.732756175,39,5,Wow enak bgt,FALSE,Rendah,Refund
ORD-2024-007230,1/8/2024 19:20,Kopi,13000,1.66498976,16,4,Mantap gan!,FALSE,Tidak Ada,Selesai
ORD-2024-007231,27/03/2024 00:12,Ayam,64500,4.845443172,25,4,Buruan order!11,FALSE,Rendah,Selesai
ORD-2024-007232,28/02/2024 12:07,Kopi,25000,0.955605395,14,5,Top bgt kualitasnya,FALSE,Tidak Ada,Selesai
ORD-2024-007233,2/16/2024 21:02,Ayam,74500,0.889009409,34,2,Gajadi orderan,FALSE,Tinggi,Selesai
ORD-2024-007234,2/15/2024 12:10,Kopi,11000,0.867975793,19,,,FALSE,Tidak Ada,Selesai
ORD-2024-007235,2/4/2024 18:09,Ayam,66000,2.872476101,10,4,Mantap gan!,TRUE,Rendah,Selesai
ORD-2024-007236,2/13/2024 18:40,Kopi,13500,5.062188467,22,4,Cepat sampai,TRUE,Tidak Ada,Selesai
ORD-2024-007237,1/28/2024 11:02,Martabak,25500,1.805869204,19,,,FALSE,Tidak Ada,Dibatalkan
ORD-2024-007238,1/25/2024 12:08,Mie,23000,1.430475202,29,4,Buruan order!11,FALSE,Tidak Ada,Selesai
ORD-2024-007239,3/9/2024 13:00,Martabak,35500,10.90085132,58,2,"Narik duit banyak😡",FALSE,Tinggi,Selesai
ORD-2024-007240,3/4/2024 13:04,Kopi,20500,0.5,23,4,Rekomendasi deh,FALSE,Tidak Ada,Selesai
ORD-2024-007241,1/21/2024 13:33,Mie,25500,2.000291012,8,1,Lama org kerjanyaa,FALSE,Tinggi,Selesai
ORD-2024-007242,2/14/2024 13:23,Mie,25500,1.575218673,24,4,Mantap gan!,FALSE,Tidak Ada,Selesai
ORD-2024-007243,3/17/2024 12:11,Ayam,59500,0.5,7,5,Cepat sampai,TRUE,Tidak Ada,Selesai
ORD-2024-007244,3/15/2024 21:38,Kopi,19000,0.936745564,14,4,Makanan hangat sampai,FALSE,Tidak Ada,Selesai
ORD-2024-007245,1/18/2024 11:19,Ayam,71000,0.5,22,5,Cepat sampai,FALSE,Rendah,Selesai
ORD-2024-007246,1/12/2024 11:29,Ayam,30000,,29,3,Gapapa,FALSE,Tinggi,Selesai
ORD-2024-007247,3/12/2024 13:44,Martabak,30000,2.808328975,8,1,Paket berantakan,TRUE,Tinggi,Selesai
ORD-2024-007248,1/17/2024 15:30,Mie,18500,5.062498342,22,4,Top bgt kualitasnya,FALSE,Tidak Ada,Dibatalkan
ORD-2024-007249,3/3/2024 19:16,Ayam,50500,2.211638618,21,,,FALSE,Tidak Ada,Selesai
ORD-2024-007250,2/26/2024 13:30,Mie,0,2.745198167,28,4,Makasih ya,TRUE,Rendah,Selesai
ORD-2024-007251,9/2/2024 17:18,Mie,24500,3.620475383,16,4,Wow enak bgt,TRUE,Tidak Ada,Selesai
ORD-2024-007252,1/24/2024 13:27,Mie,8000,7.158279286,32,2,😠😠😠,FALSE,Tinggi,Dibatalkan
ORD-2024-007253,3/28/2024 12:51,Ayam,38000,0.5,16,5,Top bgt kualitasnya,FALSE,Tidak Ada,Selesai
ORD-2024-007254,1/17/2024 18:29,Mie,22000,1.205682252,22,4,Cepat sampai,FALSE,Tidak Ada,Selesai
ORD-2024-007255,1/18/2024 11:03,Ayam,50500,3.703566055,27,4,Wow enak bgt,FALSE,Rendah,Selesai
ORD-2024-007256,1/27/2024 7:40,Kopi,22000,9.535402284,37,5,Buruan order!11,FALSE,Tidak Ada,Selesai
ORD-2024-007257,25/02/2024 13:32,Ayam,40000,11.85969593,48,1,Paket berantakan,FALSE,Tinggi,Selesai
ORD-2024-007258,27/02/2024 18:45,Ayam,75000,3.04918699,31,,,FALSE,Tidak Ada,Refund
ORD-2024-007259,9/1/2024 19:55,Martabak,23500,0.645520482,26,4,Buruan order!11,TRUE,Tidak Ada,Selesai
ORD-2024-007260,1/29/2024 17:44,Kopi,12000,0.5,8,,,FALSE,Rendah,Selesai
ORD-2024-007261,2/26/2024 12:36,Ayam,20000,8.75873936,39,,,TRUE,Tinggi,Selesai
ORD-2024-007262,2/10/2024 17:18,Ayam,61500,1.707100355,25,5,Makasih ya,TRUE,Tidak Ada,Selesai
ORD-2024-007263,12/1/2024 18:11,Martabak,30500,0.650053493,16,,,FALSE,Tidak Ada,Selesai
ORD-2024-007264,2/20/2024 23:43,Ayam,60500,8.149419938,39,4,Makanan hangat sampai,TRUE,Tidak Ada,Selesai
ORD-2024-007265,1/6/2024 13:53,Mie,27000,0.5,16,,,TRUE,Tidak Ada,Selesai
ORD-2024-007266,2/2/2024 12:17,Ayam,51500,3.923238151,30,5,Sesuai pesanan,FALSE,Tidak Ada,Selesai
ORD-2024-007267,1/21/2024 18:51,Ayam,56500,2.944592718,19,4,Buruan order!11,TRUE,Tidak Ada,Selesai
ORD-2024-007268,12/1/2024 12:44,Kopi,25500,0.5,5,5,Makasih ya,FALSE,Tidak Ada,Selesai
ORD-2024-007269,1/1/2024 20:40,Kopi,14500,1.240864423,18,,,FALSE,Tidak Ada,Refund
ORD-2024-007270,2/26/2024 21:15,Kopi,25000,0.5,20,4,Nggg enak 😋,FALSE,Tidak Ada,Selesai
ORD-2024-007271,3/6/2024 14:58,Ayam,66000,2.782802799,25,3,Standar lah,TRUE,Tidak Ada,Dibatalkan
ORD-2024-007272,3/2/2024 12:12,Mie,28500,1.94516988,12,,,FALSE,Tidak Ada,Selesai
ORD-2024-007273,28/01/2024 11:37,Martabak,1000,,8,2,Makanannya dingin,TRUE,Tinggi,Dibatalkan
ORD-2024-007274,3/26/2024 18:21,Ayam,61000,11.15314155,76,4,Makanan hangat sampai,FALSE,Rendah,Selesai
ORD-2024-007275,24/02/2024 20:59,Kopi,25500,1.29043236,20,,,FALSE,Tidak Ada,Selesai
ORD-2024-007276,2/6/2024 21:26,Mie,22000,0.896044607,5,4,Akan order lg nih,FALSE,Tidak Ada,Selesai
ORD-2024-007277,3/11/2024 14:41,Ayam,18000,0.754794807,9,4,Akan order lg nih,TRUE,Tidak Ada,Selesai
ORD-2024-007278,2/5/2024 20:13,Ayam,16500,0.518834197,12,4,Nggg enak 😋,TRUE,Tidak Ada,Selesai
ORD-2024-007279,6/2/2024 11:41,Martabak,40000,21.16555256,76,2,Lama bgt nunggunya,FALSE,Tinggi,Selesai
ORD-2024-007280,3/26/2024 21:18,Martabak,29500,1.049138285,15,5,Puas bgt,FALSE,Tidak Ada,Selesai
ORD-2024-007281,2/12/2024 14:47,Kopi,17500,1.5601718,13,5,Rekomendasi deh,FALSE,Tidak Ada,Selesai
ORD-2024-007282,2/29/2024 12:20,Ayam,21500,6.152117184,36,4,Cepat sampai,FALSE,Tidak Ada,Dibatalkan
ORD-2024-007283,3/6/2024 20:25,Ayam,39000,3.080724318,20,4,Driver ramah,TRUE,Rendah,Selesai
ORD-2024-007284,2/15/2024 18:23,Martabak,28000,1.379895725,10,5,Puas bgt,TRUE,Tidak Ada,Selesai
ORD-2024-007285,11/2/2024 0:02,Ayam,55000,6.858022863,28,,,FALSE,Tidak Ada,Selesai
ORD-2024-007286,1/30/2024 14:47,Kopi,15000,4.155575334,35,5,Top bgt kualitasnya,FALSE,Tidak Ada,Selesai
ORD-2024-007287,3/13/2024 23:17,Kopi,12000,0.775925583,13,5,Wow enak bgt,FALSE,Tidak Ada,Selesai
ORD-2024-007288,1/18/2024 12:11,Ayam,38500,3.096274967,21,3,Standar lah,FALSE,Tidak Ada,Selesai
ORD-2024-007289,12/1/2024 10:22,Mie,34500,7.6685055,36,3,Lumayan,TRUE,Tidak Ada,Selesai
ORD-2024-007290,3/22/2024 18:29,Mie,834500,2.058281612,19,4,Wow enak bgt,TRUE,Tidak Ada,Selesai
ORD-2024-007291,3/3/2024 17:17,Martabak,32000,3.968408696,16,5,Rekomendasi deh,FALSE,Rendah,Selesai
ORD-2024-007292,24/02/2024 11:11,Ayam,46500,10.63212973,57,3,Gapapa,TRUE,Tidak Ada,Selesai
ORD-2024-007293,1/6/2024 18:50,Ayam,54000,3.517559439,19,5,Makanan hangat sampai,TRUE,Tidak Ada,Selesai
ORD-2024-007294,3/16/2024 17:01,Kopi,16500,0.5,11,,,FALSE,Rendah,Selesai
ORD-2024-007295,16/02/2024 18:19,Ayam,66000,0.841362971,5,2,"Narik duit banyak😡",FALSE,Tinggi,Selesai
ORD-2024-007296,1/25/2024 18:38,Mie,29000,2.712319071,30,5,Enak bgttt,TRUE,Tidak Ada,Selesai
ORD-2024-007297,1/12/2024 21:42,Ayam,50500,0.96705168,17,4,Driver ramah,TRUE,Tidak Ada,Selesai
ORD-2024-007298,2/20/2024 17:16,Kopi,16500,9.477698964,49,1,Buruk skali layanannya,FALSE,Tinggi,Refund
ORD-2024-007299,2/25/2024 21:37,Kopi,12000,1.559357107,25,5,Enak bgt!!,TRUE,Tidak Ada,Selesai
ORD-2024-007300,3/18/2024 14:34,Martabak,41000,1.833211107,26,,,TRUE,Tidak Ada,Selesai
ORD-2024-007301,3/25/2024 14:25,Ayam,101000,3.627982279,18,5,Wow enak bgt,TRUE,Tidak Ada,Selesai
ORD-2024-007302,1/4/2024 14:32,Kopi,15000,2.228586624,20,5,Makanan hangat sampai,TRUE,Tidak Ada,Selesai
ORD-2024-007303,2/21/2024 20:24,Ayam,52500,1.444509125,16,5,Rekomendasi deh,FALSE,Tinggi,Selesai
ORD-2024-007304,3/12/2024 11:43,Mie,33000,0.5,12,5,Top bgt kualitasnya,FALSE,Rendah,Selesai
ORD-2024-007305,1/27/2024 21:10,Ayam,68500,2.722331862,14,5,Puas bgt,FALSE,Tidak Ada,Selesai
ORD-2024-007306,2/15/2024 0:33,Mie,27000,6.065330466,40,,,FALSE,Tidak Ada,Selesai
ORD-2024-007307,1/24/2024 14:10,Mie,19000,3.472818073,34,4,Buruan order!11,FALSE,Tidak Ada,Selesai
ORD-2024-007308,1/24/2024 21:48,Ayam,82000,1.441350058,21,5,Rekomendasi deh,TRUE,Rendah,Dibatalkan
ORD-2024-007309,1/19/2024 12:31,Martabak,35000,0.5,27,5,Rekomendasi deh,FALSE,Tidak Ada,Selesai
ORD-2024-007310,8/2/2024 13:58,Ayam,881500,5.083977554,35,4,Enak bgt!!,FALSE,Tidak Ada,Selesai
ORD-2024-007311,3/18/2024 15:03,Mie,16000,8.528949212,33,4,Puas bgt,TRUE,Tidak Ada,Selesai
ORD-2024-007312,2/29/2024 12:16,Kopi,1292000,1.474407478,13,5,Top bgt kualitasnya,FALSE,Tidak Ada,Dibatalkan
ORD-2024-007313,2/25/2024 17:02,Ayam,65500,3.912950982,30,5,Makasih ya,FALSE,Rendah,Selesai
ORD-2024-007314,2/8/2024 20:05,Kopi,19500,1.586782638,5,5,Wow enak bgt,FALSE,Tidak Ada,Selesai
ORD-2024-007315,18/02/2024 12:10,Ayam,68000,2.093074102,28,5,Akan order lg nih,TRUE,Tidak Ada,Selesai
ORD-2024-007316,2/19/2024 23:33,Mie,27500,5.432393514,13,5,Makasih ya,TRUE,Tidak Ada,Selesai
ORD-2024-007317,1/3/2024 19:10,Ayam,35500,0.5,24,1,Buruk skli layanannya,FALSE,Tinggi,Selesai
ORD-2024-007318,3/18/2024 8:56,Martabak,33500,2.267209041,21,4,Makasih ya,TRUE,Tidak Ada,Selesai
ORD-2024-007319,3/28/2024 20:43,Kopi,20000,0.724763855,33,4,Makasih ya,FALSE,Tidak Ada,Selesai
ORD-2024-007320,1/11/2024 20:39,Mie,21000,1.245664396,18,5,Makasih ya,TRUE,Tidak Ada,Selesai
ORD-2024-007321,12/1/2024 13:17,Ayam,67000,3.102089513,29,,,FALSE,Rendah,Selesai
ORD-2024-007322,3/10/2024 12:55,Kopi,18500,0.5,20,5,Puas bgt,TRUE,Tidak Ada,Selesai
ORD-2024-007323,3/10/2024 14:37,Kopi,15500,2.702914264,13,5,Enak bgt,FALSE,Tidak Ada,Selesai
ORD-2024-007324,3/1/2024 17:51,Martabak,26000,0.99988926,5,4,Top bgt kualitasnya,FALSE,Tidak Ada,Selesai
ORD-2024-007325,1/27/2024 20:38,Ayam,48500,,15,,,FALSE,Tidak Ada,Selesai
ORD-2024-007326,3/19/2024 17:05,Ayam,5173000,0.5,13,4,Makanan hangat sampai,FALSE,Tinggi,Selesai
ORD-2024-007327,1/21/2024 11:04,Ayam,56000,3.993278425,26,3,OK,TRUE,Tidak Ada,Selesai
ORD-2024-007328,3/5/2024 5:01,Martabak,27500,3.112323428,20,4,Mantap gan!,FALSE,Tidak Ada,Selesai
ORD-2024-007329,1/31/2024 19:09,Ayam,66000,10.64650044,55,,,FALSE,Tinggi,Selesai
ORD-2024-007330,1/25/2024 14:40,Kopi,18000,7.26530083,31,5,Enak bgt!!!,FALSE,Tinggi,Selesai
ORD-2024-007331,3/27/2024 11:37,Ayam,46000,0.999305793,24,5,Sesuai pesanan,FALSE,Tidak Ada,Selesai
ORD-2024-007332,1/22/2024 18:15,Mie,27500,0.5,18,5,Top bgt kualitasnya,FALSE,Tidak Ada,Selesai
ORD-2024-007333,2/24/2024 17:53,Mie,35000,3.195839178,39,5,Sesuai pesanan,FALSE,Tidak Ada,Selesai
ORD-2024-007334,2/14/2024 18:06,Kopi,14000,2.770606151,26,5,Driver ramah,FALSE,Tidak Ada,Selesai
ORD-2024-007335,3/3/2024 20:57,Kopi,18000,0.5,13,5,Makasih ya,FALSE,Tidak Ada,Selesai
ORD-2024-007336,1/2/2024 11:44,Ayam,50500,0.5,34,5,Mantap gan!!,TRUE,Tidak Ada,Selesai
ORD-2024-007337,3/22/2024 23:05,Ayam,58500,2.636274698,17,4,Rekomendasi deh,TRUE,Tidak Ada,Selesai
ORD-2024-007338,2/13/2024 6:52,Ayam,40500,7.28537244,34,5,Wow enak bgt,FALSE,Tidak Ada,Selesai
ORD-2024-007339,7/2/2024 16:15,Martabak,31000,7.1093904,35,5,Driver ramah,FALSE,Tidak Ada,Selesai
ORD-2024-007340,6/3/2024 15:07,Kopi,21000,0.5,19,4,Wow enak bgt,FALSE,Tidak Ada,Dibatalkan
ORD-2024-007341,2/10/2024 14:19,Mie,1213000,1.456321443,18,4,Rekomendasi deh,FALSE,Tidak Ada,Selesai
ORD-2024-007342,1/15/2024 17:57,Kopi,11000,0.5,40,5,Makasih ya,TRUE,Tidak Ada,Selesai
ORD-2024-007343,27/02/2024 14:09,Martabak,20500,1.900516022,13,5,Top bgt kualitasnya,FALSE,Tidak Ada,Selesai
ORD-2024-007344,1/5/2024 1:02,Kopi,11500,4.196114679,35,2,Kurang sambelnya,TRUE,Tinggi,Refund
ORD-2024-007345,3/7/2024 12:18,Kopi,13000,4.681553432,15,4,Enak bgt!!!!!!,FALSE,Tidak Ada,Selesai
ORD-2024-007346,3/23/2024 12:10,Ayam,65500,2.07338446,10,4,Cepat sampai,FALSE,Tinggi,Selesai
ORD-2024-007347,28/03/2024 13:55,Kopi,17500,0.5,5,2,Kecewa bgt,FALSE,Tinggi,Dibatalkan
ORD-2024-007348,1/28/2024 11:34,Kopi,12500,1.440714553,8,4,Puas bgt,TRUE,Rendah,Selesai
ORD-2024-007349,2/14/2024 14:24,Martabak,25500,8.069244331,25,4,Enak bgt!!,FALSE,Rendah,Selesai
ORD-2024-007350,3/24/2024 5:05,Mie,29500,0.782585152,13,4,Puas bgt,TRUE,Rendah,Selesai
ORD-2024-007351,2/25/2024 19:46,Ayam,63000,1.155904329,8,4,Enak bgt,FALSE,Tidak Ada,Selesai
ORD-2024-007352,1/28/2024 14:31,Ayam,53500,4.121048768,41,4,Makasih ya,FALSE,Tidak Ada,Selesai
ORD-2024-007353,11/1/2024 21:07,Kopi,11500,3.968052687,31,4,Nggg enak 😋,FALSE,Tidak Ada,Selesai
ORD-2024-007354,2/29/2024 23:34,Kopi,14500,7.298159515,32,5,Rekomendasi deh,TRUE,Tidak Ada,Selesai
ORD-2024-007355,3/17/2024 13:06,Ayam,91500,1.473650863,20,5,Rekomendasi deh,FALSE,Tidak Ada,Selesai
ORD-2024-007356,2/20/2024 5:27,Martabak,21000,2.16833807,22,5,Makasih ya,FALSE,Tidak Ada,Selesai
ORD-2024-007357,1/3/2024 11:39,Mie,28500,1.889911353,30,4,Driver ramah,FALSE,Tidak Ada,Selesai
ORD-2024-007358,2/3/2024 10:13,Mie,41000,7.882959004,30,4,Wow enak bgt,FALSE,Rendah,Selesai
ORD-2024-007359,2/6/2024 0:23,Ayam,47000,4.400309142,18,,,FALSE,Tidak Ada,Selesai
ORD-2024-007360,3/18/2024 17:03,Mie,39000,5.341422206,35,5,Makasih ya,FALSE,Tidak Ada,Selesai
ORD-2024-007361,2/27/2024 13:00,Martabak,25000,0.5,29,5,Top bgt kualitasnya,FALSE,Tidak Ada,Selesai
ORD-2024-007362,2/10/2024 13:26,Kopi,8000,4.708441252,16,3,OK,FALSE,Tidak Ada,Selesai
ORD-2024-007363,1/8/2024 14:32,Kopi,14000,1.702075579,22,,,FALSE,Rendah,Selesai
ORD-2024-007364,3/19/2024 17:35,Mie,20500,0.5,26,,,FALSE,Rendah,Selesai
ORD-2024-007365,1/4/2024 12:17,Kopi,9500,0.5,20,4,Rekomendasi deh,TRUE,Rendah,Selesai
ORD-2024-007366,1/6/2024 12:20,Kopi,14500,3.398753619,27,,,TRUE,Tinggi,Dibatalkan
ORD-2024-007367,1/1/2024 12:28,Kopi,20500,1.39570477,22,4,Top bgt kualitasnya,FALSE,Tidak Ada,Selesai
ORD-2024-007368,3/17/2024 7:59,Kopi,14000,6.077487884,43,3,Yaudah minum teh,FALSE,Tidak Ada,Selesai
ORD-2024-007369,1/24/2024 17:54,Ayam,45000,3.97585895,34,5,Cepat sampai,FALSE,Rendah,Selesai
ORD-2024-007370,1/31/2024 13:06,Mie,35500,0.5,5,5,Enak bgt,FALSE,Rendah,Selesai
ORD-2024-007371,9/1/2024 8:01,Martabak,24500,3.483585963,20,,,TRUE,Tinggi,Selesai
ORD-2024-007372,2/19/2024 17:56,Martabak,34500,0.640888633,15,5,Sesuai pesanan,FALSE,Tidak Ada,Selesai
ORD-2024-007373,2/16/2024 13:02,Ayam,23000,1.647569469,28,5,Nggg enak 😋,FALSE,Tidak Ada,Selesai
ORD-2024-007374,1/9/2024 20:45,Martabak,23000,2.940370124,23,4,Mantap gan!!,FALSE,Tidak Ada,Selesai
ORD-2024-007375,3/1/2024 23:05,Ayam,48000,6.184046804,29,3,Gapapa,TRUE,Rendah,Selesai
ORD-2024-007376,2/20/2024 13:51,Ayam,72000,1.826957971,19,3,Standar lah,FALSE,Rendah,Selesai
ORD-2024-007377,2/25/2024 17:25,Kopi,12500,4.958452872,32,5,Cepat sampai,FALSE,Tidak Ada,Selesai
ORD-2024-007378,1/12/2024 13:53,Kopi,12500,,28,4,Top bgt kualitasnya,FALSE,Tidak Ada,Selesai
ORD-2024-007379,3/25/2024 19:40,Kopi,17500,,14,,,FALSE,Tidak Ada,Selesai
ORD-2024-007380,1/11/2024 17:42,Ayam,59000,2.085328294,18,4,Driver ramah,FALSE,Tidak Ada,Selesai
ORD-2024-007381,1/8/2024 3:48,Kopi,12000,,23,5,Mantap gan!,FALSE,Tidak Ada,Selesai
ORD-2024-007382,2/12/2024 15:50,Ayam,43000,0.5,16,4,Makanan hangat sampai,FALSE,Tidak Ada,Selesai
ORD-2024-007383,2/26/2024 17:37,Mie,33500,6.644036229,62,2,Lama org kerjanyaa,FALSE,Tinggi,Selesai
ORD-2024-007384,2/4/2024 17:06,Kopi,11500,4.406630948,15,4,Buruan order!11,FALSE,Rendah,Refund
ORD-2024-007385,1/20/2024 14:27,Martabak,32500,0.860710652,21,,,FALSE,Rendah,Selesai
ORD-2024-007386,3/2/2024 14:48,Ayam,43000,11.91849797,69,1,Ayamnya keras,TRUE,Tinggi,Selesai
ORD-2024-007387,1/20/2024 17:00,Ayam,75000,0.593123228,7,4,Top bgt kualitasnya,TRUE,Tidak Ada,Selesai
ORD-2024-007388,14/02/2024 09:28,Mie,3279000,7.363248974,38,4,Rekomendasi deh,FALSE,Tidak Ada,Selesai
ORD-2024-007389,2/26/2024 18:20,Ayam,65500,1.176788491,13,3,OK,FALSE,Rendah,Selesai
ORD-2024-007390,1/20/2024 13:40,Kopi,19000,4.320943079,23,3,Biasa saja,TRUE,Rendah,Selesai
ORD-2024-007391,1/24/2024 21:36,Martabak,23500,1.828495617,12,4,Puas bgt,FALSE,Tidak Ada,Selesai
ORD-2024-007392,31/01/2024 21:31,Ayam,41500,4.000734456,26,3,Gapapa,TRUE,Tidak Ada,Dibatalkan
ORD-2024-007393,1/22/2024 18:13,Mie,35000,0.508037296,13,4,Nggg enak 😋,TRUE,Tidak Ada,Selesai
ORD-2024-007394,30/03/2024 17:10,Kopi,13000,0.942104667,23,2,Paket berantakan,FALSE,Tinggi,Selesai
ORD-2024-007395,1/4/2024 19:15,Ayam,53500,0.5,5,4,Rekomendasi deh,TRUE,Tidak Ada,Selesai
ORD-2024-007396,3/26/2024 21:51,Ayam,38500,6.010642797,42,2,Bau gak tauu,FALSE,Rendah,Selesai
ORD-2024-007397,2/19/2024 13:17,Ayam,46000,1.054179556,24,5,Driver ramah,FALSE,Rendah,Selesai
ORD-2024-007398,2/1/2024 18:20,Mie,25500,3.557183084,28,,,FALSE,Tidak Ada,Selesai
ORD-2024-007399,3/27/2024 12:38,Martabak,24000,5.14808418,52,3,Gapapa,FALSE,Tidak Ada,Selesai
ORD-2024-007400,3/11/2024 20:25,Ayam,35500,6.950606963,49,3,Lumayan,TRUE,Tidak Ada,Selesai
ORD-2024-007401,20/01/2024 19:55,Ayam,56500,0.5,9,5,Rekomendasi deh,FALSE,Tidak Ada,Selesai
ORD-2024-007402,2/9/2024 12:40,Martabak,23500,6.705198059,25,,,FALSE,Tidak Ada,Selesai
ORD-2024-007403,1/14/2024 18:15,Kopi,644000,0.659146219,8,,,FALSE,Tidak Ada,Selesai
ORD-2024-007404,1/15/2024 12:05,Kopi,18500,4.00568621,21,5,Makasih ya,TRUE,Tinggi,Selesai
ORD-2024-007405,1/26/2024 13:11,Kopi,15000,3.915238467,9,5,Wow enak bgt,FALSE,Tidak Ada,Selesai
ORD-2024-007406,2/21/2024 14:11,Ayam,12500,0.5,19,4,Nggg enak 😋,FALSE,Tidak Ada,Selesai
ORD-2024-007407,2/16/2024 19:17,Martabak,24500,0.747784685,5,,,TRUE,Tinggi,Selesai
ORD-2024-007408,1/16/2024 20:19,Mie,29000,2.031281275,22,,,TRUE,Rendah,Selesai
ORD-2024-007409,2/7/2024 2:04,Ayam,55500,1.634361049,22,,,TRUE,Tidak Ada,Selesai
ORD-2024-007410,2/3/2024 8:18,Kopi,16500,7.524162777,44,3,Yaudah minum teh,TRUE,Rendah,Selesai
ORD-2024-007411,3/23/2024 11:40,Kopi,14500,1.33764688,14,,,FALSE,Rendah,Refund
ORD-2024-007412,2/8/2024 13:24,Kopi,10000,8.293086274,35,4,Cepat sampai,FALSE,Tidak Ada,Selesai
ORD-2024-007413,2/16/2024 11:07,Ayam,67500,1.845389639,31,5,Sesuai pesanan,FALSE,Tidak Ada,Selesai
ORD-2024-007414,3/3/2024 18:57,Mie,16000,,62,1,Makanannya dingin,FALSE,Tinggi,Dibatalkan
ORD-2024-007415,2/6/2024 14:11,Kopi,15500,4.010853736,33,5,Mantap gan!,FALSE,Tidak Ada,Selesai
ORD-2024-007416,1/27/2024 14:23,Kopi,500,5.304150946,24,5,Rekomendasi deh,FALSE,Tidak Ada,Selesai
ORD-2024-007417,1/16/2024 17:03,Ayam,35000,,5,4,Cepat sampai,FALSE,Tidak Ada,Selesai
ORD-2024-007418,1/16/2024 11:51,Ayam,36000,2.646692969,32,4,Sesuai pesanan,FALSE,Tidak Ada,Selesai
ORD-2024-007419,2/5/2024 21:11,Ayam,49500,0.5,13,,,FALSE,Tidak Ada,Dibatalkan
ORD-2024-007420,1/31/2024 14:52,Martabak,28500,1.059846413,28,3,Standar lah,TRUE,Rendah,Selesai
ORD-2024-007421,2/3/2024 12:04,Ayam,35500,2.931032905,16,5,Top bgt kualitasnya,FALSE,Tidak Ada,Selesai
ORD-2024-007422,12/1/2024 14:19,Martabak,32000,3.886353755,37,5,Sesuai pesanan,FALSE,Tidak Ada,Selesai
ORD-2024-007423,3/2/2024 20:10,Kopi,26000,0.5,27,,,FALSE,Tinggi,Selesai
ORD-2024-007424,1/7/2024 20:04,Kopi,14500,2.271097624,18,5,Makanan hangat sampai,FALSE,Tidak Ada,Dibatalkan
ORD-2024-007425,2/23/2024 14:47,Kopi,14500,2.499393948,24,4,Wow enak bgt,TRUE,Tidak Ada,Selesai
ORD-2024-007426,1/15/2024 12:51,Kopi,19000,0.5,5,5,Puas bgt,FALSE,Tidak Ada,Selesai
ORD-2024-007427,2/22/2024 14:58,Ayam,42000,2.08357259,9,,,FALSE,Rendah,Selesai
ORD-2024-007428,1/19/2024 2:33,Ayam,62500,3.753636455,24,,,TRUE,Tidak Ada,Selesai
ORD-2024-007429,3/30/2024 20:21,Martabak,24500,0.5,9,1,Buruk skli layanannya,FALSE,Tinggi,Selesai
ORD-2024-007430,2/4/2024 19:37,Martabak,43500,4.28469814,30,5,Cepat sampai,TRUE,Rendah,Selesai
ORD-2024-007431,1/22/2024 12:46,Ayam,57500,2.577084713,23,5,Nggg enak 😋,TRUE,Rendah,Selesai
ORD-2024-007432,1/6/2024 13:48,Kopi,14000,5.373368764,38,5,Buruan order!!11,TRUE,Tidak Ada,Selesai
ORD-2024-007433,3/2/2024 14:50,Ayam,41500,0.737941674,20,4,Nggg enak 😋,TRUE,Tidak Ada,Selesai
ORD-2024-007434,1/30/2024 17:59,Ayam,43000,5.374204916,40,4,Makasih ya,FALSE,Rendah,Selesai
ORD-2024-007435,2/20/2024 8:47,Ayam,74500,0.5,13,4,Mantap gan!,FALSE,Tidak Ada,Selesai
ORD-2024-007436,2/7/2024 11:54,Mie,17000,1.551686726,21,,,FALSE,Tidak Ada,Selesai
ORD-2024-007437,2/18/2024 20:32,Ayam,40500,0.667499244,14,5,Wow enak bgt,TRUE,Tidak Ada,Selesai
ORD-2024-007438,1/5/2024 20:04,Ayam,253000,6.26292519,45,,,TRUE,Rendah,Selesai
ORD-2024-007439,2/4/2024 14:00,Ayam,42000,3.661524451,43,4,Akan order lg nih,FALSE,Tidak Ada,Selesai
ORD-2024-007440,3/3/2024 14:04,Ayam,9000,0.5,21,,,FALSE,Tidak Ada,Selesai
ORD-2024-007441,15/03/2024 21:45,Martabak,22500,0.5,19,,,TRUE,Rendah,Selesai
ORD-2024-007442,17/03/2024 19:17,Ayam,75000,1.032754116,14,4,Top bgt kualitasnya,TRUE,Tidak Ada,Selesai
ORD-2024-007443,3/25/2024 20:13,Ayam,45500,0.5,16,1,Lama bgt nunggunya,TRUE,Tinggi,Selesai
ORD-2024-007444,3/3/2024 19:32,Martabak,35500,2.985226573,19,5,Cepat sampai,TRUE,Tidak Ada,Selesai
ORD-2024-007445,1/4/2024 14:30,Ayam,58500,3.270119814,18,5,Rekomendasi deh,TRUE,Tidak Ada,Selesai
ORD-2024-007446,3/17/2024 18:24,Martabak,132500,8.539398414,41,3,Lumayan,FALSE,Rendah,Selesai
ORD-2024-007447,3/1/2024 11:02,Kopi,16000,9.112159127,62,2,Lama org kerjanyaa,TRUE,Tinggi,Selesai
ORD-2024-007448,3/18/2024 11:20,Ayam,55500,3.226709793,23,5,Akan order lg nih,TRUE,Tidak Ada,Selesai
ORD-2024-007449,1/30/2024 18:21,Martabak,1500,0.5,29,,,FALSE,Tidak Ada,Selesai
ORD-2024-007450,1/4/2024 16:22,Ayam,48500,1.334167715,6,5,Top bgt kualitasnya,FALSE,Tidak Ada,Selesai
ORD-2024-007451,2/22/2024 20:27,Kopi,9500,2.159345339,21,4,Cepat sampai,FALSE,Tidak Ada,Selesai
ORD-2024-007452,3/20/2024 19:19,Kopi,917000,2.074524113,26,5,Mantap gan!,TRUE,Tidak Ada,Selesai
ORD-2024-007453,2/20/2024 14:20,Ayam,68500,2.774032126,29,5,Mantap gan!!!,FALSE,Tidak Ada,Selesai
ORD-2024-007454,1/22/2024 11:32,Martabak,27000,9.698276458,37,5,Puas bgt,FALSE,Tidak Ada,Selesai
ORD-2024-007455,1/22/2024 12:19,Mie,21000,,24,4,Puas bgt,FALSE,Tidak Ada,Selesai
ORD-2024-007456,1/14/2024 18:54,Mie,42000,,20,,,FALSE,Tidak Ada,Selesai
ORD-2024-007457,2/7/2024 13:50,Martabak,43500,0.927658608,10,4,Top bgt kualitasnya,TRUE,Tidak Ada,Selesai
ORD-2024-007458,11/2/2024 18:21,Kopi,18500,5.371250626,37,,,FALSE,Tidak Ada,Selesai
ORD-2024-007459,23/03/2024 14:48,Ayam,70500,5.217049819,45,1,Paket berantakan,FALSE,Tinggi,Selesai
ORD-2024-007460,2/12/2024 14:46,Ayam,14000,0.966285296,9,5,Driver ramah,TRUE,Tidak Ada,Selesai
ORD-2024-007461,3/28/2024 10:29,Kopi,13000,3.934540759,18,,,FALSE,Tidak Ada,Selesai
ORD-2024-007462,2/2/2024 19:46,Kopi,14500,3.34456691,5,5,Wow enak bgt,FALSE,Tidak Ada,Selesai
ORD-2024-007463,2/12/2024 12:21,Mie,24500,1.924648398,27,4,Nggg enak 😋,FALSE,Rendah,Selesai
ORD-2024-007464,2/7/2024 21:54,Kopi,14500,0.674891694,35,4,Driver ramah,TRUE,Tidak Ada,Selesai
ORD-2024-007465,25/03/2024 19:49,Kopi,5500,6.585046941,24,5,Driver ramah,FALSE,Tidak Ada,Selesai
ORD-2024-007466,3/2/2024 18:39,Kopi,18000,3.398225039,36,5,Top bgt kualitasnya,TRUE,Rendah,Selesai
ORD-2024-007467,2/24/2024 12:13,Mie,30000,0.555350911,27,4,Driver ramah,FALSE,Tinggi,Selesai
ORD-2024-007468,4/3/2024 11:09,Martabak,42000,3.660330389,33,5,Mantap gan!,FALSE,Tidak Ada,Selesai
ORD-2024-007469,3/26/2024 19:02,Martabak,24000,4.057809642,21,,,FALSE,Tidak Ada,Selesai
ORD-2024-007470,3/12/2024 11:21,Ayam,37000,,33,5,Cepat sampai,FALSE,Tidak Ada,Selesai
ORD-2024-007471,1/17/2024 14:36,Mie,7000,,20,,,FALSE,Tidak Ada,Selesai
ORD-2024-007472,10/2/2024 13:04,Ayam,46500,13.46325643,65,,,FALSE,Tinggi,Selesai
ORD-2024-007473,3/27/2024 15:24,Mie,32500,0.5,9,4,Cepat sampai,FALSE,Tidak Ada,Selesai
ORD-2024-007474,1/21/2024 20:04,Kopi,14000,2.754043339,26,5,Driver ramah,FALSE,Tidak Ada,Selesai
ORD-2024-007475,2/25/2024 0:17,Kopi,25500,3.211618671,17,4,Mantap gan!,TRUE,Tidak Ada,Selesai
ORD-2024-007476,19/01/2024 12:13,Kopi,15500,1.62877035,17,,,FALSE,Rendah,Selesai
ORD-2024-007477,1/10/2024 14:33,Martabak,31000,1.933286536,17,4,Puas bgt,TRUE,Rendah,Selesai
ORD-2024-007478,19/01/2024 20:57,Ayam,28500,6.646748808,46,,,TRUE,Tidak Ada,Selesai
ORD-2024-007479,1/25/2024 22:32,Mie,28000,3.109230798,8,,,TRUE,Tidak Ada,Selesai
ORD-2024-007480,19/03/2024 11:51,Kopi,8000,2.061501042,26,5,Makasih ya,FALSE,Tidak Ada,Selesai
ORD-2024-007481,7/1/2024 6:53,Ayam,63000,0.5,14,4,Cepat sampai,FALSE,Tidak Ada,Selesai
ORD-2024-007482,1/30/2024 13:18,Ayam,63500,0.5,5,,,FALSE,Tinggi,Selesai
ORD-2024-007483,24/03/2024 14:41,Kopi,22500,0.5,22,5,Makasih ya,TRUE,Tidak Ada,Selesai
ORD-2024-007484,1/7/2024 21:01,Kopi,12000,9.383307549,55,5,Cepat sampai,FALSE,Tidak Ada,Selesai
ORD-2024-007485,1/26/2024 14:58,Kopi,17000,4.332873798,24,,,FALSE,Tidak Ada,Selesai
ORD-2024-007486,1/21/2024 2:02,Martabak,34000,10.24433706,45,3,Biasa saja,FALSE,Rendah,Selesai
ORD-2024-007487,2/23/2024 20:31,Kopi,18500,0.5,16,,,FALSE,Tidak Ada,Selesai
ORD-2024-007488,28/02/2024 14:21,Mie,20000,3.420369848,46,,,TRUE,Rendah,Selesai
ORD-2024-007489,2/18/2024 13:19,Kopi,6500,0.5,19,,,FALSE,Rendah,Selesai
ORD-2024-007490,8/1/2024 11:39,Mie,28500,4.570557844,29,,,TRUE,Tidak Ada,Selesai
ORD-2024-007491,3/30/2024 13:49,Ayam,49000,1.438708539,28,5,Puas bgt,TRUE,Tidak Ada,Selesai
ORD-2024-007492,1/14/2024 4:24,Kopi,14000,0.5,24,,,FALSE,Tidak Ada,Selesai
ORD-2024-007493,2/10/2024 18:52,Ayam,64500,2.518312991,41,3,OK,FALSE,Rendah,Selesai
ORD-2024-007494,18/01/2024 12:12,Kopi,16500,0.986013062,10,4,Makasih ya,FALSE,Tidak Ada,Selesai
ORD-2024-007495,1/11/2024 11:19,Mie,17000,3.232672001,28,,,FALSE,Tidak Ada,Selesai
ORD-2024-007496,2/13/2024 0:29,Ayam,19000,3.220366996,15,5,Nggg enak 😋,FALSE,Tidak Ada,Selesai
ORD-2024-007497,2/2/2024 12:51,Ayam,32500,3.662415777,47,5,Mantap gan!,TRUE,Tidak Ada,Selesai
ORD-2024-007498,19/02/2024 17:20,Mie,43000,14.66462071,65,4,Buruan order!11,TRUE,Tidak Ada,Selesai
ORD-2024-007499,2/8/2024 14:27,Ayam,63500,1.466691997,26,,,TRUE,Tidak Ada,Selesai
ORD-2024-007500,23/02/2024 17:15,Martabak,31500,,17,4,Makanan hangat sampai,FALSE,Tidak Ada,Selesai
ORD-2024-007501,3/25/2024 14:15,Kopi,310500,,34,5,Buruan order!!11,FALSE,Tidak Ada,Selesai
ORD-2024-007502,6/2/2024 13:52,Mie,22000,2.590881544,5,3,OK,FALSE,Tinggi,Selesai
ORD-2024-007503,2/14/2024 11:10,Ayam,31000,,24,4,Nggg enak 😋,TRUE,Tidak Ada,Selesai
ORD-2024-007504,2/16/2024 18:29,Ayam,6907000,5.556029183,45,2,Ayamnya keras,TRUE,Tidak Ada,Selesai
ORD-2024-007505,1/21/2024 18:34,Kopi,709500,0.5,8,,,FALSE,Tidak Ada,Selesai
ORD-2024-007506,12/3/2024 17:37,Mie,26500,0.561954549,5,,,FALSE,Tidak Ada,Selesai
ORD-2024-007507,3/16/2024 9:53,Kopi,19500,,23,3,Gapapa,TRUE,Rendah,Selesai
ORD-2024-007508,1/11/2024 19:39,Ayam,31500,0.5,27,5,Cepat sampai,FALSE,Tinggi,Dibatalkan
ORD-2024-007509,3/30/2024 19:53,Martabak,41000,0.5,21,5,Cepat sampai,FALSE,Tidak Ada,Selesai
ORD-2024-007510,2/7/2024 13:16,Mie,22000,0.5,12,5,Wow enak bgt,TRUE,Rendah,Selesai
ORD-2024-007511,1/31/2024 0:01,Mie,29500,1.752551112,13,5,Makasih ya,TRUE,Tidak Ada,Dibatalkan
ORD-2024-007512,17/02/2024 12:56,Mie,25000,0.874477047,28,4,Mantap gan!,FALSE,Tidak Ada,Selesai
ORD-2024-007513,3/8/2024 21:23,Ayam,42500,0.5,11,,,FALSE,Tidak Ada,Selesai
ORD-2024-007514,1/2/2024 16:37,Ayam,58500,3.22502899,21,,,FALSE,Rendah,Selesai
ORD-2024-007515,3/17/2024 1:07,Martabak,34500,0.76898401,12,5,Rekomendasi deh,TRUE,Tidak Ada,Selesai
ORD-2024-007516,2/18/2024 17:47,Mie,45000,0.5,17,5,Akan order lg nih,FALSE,Tidak Ada,Dibatalkan
ORD-2024-007517,30/01/2024 18:48,Ayam,62000,1.626019108,17,5,Enak bgttt,TRUE,Tinggi,Dibatalkan
ORD-2024-007518,1/6/2024 16:44,Ayam,62000,1.115074209,13,4,Puas bgt,TRUE,Tidak Ada,Selesai
ORD-2024-007519,29/03/2024 11:29,Martabak,38500,1.150836831,33,5,Makanan hangat sampai,TRUE,Tidak Ada,Selesai
ORD-2024-007520,1/5/2024 15:15,Ayam,60500,1.767821463,20,5,Makasih ya,FALSE,Tidak Ada,Selesai
ORD-2024-007521,2/24/2024 12:06,Kopi,16500,3.316130697,28,,,FALSE,Tinggi,Selesai
ORD-2024-007522,3/25/2024 14:37,Kopi,18000,2.875083642,30,4,Sesuai pesanan,TRUE,Tidak Ada,Selesai
ORD-2024-007523,3/28/2024 12:56,Kopi,20000,8.306345204,31,4,Rekomendasi deh,FALSE,Tidak Ada,Selesai
ORD-2024-007524,2/11/2024 15:22,Martabak,40500,2.187670525,25,3,Biasa saja,FALSE,Rendah,Selesai
ORD-2024-007525,5/3/2024 21:55,Kopi,10000,1.919216858,22,5,Sesuai pesanan,TRUE,Tidak Ada,Selesai
ORD-2024-007526,3/12/2024 15:43,Martabak,16000,0.720161312,7,5,Makasih ya,FALSE,Tinggi,Dibatalkan
ORD-2024-007527,12/1/2024 21:03,Kopi,22000,,26,3,Biasa saja,FALSE,Rendah,Selesai
ORD-2024-007528,2/20/2024 21:04,Kopi,13000,0.5,19,4,Puas bgt,FALSE,Tidak Ada,Selesai
ORD-2024-007529,2/29/2024 13:23,Martabak,17500,2.02670513,20,,,FALSE,Tidak Ada,Selesai
ORD-2024-007530,23/02/2024 14:26,Ayam,22000,1.641028291,28,5,Driver ramah,FALSE,Tidak Ada,Selesai
ORD-2024-007531,8/2/2024 18:15,Ayam,81500,3.221474072,16,5,Nggg enak 😋,TRUE,Tidak Ada,Selesai
ORD-2024-007532,1/31/2024 20:40,Ayam,66000,7.489291301,28,5,Akan order lg nih,FALSE,Tidak Ada,Selesai
ORD-2024-007533,17/02/2024 14:07,Ayam,4597000,8.789585941,36,5,Sesuai pesanan,TRUE,Tidak Ada,Selesai
ORD-2024-007534,1/29/2024 13:26,Kopi,13000,0.551044805,10,3,Biasa saja,FALSE,Rendah,Selesai
ORD-2024-007535,2/3/2024 2:32,Mie,24500,0.91069144,14,4,Enak bgt,FALSE,Tidak Ada,Dibatalkan
ORD-2024-007536,18/03/2024 21:08,Martabak,25500,5.008126223,27,4,Rekomendasi deh,TRUE,Tidak Ada,Selesai
ORD-2024-007537,3/23/2024 18:28,Martabak,32500,,8,4,Enak bgt!!,FALSE,Tidak Ada,Selesai
ORD-2024-007538,2/9/2024 20:37,Kopi,18500,1.810109024,6,,,TRUE,Rendah,Selesai
ORD-2024-007539,8/3/2024 21:40,Kopi,18500,3.720100252,13,,,FALSE,Tidak Ada,Selesai
ORD-2024-007540,1/26/2024 14:59,Kopi,15500,2.763344191,19,4,Wow enak bgt,TRUE,Rendah,Selesai
ORD-2024-007541,1/21/2024 17:16,Ayam,19000,10.59194265,42,,,FALSE,Tinggi,Selesai
ORD-2024-007542,3/14/2024 5:11,Ayam,36000,2.631027266,15,4,Mantap gan!,TRUE,Tidak Ada,Selesai
ORD-2024-007543,3/13/2024 13:16,Kopi,22500,1.881931281,32,4,Enak bgt!!!!!!,FALSE,Tidak Ada,Selesai
ORD-2024-007544,16/01/2024 13:25,Mie,27500,2.348016968,9,5,Driver ramah,TRUE,Tidak Ada,Selesai
ORD-2024-007545,1/2/2024 14:13,Ayam,46000,4.959226236,33,5,Sesuai pesanan,TRUE,Tinggi,Refund
ORD-2024-007546,1/12/2024 21:55,Ayam,70000,,11,,,FALSE,Tinggi,Selesai
ORD-2024-007547,3/28/2024 16:23,Martabak,21500,3.124270403,9,5,Rekomendasi deh,FALSE,Tinggi,Selesai
ORD-2024-007548,2/19/2024 12:11,Ayam,47500,10.66712678,54,4,Puas bgt,FALSE,Tinggi,Selesai
ORD-2024-007549,1/25/2024 14:13,Mie,27000,2.890111519,29,5,Puas bgt,FALSE,Tidak Ada,Dibatalkan
ORD-2024-007550,3/3/2024 20:39,Martabak,26500,1.435487954,25,5,Makasih ya,FALSE,Tidak Ada,Selesai
ORD-2024-007551,3/18/2024 17:00,Mie,26500,3.526408988,35,5,Makanan hangat sampai,FALSE,Rendah,Selesai
ORD-2024-007552,2/1/2024 22:02,Kopi,15500,3.231662746,18,,,FALSE,Rendah,Selesai
ORD-2024-007553,1/21/2024 17:13,Martabak,19500,0.5,16,,,FALSE,Tidak Ada,Selesai
ORD-2024-007554,3/8/2024 14:19,Kopi,1372000,,15,5,Nggg enak 😋,FALSE,Tidak Ada,Selesai
ORD-2024-007555,2/18/2024 13:08,Martabak,31500,4.074912535,39,5,Mantap gan!,FALSE,Tidak Ada,Dibatalkan
ORD-2024-007556,2/13/2024 2:07,Kopi,15500,2.073695794,9,4,Driver ramah,FALSE,Tidak Ada,Selesai
ORD-2024-007557,1/20/2024 12:53,Ayam,6830500,4.537221313,33,,,FALSE,Tidak Ada,Selesai
ORD-2024-007558,2/24/2024 21:45,Kopi,1181500,1.798335041,8,,,TRUE,Tidak Ada,Selesai
ORD-2024-007559,3/5/2024 13:08,Kopi,11000,12.280922,57,5,Akan order lg nih,FALSE,Tidak Ada,Refund
ORD-2024-007560,2/12/2024 11:45,Mie,29000,,5,5,Nggg enak 😋,TRUE,Tidak Ada,Dibatalkan
ORD-2024-007561,1/21/2024 17:29,Martabak,24500,0.5,16,,,TRUE,Rendah,Selesai
ORD-2024-007562,1/4/2024 6:40,Martabak,34500,1.686418866,31,5,Buruan order!11,FALSE,Rendah,Selesai
ORD-2024-007563,2/20/2024 13:30,Ayam,38500,2.340752939,15,5,Rekomendasi deh,FALSE,Tidak Ada,Selesai
ORD-2024-007564,3/24/2024 14:54,Martabak,9500,1.288168885,14,4,Nggg enak 😋,FALSE,Tidak Ada,Selesai
ORD-2024-007565,2/5/2024 12:12,Kopi,11500,0.832328657,23,5,Makanan hangat sampai,FALSE,Tidak Ada,Selesai
ORD-2024-007566,1/7/2024 21:42,Mie,1000,3.344761871,24,3,Standar lah,TRUE,Rendah,Selesai
ORD-2024-007567,1/4/2024 15:23,Mie,31000,1.420228748,24,4,Mantap gan!,TRUE,Tidak Ada,Selesai
ORD-2024-007568,3/29/2024 11:42,Ayam,0,2.993873574,27,5,Mantap gan!,TRUE,Tidak Ada,Selesai
ORD-2024-007569,2/2/2024 4:54,Mie,23000,4.52974778,31,5,Rekomendasi deh,TRUE,Tidak Ada,Selesai
ORD-2024-007570,3/29/2024 14:53,Ayam,80500,4.293908166,8,4,Akan order lg nih,FALSE,Tidak Ada,Selesai
ORD-2024-007571,2/13/2024 12:03,Kopi,18000,1.411495946,18,5,Rekomendasi deh,FALSE,Tinggi,Selesai
ORD-2024-007572,2/28/2024 20:50,Kopi,22000,2.517282412,10,,,TRUE,Tinggi,Dibatalkan
ORD-2024-007573,2/20/2024 13:54,Ayam,62000,1.791647351,15,5,Akan order lg nih,TRUE,Tidak Ada,Selesai
ORD-2024-007574,3/10/2024 21:22,Martabak,37000,6.139303032,38,4,Puas bgt,FALSE,Tidak Ada,Selesai
ORD-2024-007575,17/03/2024 07:32,Ayam,70000,,27,5,Akan order lg nih,FALSE,Tidak Ada,Selesai
ORD-2024-007576,1/1/2024 2:20,Ayam,59500,1.263601917,8,5,Wow enak bgt,TRUE,Tidak Ada,Selesai
ORD-2024-007577,2/29/2024 20:17,Kopi,21000,0.5,26,,,TRUE,Rendah,Selesai
ORD-2024-007578,2/21/2024 13:54,Martabak,25000,0.550263423,24,4,Enak bgt,FALSE,Tidak Ada,Dibatalkan
ORD-2024-007579,14/02/2024 12:08,Mie,9000,1.371862827,5,4,Cepat sampai,FALSE,Tidak Ada,Selesai
ORD-2024-007580,2/19/2024 13:42,Martabak,35000,2.492059472,28,5,Akan order lg nih,FALSE,Tidak Ada,Refund
ORD-2024-007581,13/03/2024 00:56,Martabak,33000,3.208212196,21,4,Driver ramah,FALSE,Tidak Ada,Selesai
ORD-2024-007582,3/13/2024 13:37,Kopi,13000,1.207578003,19,5,Nggg enak 😋,FALSE,Tidak Ada,Selesai
ORD-2024-007583,3/26/2024 8:47,Ayam,30500,3.303338313,32,2,😠😠😠,FALSE,Tinggi,Selesai
ORD-2024-007584,3/2/2024 13:55,Ayam,53500,8.329307555,43,1,Gak sesuai foto,TRUE,Tinggi,Selesai
ORD-2024-007585,1/31/2024 17:54,Kopi,19500,3.166780186,30,5,Puas bgt,TRUE,Tidak Ada,Selesai
ORD-2024-007586,2/13/2024 11:45,Martabak,34000,0.517940352,16,5,Wow enak bgt,FALSE,Rendah,Selesai
ORD-2024-007587,1/12/2024 19:22,Kopi,12000,2.600137727,23,5,Akan order lg nih,TRUE,Tidak Ada,Selesai
ORD-2024-007588,2/26/2024 18:13,Martabak,24000,2.341973975,12,5,Sesuai pesanan,TRUE,Rendah,Selesai
ORD-2024-007589,2/16/2024 18:48,Kopi,19500,6.136862553,58,5,Driver ramah,TRUE,Tidak Ada,Selesai
ORD-2024-007590,1/2/2024 18:49,Ayam,52500,,5,3,Biasa saja,FALSE,Rendah,Selesai
ORD-2024-007591,3/22/2024 20:24,Ayam,69500,1.649456261,11,4,Buruan order!!!11,FALSE,Tidak Ada,Selesai
ORD-2024-007592,2/11/2024 13:02,Mie,23500,2.738831932,17,,,TRUE,Tidak Ada,Selesai
ORD-2024-007593,3/9/2024 14:08,Martabak,35500,2.229694009,29,5,Sesuai pesanan,FALSE,Tidak Ada,Selesai
ORD-2024-007594,1/4/2024 7:59,Mie,25500,3.808378977,10,4,Sesuai pesanan,FALSE,Tidak Ada,Selesai
ORD-2024-007595,3/11/2024 3:04,Ayam,39500,0.5,10,5,Rekomendasi deh,FALSE,Tidak Ada,Selesai
ORD-2024-007596,3/14/2024 20:54,Mie,32500,2.487010811,29,5,Wow enak bgt,FALSE,Tidak Ada,Selesai
ORD-2024-007597,1/29/2024 17:12,Ayam,35000,0.5,5,,,FALSE,Tidak Ada,Selesai
ORD-2024-007598,2/7/2024 16:14,Ayam,52500,1.135924758,12,3,Standar lah,FALSE,Tidak Ada,Selesai
ORD-2024-007599,2/23/2024 20:40,Mie,27000,3.250818097,22,4,Driver ramah,FALSE,Tidak Ada,Selesai
ORD-2024-007600,3/30/2024 14:42,Ayam,49500,0.513839349,8,3,Lumayan,FALSE,Tidak Ada,Selesai
ORD-2024-007601,2/6/2024 6:37,Martabak,37500,1.108159768,14,4,Makanan hangat sampai,TRUE,Tidak Ada,Selesai
ORD-2024-007602,1/5/2024 14:52,Ayam,61000,3.642134904,21,4,Nggg enak 😋,FALSE,Tidak Ada,Selesai
ORD-2024-007603,2/1/2024 13:46,Kopi,18500,3.156376404,33,1,Kurang sambelnya,TRUE,Tinggi,Selesai
ORD-2024-007604,2/13/2024 14:57,Mie,26500,0.5,19,5,Rekomendasi deh,FALSE,Tidak Ada,Selesai
ORD-2024-007605,3/4/2024 7:45,Ayam,82500,2.583054114,16,5,Wow enak bgt,TRUE,Tidak Ada,Selesai
ORD-2024-007606,2/15/2024 21:27,Martabak,41000,0.5,14,5,Sesuai pesanan,TRUE,Tidak Ada,Dibatalkan
ORD-2024-007607,21/01/2024 11:08,Ayam,67000,0.872145518,11,4,Buruan order!11,TRUE,Tidak Ada,Selesai
ORD-2024-007608,2/24/2024 13:08,Martabak,35500,1.84417983,31,5,Wow enak bgt,FALSE,Tidak Ada,Selesai
ORD-2024-007609,3/4/2024 1:43,Ayam,41500,0.5,15,5,Cepat sampai,TRUE,Tidak Ada,Selesai
ORD-2024-007610,3/7/2024 11:54,Ayam,50500,15.17646926,65,4,Mantap gan!!,FALSE,Tidak Ada,Selesai
ORD-2024-007611,2/19/2024 13:38,Ayam,62000,0.542298721,18,5,Mantap gan!,TRUE,Tidak Ada,Selesai
ORD-2024-007612,1/2/2024 11:58,Ayam,69000,4.560336288,47,,,FALSE,Tidak Ada,Selesai
ORD-2024-007613,1/5/2024 21:32,Mie,32000,5.313027962,25,4,Rekomendasi deh,TRUE,Tidak Ada,Selesai
ORD-2024-007614,2/26/2024 22:14,Kopi,19000,15.58943287,64,3,Gapapa,TRUE,Rendah,Selesai
ORD-2024-007615,3/4/2024 14:48,Ayam,85000,1.679276788,22,5,Nggg enak 😋,FALSE,Tidak Ada,Selesai
ORD-2024-007616,3/14/2024 17:35,Kopi,16000,6.21667144,32,,,TRUE,Tidak Ada,Selesai
ORD-2024-007617,1/27/2024 13:36,Ayam,68500,9.477538832,39,,,TRUE,Tidak Ada,Selesai
ORD-2024-007618,3/8/2024 11:12,Martabak,36500,0.56946778,22,,,FALSE,Tidak Ada,Refund
ORD-2024-007619,1/17/2024 17:40,Mie,29000,1.958527833,22,5,Makasih ya,FALSE,Tidak Ada,Selesai
ORD-2024-007620,23/01/2024 17:06,Kopi,18500,0.5,28,5,Sesuai pesanan,FALSE,Rendah,Selesai
ORD-2024-007621,3/15/2024 6:48,Mie,29000,2.908473415,28,5,Puas bgt,FALSE,Tidak Ada,Selesai
ORD-2024-007622,1/2/2024 18:42,Kopi,13500,2.612562532,24,,,FALSE,Tidak Ada,Selesai
ORD-2024-007623,1/24/2024 14:39,Ayam,58000,0.684944264,8,4,Driver ramah,FALSE,Tidak Ada,Selesai
ORD-2024-007624,3/16/2024 12:48,Martabak,35500,4.797018917,49,,,FALSE,Tidak Ada,Selesai
ORD-2024-007625,12/3/2024 20:43,Kopi,18000,0.5,8,1,Lama bgt nunggunya,FALSE,Tinggi,Selesai
ORD-2024-007626,19/02/2024 01:40,Martabak,16000,4.923208743,31,4,Makanan hangat sampai,TRUE,Rendah,Dibatalkan
ORD-2024-007627,3/8/2024 19:57,Mie,15000,0.5,5,5,Akan order lg nih,FALSE,Tidak Ada,Selesai
ORD-2024-007628,1/26/2024 9:01,Kopi,13000,3.208577599,32,,,TRUE,Tidak Ada,Selesai
ORD-2024-007629,3/19/2024 15:35,Mie,25000,0.5,5,5,Enak bgt!!!!!!,FALSE,Tidak Ada,Selesai
ORD-2024-007630,2/6/2024 12:01,Martabak,24500,0.867952304,12,3,Lumayan,TRUE,Tinggi,Selesai
ORD-2024-007631,1/26/2024 18:44,Kopi,19000,3.839467562,16,4,Wow enak bgt,TRUE,Tidak Ada,Selesai
ORD-2024-007632,1/27/2024 20:45,Martabak,39000,0.98719934,29,5,Cepat sampai,FALSE,Tidak Ada,Selesai
ORD-2024-007633,2/18/2024 12:56,Ayam,74000,2.147245115,13,2,😠😠😠,TRUE,Tinggi,Refund
ORD-2024-007634,2/14/2024 17:05,Mie,28500,,44,3,Yaudah minum teh,TRUE,Rendah,Selesai
ORD-2024-007635,1/29/2024 11:04,Martabak,38000,0.5,16,4,Makanan hangat sampai,TRUE,Tidak Ada,Selesai
ORD-2024-007636,2/23/2024 14:53,Ayam,42000,4.999291626,16,4,Enak bgt!!,TRUE,Tidak Ada,Selesai
ORD-2024-007637,2/27/2024 21:08,Ayam,49000,0.5,24,4,Nggg enak 😋,TRUE,Tinggi,Selesai
ORD-2024-007638,3/26/2024 21:08,Martabak,21000,0.5,14,4,Mantap gan!!!,FALSE,Tidak Ada,Selesai
ORD-2024-007639,1/30/2024 12:33,Ayam,71500,0.5,28,5,Buruan order!!!11,FALSE,Tidak Ada,Selesai
ORD-2024-007640,2/26/2024 13:32,Ayam,84500,15.39956996,73,1,Lama bgt nunggunya,FALSE,Tinggi,Selesai
ORD-2024-007641,1/24/2024 11:13,Kopi,15000,0.59603455,7,4,Wow enak bgt,FALSE,Tidak Ada,Selesai
ORD-2024-007642,26/02/2024 20:07,Ayam,15000,6.812150362,35,5,Akan order lg nih,FALSE,Tidak Ada,Refund
ORD-2024-007643,1/22/2024 14:42,Kopi,12500,14.10906455,61,2,Bau gak tauu,TRUE,Tinggi,Selesai
ORD-2024-007644,11/2/2024 14:04,Ayam,40500,,25,4,Makasih ya,FALSE,Tinggi,Selesai
ORD-2024-007645,2/6/2024 20:30,Ayam,29500,2.991270594,30,4,Driver ramah,FALSE,Tidak Ada,Selesai
ORD-2024-007646,1/13/2024 9:20,Martabak,22500,4.530016727,18,4,Wow enak bgt,TRUE,Rendah,Selesai
ORD-2024-007647,1/23/2024 19:51,Kopi,17500,1.49592585,26,4,Nggg enak 😋,FALSE,Tidak Ada,Selesai
ORD-2024-007648,3/7/2024 19:08,Ayam,62500,0.529546241,18,5,Nggg enak 😋,TRUE,Tidak Ada,Selesai
ORD-2024-007649,18/03/2024 17:45,Ayam,17000,1.706226324,25,4,Nggg enak 😋,TRUE,Tidak Ada,Selesai
ORD-2024-007650,2/16/2024 3:52,Kopi,14000,4.433750959,27,4,Driver ramah,TRUE,Tidak Ada,Selesai
ORD-2024-007651,2/25/2024 18:50,Ayam,52000,4.552802581,36,3,Lumayan,FALSE,Tinggi,Selesai
ORD-2024-007652,2/14/2024 14:27,Ayam,33500,0.786194217,6,4,Mantap gan!,FALSE,Tidak Ada,Selesai
ORD-2024-007653,3/4/2024 20:23,Ayam,55500,0.576990735,16,4,Makasih ya,FALSE,Tidak Ada,Selesai
ORD-2024-007654,3/9/2024 12:32,Mie,25000,7.598286292,49,3,Lumayan,FALSE,Rendah,Selesai
ORD-2024-007655,1/9/2024 7:16,Martabak,26500,0.5,20,,,FALSE,Tidak Ada,Selesai
ORD-2024-007656,8/1/2024 14:20,Martabak,23500,,37,2,"Narik duit banyak😡",TRUE,Rendah,Selesai
ORD-2024-007657,7/1/2024 13:47,Martabak,32000,0.5,5,5,Cepat sampai,FALSE,Tidak Ada,Selesai
ORD-2024-007658,2/18/2024 12:54,Martabak,1472000,5.458626492,52,5,Rekomendasi deh,FALSE,Tidak Ada,Selesai
ORD-2024-007659,3/14/2024 13:39,Kopi,11500,7.074763213,54,3,Biasa saja,FALSE,Tidak Ada,Selesai
ORD-2024-007660,2/5/2024 14:03,Martabak,2322000,1.058984276,8,5,Makasih ya,FALSE,Tidak Ada,Selesai
ORD-2024-007661,2/13/2024 16:40,Ayam,47000,0.5,9,5,Top bgt kualitasnya,FALSE,Tidak Ada,Selesai
ORD-2024-007662,9/3/2024 18:51,Martabak,17500,1.965731252,26,4,Cepat sampai,FALSE,Rendah,Selesai
ORD-2024-007663,3/27/2024 4:29,Martabak,31000,1.063445067,7,4,Puas bgt,TRUE,Rendah,Selesai
ORD-2024-007664,3/26/2024 20:49,Kopi,16000,1.619404923,23,3,Biasa saja,FALSE,Rendah,Selesai
ORD-2024-007665,3/29/2024 20:37,Kopi,13000,3.280743977,26,5,Buruan order!11,TRUE,Tidak Ada,Selesai
ORD-2024-007666,2/2/2024 18:57,Ayam,7793000,0.70650645,27,4,Puas bgt,FALSE,Tinggi,Refund
ORD-2024-007667,1/4/2024 13:41,Martabak,36000,1.324605714,21,5,Makasih ya,FALSE,Tinggi,Selesai
ORD-2024-007668,2/26/2024 22:11,Martabak,34500,4.577531344,7,4,Makasih ya,TRUE,Tidak Ada,Refund
ORD-2024-007669,3/14/2024 6:58,Mie,30000,3.096468275,26,,,FALSE,Tidak Ada,Selesai
ORD-2024-007670,1/20/2024 13:05,Ayam,74500,1.184801977,28,4,Buruan order!11,TRUE,Rendah,Selesai
ORD-2024-007671,1/23/2024 22:14,Martabak,21500,3.274626426,19,,,FALSE,Rendah,Selesai
ORD-2024-007672,3/30/2024 14:11,Kopi,14500,4.348506717,29,5,Makanan hangat sampai,TRUE,Tidak Ada,Selesai
ORD-2024-007673,3/15/2024 11:58,Mie,38500,2.693036888,23,4,Nggg enak 😋,TRUE,Tidak Ada,Selesai
ORD-2024-007674,2/13/2024 17:53,Kopi,15500,0.821325007,9,5,Rekomendasi deh,TRUE,Tidak Ada,Selesai
ORD-2024-007675,10/2/2024 21:56,Kopi,4500,0.5,38,,,TRUE,Rendah,Selesai
ORD-2024-007676,1/11/2024 11:03,Kopi,15500,4.871357667,22,4,Makanan hangat sampai,TRUE,Tidak Ada,Selesai
ORD-2024-007677,2/21/2024 12:57,Martabak,31000,5.188612133,40,5,Makanan hangat sampai,FALSE,Tidak Ada,Selesai
ORD-2024-007678,1/20/2024 18:20,Mie,7500,3.588058561,34,4,Makanan hangat sampai,TRUE,Tidak Ada,Selesai
ORD-2024-007679,3/19/2024 14:37,Ayam,74000,0.5,9,,,TRUE,Rendah,Selesai
ORD-2024-007680,2/18/2024 17:27,Ayam,39500,,13,,,FALSE,Tidak Ada,Dibatalkan
ORD-2024-007681,3/15/2024 20:08,Mie,28500,5.161454885,30,5,Driver ramah,FALSE,Tidak Ada,Selesai
ORD-2024-007682,2/16/2024 14:11,Kopi,15500,1.481258196,24,5,Puas bgt,FALSE,Tidak Ada,Selesai
ORD-2024-007683,3/9/2024 13:40,Martabak,20500,0.66194276,17,,,TRUE,Rendah,Selesai
ORD-2024-007684,2/19/2024 12:13,Kopi,12000,2.657483161,39,,,FALSE,Tidak Ada,Selesai
ORD-2024-007685,2/16/2024 18:33,Ayam,36000,5.251391281,25,3,Standar lah,TRUE,Tinggi,Selesai
ORD-2024-007686,3/22/2024 14:59,Martabak,38000,0.5,8,4,Enak bgt!!,FALSE,Tidak Ada,Selesai
ORD-2024-007687,2/20/2024 14:12,Martabak,29000,2.726093025,30,5,Wow enak bgt,FALSE,Tidak Ada,Selesai
ORD-2024-007688,3/11/2024 11:06,Ayam,43000,3.091519312,7,5,Enak bgt,FALSE,Tidak Ada,Selesai
ORD-2024-007689,2/20/2024 4:32,Ayam,36000,2.766677726,14,3,Standar lah,TRUE,Rendah,Selesai
ORD-2024-007690,1/27/2024 12:19,Mie,34500,3.149755109,22,4,Cepat sampai,TRUE,Tidak Ada,Selesai
ORD-2024-007691,2/6/2024 21:31,Ayam,76000,2.993928739,23,5,Sesuai pesanan,FALSE,Tidak Ada,Selesai
ORD-2024-007692,3/21/2024 12:16,Mie,34500,0.5,9,5,Nggg enak 😋,FALSE,Tidak Ada,Selesai
ORD-2024-007693,29/01/2024 21:02,Ayam,59500,,5,5,Puas bgt,TRUE,Tidak Ada,Selesai
ORD-2024-007694,1/8/2024 22:06,Kopi,17500,2.894820509,30,3,Biasa saja,TRUE,Tidak Ada,Selesai
ORD-2024-007695,2/18/2024 18:33,Mie,17500,0.5,27,,,FALSE,Tidak Ada,Selesai
ORD-2024-007696,2/10/2024 13:48,Martabak,28000,3.021474665,7,1,Kecewa bgt,FALSE,Tinggi,Dibatalkan
ORD-2024-007697,12/2/2024 20:09,Kopi,13500,3.284338543,30,5,Buruan order!!!11,FALSE,Tidak Ada,Selesai
ORD-2024-007698,2/15/2024 11:40,Martabak,16500,0.820054778,14,5,Makasih ya,TRUE,Tidak Ada,Selesai
ORD-2024-007699,8/3/2024 17:24,Ayam,69000,2.734901002,27,4,Makasih ya,FALSE,Tidak Ada,Selesai
ORD-2024-007700,2/23/2024 23:42,Ayam,40000,2.291288781,19,1,Buruk sx layanannya,TRUE,Tinggi,Selesai
ORD-2024-007701,2/19/2024 9:26,Mie,34500,,5,5,Puas bgt,FALSE,Rendah,Selesai
ORD-2024-007702,1/14/2024 21:42,Martabak,36500,1.865126372,26,5,Rekomendasi deh,TRUE,Tidak Ada,Selesai
ORD-2024-007703,3/22/2024 20:57,Martabak,34000,7.211347174,33,5,Buruan order!11,FALSE,Rendah,Selesai
ORD-2024-007704,2/9/2024 11:26,Kopi,19000,1.668529724,5,5,Rekomendasi deh,TRUE,Rendah,Selesai
ORD-2024-007705,10/3/2024 19:30,Ayam,41000,2.981493655,25,3,Lumayan,TRUE,Rendah,Selesai
ORD-2024-007706,19/01/2024 13:22,Ayam,82500,0.5,5,5,Cepat sampai,FALSE,Tidak Ada,Selesai
ORD-2024-007707,3/28/2024 12:49,Kopi,16500,0.5,25,5,Enak bgt!!!,FALSE,Tidak Ada,Selesai
ORD-2024-007708,2/14/2024 13:54,Martabak,32500,0.5,11,,,TRUE,Rendah,Selesai
ORD-2024-007709,1/10/2024 20:59,Kopi,13500,4.518489019,29,5,Akan order lg nih,FALSE,Tidak Ada,Selesai
ORD-2024-007710,1/22/2024 19:01,Mie,19500,1.293534651,22,5,Wow enak bgt,FALSE,Tidak Ada,Selesai
ORD-2024-007711,3/25/2024 13:40,Ayam,59500,0.774803583,16,,,FALSE,Tidak Ada,Selesai
ORD-2024-007712,2/24/2024 17:16,Kopi,17500,4.126948479,21,,,FALSE,Tidak Ada,Selesai
ORD-2024-007713,1/29/2024 3:31,Ayam,38500,0.558844386,21,4,Wow enak bgt,TRUE,Tidak Ada,Selesai
ORD-2024-007714,2/28/2024 19:22,Kopi,10500,0.849049022,14,5,Rekomendasi deh,FALSE,Tidak Ada,Selesai
ORD-2024-007715,1/9/2024 12:18,Ayam,30000,1.691263097,7,4,Makasih ya,FALSE,Tidak Ada,Selesai
ORD-2024-007716,23/01/2024 12:32,Mie,34500,1.207878735,20,3,Gapapa,FALSE,Rendah,Dibatalkan
ORD-2024-007717,1/10/2024 18:03,Ayam,41000,2.641266877,21,5,Nggg enak 😋,FALSE,Tidak Ada,Selesai
ORD-2024-007718,28/03/2024 17:54,Mie,23500,1.236746986,16,4,Driver ramah,FALSE,Tidak Ada,Selesai
ORD-2024-007719,3/11/2024 12:26,Kopi,22500,,19,4,Akan order lg nih,TRUE,Tidak Ada,Selesai
ORD-2024-007720,2/12/2024 10:48,Mie,18000,5.960841055,28,,,FALSE,Tidak Ada,Selesai
ORD-2024-007721,30/01/2024 04:17,Kopi,13500,6.476270972,41,5,Enak bgt,FALSE,Tidak Ada,Selesai
ORD-2024-007722,1/9/2024 13:15,Mie,20500,5.275749261,23,4,Rekomendasi deh,TRUE,Tinggi,Selesai
ORD-2024-007723,3/29/2024 11:02,Ayam,78500,6.003686801,14,,,FALSE,Tidak Ada,Selesai
ORD-2024-007724,3/3/2024 14:52,Martabak,45000,2.530017803,21,5,Enak bgt!!,FALSE,Tidak Ada,Selesai
ORD-2024-007725,1/31/2024 21:18,Mie,31500,3.117352145,31,2,Buruk skli layanannya,FALSE,Tidak Ada,Dibatalkan
ORD-2024-007726,3/27/2024 15:41,Ayam,64500,2.443729442,5,4,Driver ramah,TRUE,Tidak Ada,Selesai
ORD-2024-007727,27/01/2024 21:17,Ayam,42000,4.61956882,32,4,Puas bgt,TRUE,Tidak Ada,Selesai
ORD-2024-007728,3/12/2024 23:33,Kopi,25000,2.402200419,6,5,Wow enak bgt,FALSE,Tidak Ada,Selesai
ORD-2024-007729,1/4/2024 19:52,Mie,28000,,22,5,Rekomendasi deh,FALSE,Tidak Ada,Selesai
ORD-2024-007730,2/22/2024 4:37,Kopi,20000,4.975571258,25,5,Rekomendasi deh,TRUE,Tidak Ada,Selesai
ORD-2024-007731,10/2/2024 10:03,Kopi,16000,,16,4,Rekomendasi deh,FALSE,Tidak Ada,Selesai
ORD-2024-007732,3/26/2024 20:42,Ayam,47000,5.149409394,15,4,Driver ramah,TRUE,Tidak Ada,Selesai
ORD-2024-007733,4/1/2024 3:35,Ayam,79500,0.633754121,29,5,Mantap gan!!,FALSE,Rendah,Selesai
ORD-2024-007734,2/29/2024 17:03,Mie,30000,0.950785028,38,5,Top bgt kualitasnya,TRUE,Rendah,Selesai
ORD-2024-007735,2/2/2024 14:36,Ayam,76000,1.051872847,5,,,FALSE,Tidak Ada,Selesai
ORD-2024-007736,14/01/2024 15:07,Martabak,32000,2.128320802,8,5,Rekomendasi deh,FALSE,Tidak Ada,Selesai
ORD-2024-007737,1/2/2024 13:22,Mie,20000,0.5,15,,,FALSE,Tidak Ada,Selesai
ORD-2024-007738,3/5/2024 16:25,Ayam,41500,1.460261823,11,2,"Narik duit banyak😡",FALSE,Tinggi,Selesai
ORD-2024-007739,3/3/2024 15:18,Martabak,31000,0.603258936,9,5,Puas bgt,FALSE,Tidak Ada,Selesai
ORD-2024-007740,2/18/2024 17:28,Ayam,41000,0.922685977,18,5,Buruan order!11,TRUE,Tidak Ada,Selesai
ORD-2024-007741,2/18/2024 9:54,Martabak,21500,3.6764846,36,5,Rekomendasi deh,FALSE,Rendah,Selesai
ORD-2024-007742,2/3/2024 11:35,Ayam,71500,5.789160041,46,4,Makasih ya,FALSE,Tidak Ada,Selesai
ORD-2024-007743,1/25/2024 21:13,Martabak,26000,0.5,11,5,Driver ramah,FALSE,Tidak Ada,Selesai
ORD-2024-007744,2/15/2024 4:50,Ayam,54000,2.503420084,23,5,Cepat sampai,FALSE,Tidak Ada,Selesai
ORD-2024-007745,3/15/2024 17:19,Kopi,18000,0.5,5,4,Sesuai pesanan,FALSE,Tidak Ada,Selesai
ORD-2024-007746,2/16/2024 11:08,Kopi,14000,,15,,,FALSE,Tidak Ada,Selesai
ORD-2024-007747,2/12/2024 20:23,Ayam,76000,3.663194479,23,5,Puas bgt,TRUE,Tidak Ada,Selesai
ORD-2024-007748,2/25/2024 19:35,Martabak,21500,3.990968494,36,5,Nggg enak 😋,FALSE,Tidak Ada,Selesai
ORD-2024-007749,3/26/2024 13:12,Ayam,56000,5.045714109,36,4,Sesuai pesanan,FALSE,Tinggi,Selesai
ORD-2024-007750,1/9/2024 18:16,Martabak,32000,1.928739959,22,,,FALSE,Tidak Ada,Selesai
ORD-2024-007751,9/1/2024 12:31,Ayam,50500,5.894216018,38,4,Buruan order!!!11,FALSE,Tidak Ada,Selesai
ORD-2024-007752,1/21/2024 21:14,Martabak,20500,0.547582584,10,4,Rekomendasi deh,FALSE,Tidak Ada,Selesai
ORD-2024-007753,1/2/2024 13:15,Ayam,66000,0.861912086,24,,,FALSE,Tidak Ada,Dibatalkan
ORD-2024-007754,3/30/2024 12:02,Kopi,19500,0.5,18,4,Puas bgt,FALSE,Tidak Ada,Refund
ORD-2024-007755,2/14/2024 14:56,Ayam,40000,4.791598237,28,2,Kurang sambelnya,TRUE,Tinggi,Dibatalkan
ORD-2024-007756,1/4/2024 13:39,Martabak,35500,0.778936852,16,5,Buruan order!11,FALSE,Tidak Ada,Selesai
ORD-2024-007757,2/8/2024 19:17,Ayam,58000,0.507071567,22,5,Top bgt kualitasnya,TRUE,Tidak Ada,Selesai
ORD-2024-007758,3/27/2024 14:54,Mie,1000,2.927411207,32,5,Top bgt kualitasnya,TRUE,Tidak Ada,Selesai
ORD-2024-007759,3/16/2024 1:36,Mie,17000,,9,4,Sesuai pesanan,FALSE,Tidak Ada,Selesai
ORD-2024-007760,1/9/2024 19:52,Ayam,40000,0.5,5,4,Buruan order!11,FALSE,Tidak Ada,Selesai
ORD-2024-007761,2/13/2024 20:14,Martabak,27500,0.5,9,3,Biasa saja,FALSE,Tinggi,Refund
ORD-2024-007762,1/5/2024 21:16,Ayam,35000,0.5,10,,,FALSE,Tidak Ada,Selesai
ORD-2024-007763,27/01/2024 12:34,Kopi,21000,3.581969939,26,5,Sesuai pesanan,FALSE,Rendah,Selesai
ORD-2024-007764,3/15/2024 11:33,Martabak,28000,2.478221332,32,4,Buruan order!11,FALSE,Tidak Ada,Selesai
ORD-2024-007765,7/2/2024 22:43,Martabak,28000,0.706692769,8,3,Gapapa,TRUE,Rendah,Selesai
ORD-2024-007766,2/10/2024 19:56,Martabak,36500,0.795824786,19,4,Makanan hangat sampai,FALSE,Tidak Ada,Selesai
ORD-2024-007767,1/21/2024 21:32,Ayam,23500,,28,,,FALSE,Tidak Ada,Selesai
ORD-2024-007768,2/28/2024 2:43,Kopi,16500,2.090382162,16,5,Nggg enak 😋,FALSE,Tidak Ada,Selesai
ORD-2024-007769,3/14/2024 20:20,Ayam,51500,3.597237962,28,5,Sesuai pesanan,TRUE,Tidak Ada,Selesai
ORD-2024-007770,1/30/2024 19:48,Martabak,28000,1.808578512,30,5,Mantap gan!,FALSE,Tidak Ada,Selesai
ORD-2024-007771,3/2/2024 19:28,Kopi,14000,0.814316241,17,3,Gapapa,FALSE,Rendah,Selesai
ORD-2024-007772,2/23/2024 17:09,Martabak,24500,10.56022662,25,5,Puas bgt,TRUE,Tidak Ada,Refund
ORD-2024-007773,3/2/2024 17:53,Ayam,56000,2.501697025,19,3,Biasa saja,TRUE,Tidak Ada,Selesai
ORD-2024-007774,1/19/2024 18:53,Ayam,34500,,29,5,Akan order lg nih,FALSE,Tidak Ada,Selesai
ORD-2024-007775,3/3/2024 19:41,Ayam,54000,1.563082672,29,3,Biasa saja,TRUE,Tinggi,Selesai
ORD-2024-007776,16/02/2024 05:16,Ayam,42000,,20,4,Makasih ya,TRUE,Tidak Ada,Selesai
ORD-2024-007777,3/15/2024 14:01,Ayam,43500,0.722729328,26,5,Akan order lg nih,FALSE,Tidak Ada,Selesai
ORD-2024-007778,1/13/2024 11:43,Mie,27500,8.128953962,49,,,TRUE,Rendah,Selesai
ORD-2024-007779,2/17/2024 12:03,Mie,500,6.383879114,46,3,Standar lah,TRUE,Rendah,Selesai
ORD-2024-007780,1/28/2024 20:13,Kopi,14500,0.666234045,5,5,Rekomendasi deh,FALSE,Rendah,Selesai
ORD-2024-007781,17/02/2024 20:01,Kopi,14500,1.302278498,16,4,Driver ramah,TRUE,Tidak Ada,Selesai
ORD-2024-007782,2/25/2024 8:16,Ayam,38000,4.310431978,24,5,Buruan order!11,FALSE,Tidak Ada,Dibatalkan
ORD-2024-007783,1/13/2024 13:00,Mie,20500,0.701499123,15,5,Puas bgt,FALSE,Tidak Ada,Selesai
ORD-2024-007784,2/4/2024 14:23,Ayam,69000,2.686266479,16,4,Enak bgt!!,TRUE,Tinggi,Dibatalkan
ORD-2024-007785,1/31/2024 3:03,Mie,14500,3.609858542,22,,,TRUE,Tidak Ada,Selesai
ORD-2024-007786,1/6/2024 21:31,Kopi,13500,3.183709571,7,,,TRUE,Rendah,Selesai
ORD-2024-007787,3/8/2024 5:46,Ayam,75500,3.676699234,25,5,Nggg enak 😋,TRUE,Tidak Ada,Selesai
ORD-2024-007788,12/2/2024 9:09,Mie,27500,3.679673705,16,4,Makasih ya,FALSE,Tidak Ada,Selesai
ORD-2024-007789,2/4/2024 14:36,Ayam,54500,10.04063216,27,,,TRUE,Tidak Ada,Selesai
ORD-2024-007790,20/01/2024 11:07,Kopi,269500,1.27623314,17,5,Puas bgt,FALSE,Tidak Ada,Selesai
ORD-2024-007791,3/17/2024 18:51,Kopi,25500,6.32575658,50,2,Bau gak tauu,FALSE,Rendah,Refund
ORD-2024-007792,2/11/2024 14:46,Ayam,34500,0.5,5,4,Buruan order!11,FALSE,Rendah,Selesai
ORD-2024-007793,2/29/2024 22:42,Kopi,18500,1.019887407,11,4,Buruan order!!11,TRUE,Rendah,Selesai
ORD-2024-007794,26/03/2024 17:58,Martabak,43500,0.5,5,,,FALSE,Tidak Ada,Selesai
ORD-2024-007795,2/11/2024 12:22,Martabak,21000,3.15980382,26,5,Puas bgt,FALSE,Tidak Ada,Selesai
ORD-2024-007796,1/8/2024 22:51,Ayam,63000,0.5,18,5,Puas bgt,FALSE,Tidak Ada,Selesai
ORD-2024-007797,3/12/2024 14:00,Mie,33500,5.606703009,24,3,OK,FALSE,Tinggi,Refund
ORD-2024-007798,3/1/2024 12:44,Ayam,36500,3.120393562,19,3,Standar lah,FALSE,Tidak Ada,Selesai
ORD-2024-007799,1/21/2024 17:02,Ayam,59000,0.5,12,4,Sesuai pesanan,FALSE,Tidak Ada,Selesai
ORD-2024-007800,1/13/2024 20:54,Ayam,45500,3.763455689,37,3,Yaudah minum teh,FALSE,Tidak Ada,Selesai
ORD-2024-007801,19/01/2024 17:28,Ayam,49500,5.942264601,20,3,OK,FALSE,Rendah,Selesai
ORD-2024-007802,2/27/2024 20:06,Ayam,45000,3.24633657,19,4,Driver ramah,TRUE,Tidak Ada,Selesai
ORD-2024-007803,2/11/2024 13:11,Mie,24500,0.5,29,,,FALSE,Tidak Ada,Selesai
ORD-2024-007804,3/13/2024 0:44,Ayam,71000,5.854085465,22,5,Mantap gan!,TRUE,Rendah,Selesai
ORD-2024-007805,3/11/2024 20:58,Ayam,50000,3.95550245,22,4,Cepat sampai,TRUE,Tidak Ada,Selesai
ORD-2024-007806,2/20/2024 12:54,Ayam,41500,1.426623097,19,5,Rekomendasi deh,TRUE,Tidak Ada,Selesai
ORD-2024-007807,1/19/2024 9:15,Martabak,30500,1.195305789,32,3,Yaudah minum teh,FALSE,Rendah,Selesai
ORD-2024-007808,30/01/2024 19:32,Mie,11000,1.960742167,8,,,FALSE,Tidak Ada,Selesai
ORD-2024-007809,2/4/2024 4:21,Ayam,38000,6.054514465,34,5,Sesuai pesanan,FALSE,Tidak Ada,Selesai
ORD-2024-007810,2/6/2024 20:57,Ayam,72500,0.871294955,5,5,Rekomendasi deh,TRUE,Tidak Ada,Selesai
ORD-2024-007811,3/24/2024 12:27,Ayam,49000,0.5,5,4,Mantap gan!,FALSE,Tinggi,Selesai
ORD-2024-007812,3/29/2024 10:45,Ayam,43500,,24,4,Rekomendasi deh,FALSE,Tidak Ada,Dibatalkan
ORD-2024-007813,1/5/2024 5:25,Ayam,54500,0.5,15,5,Driver ramah,FALSE,Tidak Ada,Selesai
ORD-2024-007814,2/2/2024 14:14,Kopi,19500,7.257256356,33,4,Mantap gan!,TRUE,Tidak Ada,Selesai
ORD-2024-007815,20/01/2024 21:03,Ayam,74000,1.094748692,17,4,Wow enak bgt,FALSE,Tidak Ada,Selesai
ORD-2024-007816,2/25/2024 20:25,Kopi,14500,2.129187932,13,5,Driver ramah,FALSE,Tidak Ada,Selesai
ORD-2024-007817,1/1/2024 12:17,Ayam,44500,0.5,15,5,Mantap gan!,FALSE,Rendah,Selesai
ORD-2024-007818,3/24/2024 14:36,Mie,24500,6.976178757,25,5,Wow enak bgt,TRUE,Tidak Ada,Selesai
ORD-2024-007819,29/01/2024 16:47,Mie,33000,4.156918407,12,2,"Narik duit banyak😡",FALSE,Tinggi,Refund
ORD-2024-007820,29/02/2024 17:23,Kopi,16500,7.737213688,35,4,Wow enak bgt,TRUE,Tidak Ada,Selesai
ORD-2024-007821,1/31/2024 16:02,Kopi,25500,3.448728975,25,4,Makasih ya,TRUE,Tidak Ada,Selesai
ORD-2024-007822,1/24/2024 14:49,Kopi,16000,0.612574507,16,5,Makanan hangat sampai,FALSE,Tidak Ada,Refund
ORD-2024-007823,3/12/2024 20:35,Kopi,24000,1.105665721,9,4,Driver ramah,FALSE,Tidak Ada,Selesai
ORD-2024-007824,2/12/2024 4:26,Martabak,23500,2.001552906,7,4,Enak bgttt,FALSE,Tidak Ada,Selesai
ORD-2024-007825,4/1/2024 19:42,Kopi,10500,2.803808682,32,5,Cepat sampai,TRUE,Tidak Ada,Selesai
ORD-2024-007826,1/2/2024 18:39,Mie,25500,7.829754456,53,3,Standar lah,FALSE,Rendah,Selesai
ORD-2024-007827,2/21/2024 19:18,Mie,34000,1.453288588,22,5,Akan order lg nih,TRUE,Tidak Ada,Selesai
ORD-2024-007828,25/01/2024 14:41,Ayam,43500,3.642797003,29,4,Rekomendasi deh,FALSE,Rendah,Dibatalkan
ORD-2024-007829,2/10/2024 21:09,Kopi,14000,9.733261661,27,4,Cepat sampai,FALSE,Tidak Ada,Selesai
ORD-2024-007830,2/10/2024 17:24,Ayam,68500,0.5,19,,,FALSE,Rendah,Selesai
ORD-2024-007831,26/03/2024 13:05,Ayam,63500,5.95697042,49,4,Top bgt kualitasnya,FALSE,Tidak Ada,Selesai
ORD-2024-007832,3/16/2024 14:44,Kopi,13000,1.637835839,28,4,Buruan order!!!11,TRUE,Tidak Ada,Selesai
ORD-2024-007833,3/15/2024 13:37,Ayam,37000,3.955029987,36,5,Makanan hangat sampai,TRUE,Tidak Ada,Selesai
ORD-2024-007834,23/01/2024 18:17,Mie,32000,1.042459032,5,5,Driver ramah,FALSE,Tidak Ada,Selesai
ORD-2024-007835,2/12/2024 17:42,Ayam,24000,1.219325737,10,5,Mantap gan!,FALSE,Tidak Ada,Selesai
ORD-2024-007836,4/3/2024 18:07,Kopi,21000,0.5,12,5,Wow enak bgt,TRUE,Tidak Ada,Selesai
ORD-2024-007837,2/23/2024 12:17,Martabak,35000,10.66348136,44,2,Lama bgt nunggunya,FALSE,Rendah,Selesai
ORD-2024-007838,2/10/2024 14:49,Martabak,13000,,19,5,Sesuai pesanan,TRUE,Tidak Ada,Dibatalkan
ORD-2024-007839,1/19/2024 13:57,Kopi,16500,0.5,18,4,Wow enak bgt,FALSE,Tidak Ada,Selesai
ORD-2024-007840,1/6/2024 16:06,Mie,12000,22.85595106,87,,,FALSE,Tinggi,Selesai
ORD-2024-007841,3/8/2024 5:37,Kopi,11500,2.786795362,7,5,Enak bgt!!!,FALSE,Tidak Ada,Refund
ORD-2024-007842,19/03/2024 19:02,Kopi,14500,5.766875215,43,4,Enak bgt!!,FALSE,Tidak Ada,Selesai
ORD-2024-007843,3/17/2024 21:16,Ayam,30500,0.5,16,4,Nggg enak 😋,FALSE,Tidak Ada,Selesai
ORD-2024-007844,8/2/2024 17:51,Kopi,26000,,33,4,Sesuai pesanan,FALSE,Tidak Ada,Selesai
ORD-2024-007845,3/6/2024 12:00,Mie,32000,3.322817933,32,2,Buruk sx layanannya,TRUE,Tinggi,Dibatalkan
ORD-2024-007846,1/3/2024 11:21,Martabak,40500,,15,5,Makasih ya,FALSE,Tidak Ada,Selesai
ORD-2024-007847,3/6/2024 11:17,Mie,25000,2.013586702,21,4,Sesuai pesanan,FALSE,Tidak Ada,Selesai
ORD-2024-007848,2/6/2024 0:21,Kopi,16500,1.753835652,15,4,Makasih ya,FALSE,Tidak Ada,Selesai
ORD-2024-007849,15/01/2024 01:21,Ayam,78000,0.7301927,27,5,Nggg enak 😋,TRUE,Tidak Ada,Selesai
ORD-2024-007850,1/29/2024 14:51,Ayam,59000,1.071181494,22,5,Akan order lg nih,FALSE,Tidak Ada,Selesai
ORD-2024-007851,5/1/2024 17:49,Ayam,62000,10.24452199,45,2,Paket berantakan,TRUE,Tinggi,Selesai
ORD-2024-007852,1/13/2024 20:36,Martabak,3523500,1.021765733,21,5,Rekomendasi deh,FALSE,Rendah,Selesai
ORD-2024-007853,18/01/2024 02:10,Martabak,34000,0.72020593,16,2,Buruk skali layanannya,TRUE,Tinggi,Selesai
ORD-2024-007854,2/7/2024 14:53,Ayam,46000,2.304964884,16,3,Yaudah minum teh,TRUE,Rendah,Selesai
ORD-2024-007855,1/19/2024 18:45,Kopi,17000,3.334709941,16,5,Akan order lg nih,TRUE,Tidak Ada,Selesai
ORD-2024-007856,2/14/2024 18:25,Kopi,14000,3.873968473,37,4,Puas bgt,FALSE,Tidak Ada,Dibatalkan
ORD-2024-007857,28/02/2024 08:39,Kopi,16500,4.21028719,21,,,FALSE,Tidak Ada,Selesai
ORD-2024-007858,3/2/2024 19:38,Ayam,32000,0.5,11,4,Mantap gan!,FALSE,Tidak Ada,Selesai
ORD-2024-007859,2/19/2024 12:00,Ayam,38500,1.501439976,23,5,Makanan hangat sampai,FALSE,Tidak Ada,Selesai
ORD-2024-007860,2/3/2024 11:26,Ayam,47000,4.461104428,23,4,Makasih ya,FALSE,Tidak Ada,Selesai
ORD-2024-007861,16/01/2024 12:22,Ayam,35500,7.056968324,40,5,Top bgt kualitasnya,FALSE,Tidak Ada,Selesai
ORD-2024-007862,6/3/2024 18:01,Ayam,43000,2.765418668,18,,,FALSE,Tidak Ada,Selesai
ORD-2024-007863,20/03/2024 11:19,Ayam,49000,0.5,5,4,Mantap gan!,TRUE,Rendah,Selesai
ORD-2024-007864,3/13/2024 12:18,Martabak,33000,1.515752604,21,1,Kurang sambelnya,TRUE,Tinggi,Selesai
ORD-2024-007865,4/2/2024 21:24,Ayam,67500,0.5,16,3,Gapapa,FALSE,Rendah,Selesai
ORD-2024-007866,3/13/2024 6:50,Mie,23000,4.141388545,25,5,Enak bgt!!,TRUE,Rendah,Selesai
ORD-2024-007867,17/01/2024 00:30,Ayam,74000,0.5,5,,,FALSE,Tidak Ada,Selesai
ORD-2024-007868,11/3/2024 12:16,Ayam,5468000,0.616393748,5,,,TRUE,Tidak Ada,Selesai
ORD-2024-007869,2/22/2024 12:42,Kopi,20500,1.618490344,29,,,FALSE,Tidak Ada,Selesai
ORD-2024-007870,2/16/2024 19:34,Ayam,81000,1.863307767,19,5,Cepat sampai,TRUE,Tidak Ada,Selesai
ORD-2024-007871,1/2/2024 16:12,Mie,32500,1.565061696,5,4,Akan order lg nih,FALSE,Tidak Ada,Selesai
ORD-2024-007872,5/1/2024 19:17,Ayam,5574500,1.867488275,20,5,Makanan hangat sampai,TRUE,Tidak Ada,Selesai
ORD-2024-007873,2/5/2024 21:40,Mie,26500,3.747320079,10,,,FALSE,Rendah,Selesai
ORD-2024-007874,2/15/2024 21:07,Mie,30000,1.382626602,11,5,Rekomendasi deh,FALSE,Rendah,Selesai
ORD-2024-007875,2/25/2024 19:24,Kopi,22000,2.38056351,23,2,Paket berantakan,TRUE,Rendah,Selesai
ORD-2024-007876,2/17/2024 19:26,Kopi,14000,1.08449937,18,3,OK,TRUE,Rendah,Selesai
ORD-2024-007877,2/28/2024 18:08,Martabak,27500,,26,5,Buruan order!11,FALSE,Tinggi,Selesai
ORD-2024-007878,1/31/2024 12:30,Kopi,16500,2.854191641,27,4,Mantap gan!!,FALSE,Tidak Ada,Selesai
ORD-2024-007879,2/2/2024 12:39,Martabak,36500,2.022944787,24,,,TRUE,Tidak Ada,Dibatalkan
ORD-2024-007880,2/14/2024 20:30,Ayam,67000,,22,5,Top bgt kualitasnya,FALSE,Tidak Ada,Selesai
ORD-2024-007881,1/5/2024 12:57,Ayam,47500,2.466616097,13,5,Buruan order!11,TRUE,Tidak Ada,Dibatalkan
ORD-2024-007882,2/28/2024 17:26,Kopi,10000,4.882409831,30,3,Standar lah,TRUE,Rendah,Selesai
ORD-2024-007883,2/16/2024 0:08,Kopi,17500,1.757769557,23,5,Driver ramah,FALSE,Tidak Ada,Selesai
ORD-2024-007884,3/14/2024 14:14,Mie,19500,2.026119946,27,5,Driver ramah,TRUE,Rendah,Selesai
ORD-2024-007885,1/28/2024 13:44,Ayam,26500,3.32572742,22,5,Akan order lg nih,FALSE,Rendah,Selesai
ORD-2024-007886,1/4/2024 5:15,Mie,17000,0.750172299,12,,,TRUE,Tidak Ada,Selesai
ORD-2024-007887,3/8/2024 20:29,Ayam,57000,1.46293679,9,4,Rekomendasi deh,FALSE,Rendah,Selesai
ORD-2024-007888,7/1/2024 13:40,Kopi,22500,2.94121798,34,4,Rekomendasi deh,FALSE,Tidak Ada,Selesai
ORD-2024-007889,2/2/2024 18:48,Ayam,52000,0.5,29,1,Driver gak ramah,FALSE,Tinggi,Dibatalkan
ORD-2024-007890,1/13/2024 11:18,Kopi,17500,1.723274738,22,2,Paket berantakan,TRUE,Rendah,Selesai
ORD-2024-007891,3/6/2024 14:54,Ayam,71500,2.740259094,6,3,Biasa saja,TRUE,Tinggi,Selesai
ORD-2024-007892,1/3/2024 20:34,Kopi,10000,10.26807816,55,5,Enak bgt!!!,FALSE,Tinggi,Selesai
ORD-2024-007893,3/1/2024 11:41,Mie,29500,6.28711674,51,5,Nggg enak 😋,TRUE,Tidak Ada,Selesai
ORD-2024-007894,2/6/2024 13:13,Kopi,16500,0.988605265,5,4,Cepat sampai,FALSE,Tidak Ada,Dibatalkan
ORD-2024-007895,19/03/2024 13:08,Kopi,19000,2.123017111,28,,,FALSE,Tidak Ada,Selesai
ORD-2024-007896,3/4/2024 18:29,Mie,22500,0.5,12,3,Gapapa,TRUE,Rendah,Selesai
ORD-2024-007897,2/27/2024 1:10,Martabak,24000,0.826289969,22,4,Driver ramah,FALSE,Tidak Ada,Selesai
ORD-2024-007898,3/7/2024 19:11,Kopi,17000,4.473043487,17,5,Makasih ya,FALSE,Tidak Ada,Selesai
ORD-2024-007899,2/6/2024 20:02,Ayam,79000,0.5,10,,,FALSE,Tidak Ada,Selesai
ORD-2024-007900,1/25/2024 21:52,Mie,32000,0.893967121,5,5,Enak bgt!!,FALSE,Tidak Ada,Selesai
ORD-2024-007901,3/9/2024 21:55,Kopi,14500,8.649488508,46,3,Gapapa,FALSE,Tidak Ada,Selesai
ORD-2024-007902,1/3/2024 21:18,Ayam,29000,5.209356912,36,5,Buruan order!11,TRUE,Tidak Ada,Selesai
ORD-2024-007903,3/29/2024 21:49,Ayam,23500,4.567410658,32,5,Driver ramah,TRUE,Tidak Ada,Selesai
ORD-2024-007904,3/25/2024 21:19,Mie,35000,5.997624034,29,,,FALSE,Rendah,Selesai
ORD-2024-007905,8/1/2024 18:44,Ayam,35500,4.15415505,23,4,Puas bgt,FALSE,Tidak Ada,Selesai
ORD-2024-007906,3/28/2024 21:21,Mie,23500,0.5,11,5,Mantap gan!,TRUE,Tidak Ada,Selesai
ORD-2024-007907,3/22/2024 13:19,Ayam,73500,2.180492432,28,4,Makanan hangat sampai,TRUE,Tidak Ada,Refund
ORD-2024-007908,2/23/2024 22:41,Martabak,18000,,5,4,Cepat sampai,FALSE,Rendah,Selesai
ORD-2024-007909,2/7/2024 20:41,Kopi,23000,1.118202089,13,5,Top bgt kualitasnya,FALSE,Tidak Ada,Refund
ORD-2024-007910,1/9/2024 21:33,Kopi,15500,5.388032857,17,4,Cepat sampai,TRUE,Tidak Ada,Selesai
ORD-2024-007911,23/02/2024 02:55,Mie,18000,1.871642573,12,5,Top bgt kualitasnya,FALSE,Tidak Ada,Selesai
ORD-2024-007912,2/11/2024 19:49,Kopi,15500,0.5,14,3,Lumayan,FALSE,Tinggi,Dibatalkan
ORD-2024-007913,3/15/2024 11:07,Kopi,13500,0.964608464,36,5,Wow enak bgt,FALSE,Tidak Ada,Selesai
ORD-2024-007914,2/26/2024 13:40,Ayam,59000,,8,,,TRUE,Tinggi,Selesai
ORD-2024-007915,2/5/2024 20:31,Ayam,40500,6.553843153,45,3,Yaudah minum teh,TRUE,Tinggi,Selesai
ORD-2024-007916,2/21/2024 16:58,Ayam,19500,3.127587213,6,,,FALSE,Tidak Ada,Selesai
ORD-2024-007917,2/15/2024 14:43,Martabak,28500,2.465508203,21,3,Yaudah minum teh,FALSE,Rendah,Refund
ORD-2024-007918,3/2/2024 18:51,Ayam,29000,2.119604642,20,5,Cepat sampai,FALSE,Tidak Ada,Selesai
ORD-2024-007919,1/3/2024 11:01,Ayam,55000,3.150435337,30,5,Nggg enak 😋,FALSE,Rendah,Selesai
ORD-2024-007920,2/2/2024 14:42,Kopi,11500,4.217967675,22,5,Sesuai pesanan,TRUE,Rendah,Selesai
ORD-2024-007921,2/20/2024 11:20,Martabak,26500,2.424897805,13,4,Makanan hangat sampai,FALSE,Tidak Ada,Selesai
ORD-2024-007922,2/13/2024 11:36,Martabak,31500,8.355704978,22,4,Makasih ya,FALSE,Rendah,Selesai
ORD-2024-007923,1/13/2024 17:42,Ayam,48000,11.29523088,56,1,Bau gak tauu,FALSE,Tidak Ada,Selesai
ORD-2024-007924,2/3/2024 19:32,Ayam,55500,16.10771124,64,2,"Narik duit banyak😡",FALSE,Tinggi,Selesai
ORD-2024-007925,1/24/2024 12:30,Mie,31000,3.320457611,34,,,FALSE,Tidak Ada,Selesai
ORD-2024-007926,3/23/2024 14:27,Ayam,32000,8.092241905,46,4,Cepat sampai,FALSE,Tidak Ada,Selesai
ORD-2024-007927,1/17/2024 21:12,Mie,25500,1.554959382,29,3,Gapapa,FALSE,Rendah,Selesai
ORD-2024-007928,2/14/2024 11:37,Mie,2500,5.889616786,25,1,Gak sesuai foto,FALSE,Tidak Ada,Selesai
ORD-2024-007929,2/12/2024 12:55,Martabak,32000,7.19643894,40,5,Enak bgt,TRUE,Tidak Ada,Selesai
ORD-2024-007930,1/31/2024 14:29,Ayam,46500,7.034614238,39,5,Cepat sampai,FALSE,Tidak Ada,Selesai
ORD-2024-007931,28/03/2024 20:13,Mie,19000,5.330842227,26,3,Lumayan,FALSE,Tidak Ada,Selesai
ORD-2024-007932,1/17/2024 19:34,Martabak,32500,1.565655475,29,4,Top bgt kualitasnya,FALSE,Tidak Ada,Selesai
ORD-2024-007933,1/7/2024 11:00,Kopi,21500,0.519160847,21,5,Wow enak bgt,FALSE,Tidak Ada,Selesai
ORD-2024-007934,3/16/2024 17:16,Ayam,43500,1.219200239,36,5,Driver ramah,FALSE,Tidak Ada,Refund
ORD-2024-007935,3/2/2024 12:55,Ayam,35500,4.373868263,34,5,Nggg enak 😋,FALSE,Tidak Ada,Selesai
ORD-2024-007936,2/22/2024 11:30,Ayam,54500,0.795357662,33,4,Enak bgt!!!!,TRUE,Tidak Ada,Selesai
ORD-2024-007937,2/20/2024 20:38,Kopi,11000,1.951827072,37,,,FALSE,Tinggi,Selesai
ORD-2024-007938,26/03/2024 12:50,Kopi,13500,2.499984306,16,1,Paket berantakan,FALSE,Rendah,Selesai
ORD-2024-007939,1/12/2024 18:18,Kopi,21500,2.777951898,8,5,Buruan order!11,FALSE,Tidak Ada,Selesai
ORD-2024-007940,2/19/2024 18:50,Kopi,17000,8.233779173,58,4,Buruan order!11,FALSE,Tinggi,Selesai
ORD-2024-007941,20/01/2024 12:24,Kopi,8500,3.249631703,30,5,Akan order lg nih,FALSE,Tidak Ada,Selesai
ORD-2024-007942,3/14/2024 18:56,Martabak,16500,4.62952973,34,5,Nggg enak 😋,FALSE,Tidak Ada,Selesai
ORD-2024-007943,2/27/2024 12:31,Mie,27000,2.615948565,17,4,Cepat sampai,TRUE,Tidak Ada,Selesai
ORD-2024-007944,1/2/2024 21:48,Ayam,66000,5.379727445,35,,,FALSE,Tidak Ada,Dibatalkan
ORD-2024-007945,3/25/2024 21:44,Kopi,9500,0.918204652,25,5,Sesuai pesanan,TRUE,Tidak Ada,Selesai
ORD-2024-007946,2/8/2024 12:17,Ayam,59000,0.706702499,21,,,TRUE,Rendah,Selesai
ORD-2024-007947,3/27/2024 2:11,Martabak,40000,7.824073646,29,4,Akan order lg nih,FALSE,Tidak Ada,Selesai
ORD-2024-007948,2/3/2024 21:13,Martabak,44000,3.547425396,40,5,Enak bgt,FALSE,Rendah,Selesai
ORD-2024-007949,31/01/2024 14:11,Mie,28500,3.339888913,25,5,Wow enak bgt,FALSE,Tidak Ada,Selesai
ORD-2024-007950,2/26/2024 13:16,Ayam,60000,1.889363781,25,5,Makasih ya,TRUE,Tidak Ada,Selesai
ORD-2024-007951,5/1/2024 17:40,Mie,11000,1.418168814,25,4,Akan order lg nih,FALSE,Tidak Ada,Selesai
ORD-2024-007952,2/20/2024 12:13,Ayam,86500,,41,4,Nggg enak 😋,FALSE,Tidak Ada,Selesai
ORD-2024-007953,2/20/2024 12:45,Martabak,25500,0.5,18,5,Top bgt kualitasnya,TRUE,Tidak Ada,Selesai
ORD-2024-007954,1/7/2024 17:24,Ayam,36000,,18,4,Mantap gan!,TRUE,Tidak Ada,Selesai
ORD-2024-007955,6/3/2024 17:55,Mie,24000,1.822933197,37,4,Mantap gan!,FALSE,Rendah,Selesai
ORD-2024-007956,3/5/2024 12:47,Kopi,23000,2.318757109,31,4,Enak bgt!!!!!!!!!,FALSE,Tidak Ada,Selesai
ORD-2024-007957,1/26/2024 22:46,Martabak,46500,3.020990897,22,5,Driver ramah,TRUE,Tidak Ada,Selesai
ORD-2024-007958,26/03/2024 21:26,Mie,27000,9.461959704,48,4,Makanan hangat sampai,FALSE,Tidak Ada,Selesai
ORD-2024-007959,3/2/2024 5:48,Ayam,68000,3.168116744,5,4,Sesuai pesanan,FALSE,Rendah,Selesai
ORD-2024-007960,3/15/2024 12:28,Ayam,52000,6.455395532,34,5,Nggg enak 😋,TRUE,Rendah,Selesai
ORD-2024-007961,1/8/2024 13:33,Mie,18500,2.437845971,7,4,Enak bgt,FALSE,Tidak Ada,Selesai
ORD-2024-007962,5/1/2024 18:44,Ayam,76000,2.957950602,5,4,Nggg enak 😋,FALSE,Tidak Ada,Selesai
ORD-2024-007963,2/19/2024 21:59,Ayam,41000,0.5,8,4,Mantap gan!!!,TRUE,Tidak Ada,Selesai
ORD-2024-007964,3/11/2024 14:00,Kopi,23000,0.5,5,2,Gajadi orderan,FALSE,Rendah,Selesai
ORD-2024-007965,3/14/2024 11:13,Kopi,500,2.600148592,18,5,Top bgt kualitasnya,FALSE,Tidak Ada,Selesai
ORD-2024-007966,3/14/2024 13:26,Ayam,56000,1.511117439,20,5,Cepat sampai,TRUE,Tidak Ada,Selesai
ORD-2024-007967,2/1/2024 21:54,Ayam,77000,4.810524383,34,4,Enak bgt!!!,FALSE,Tidak Ada,Selesai
ORD-2024-007968,2/16/2024 17:44,Ayam,37000,,19,5,Driver ramah,TRUE,Rendah,Selesai
ORD-2024-007969,1/9/2024 18:44,Kopi,17000,6.418620399,23,,,TRUE,Tidak Ada,Selesai
ORD-2024-007970,1/9/2024 11:50,Mie,34000,10.76240144,50,2,Gak sesuai foto,TRUE,Tinggi,Selesai
ORD-2024-007971,3/1/2024 19:21,Mie,1891000,0.5,5,1,Lama org kerjanyaa,FALSE,Tinggi,Selesai
ORD-2024-007972,1/20/2024 13:23,Martabak,13000,1.50672646,31,5,Puas bgt,TRUE,Tidak Ada,Selesai
ORD-2024-007973,10/3/2024 14:42,Ayam,44000,3.280704323,22,,,FALSE,Tidak Ada,Selesai
ORD-2024-007974,2/25/2024 12:49,Mie,34000,1.093640778,5,4,Puas bgt,TRUE,Tidak Ada,Selesai
ORD-2024-007975,1/23/2024 18:51,Kopi,13500,0.931961085,5,4,Sesuai pesanan,FALSE,Tidak Ada,Selesai
ORD-2024-007976,1/19/2024 20:33,Ayam,2107500,5.041812012,30,5,Mantap gan!!,FALSE,Tidak Ada,Selesai
ORD-2024-007977,17/02/2024 06:22,Mie,37000,11.79338339,46,2,Lama org kerjanyaa,TRUE,Tinggi,Dibatalkan
ORD-2024-007978,3/24/2024 20:10,Martabak,26000,4.459051327,26,5,Top bgt kualitasnya,FALSE,Tidak Ada,Selesai
ORD-2024-007979,2/9/2024 15:17,Martabak,28500,2.224974875,25,,,FALSE,Tidak Ada,Selesai
ORD-2024-007980,16/02/2024 14:43,Martabak,26500,1.752938769,9,4,Top bgt kualitasnya,FALSE,Tidak Ada,Selesai
ORD-2024-007981,1/2/2024 11:59,Ayam,18000,2.327289773,30,4,Driver ramah,FALSE,Tidak Ada,Selesai
ORD-2024-007982,2/15/2024 1:33,Ayam,50000,,15,4,Wow enak bgt,TRUE,Tidak Ada,Selesai
ORD-2024-007983,10/3/2024 20:47,Martabak,31500,2.096820121,28,4,Makasih ya,FALSE,Tinggi,Selesai
ORD-2024-007984,2/14/2024 23:43,Ayam,48500,0.68240762,7,4,Driver ramah,TRUE,Tidak Ada,Selesai
ORD-2024-007985,3/24/2024 11:06,Kopi,17500,7.022167997,45,4,Enak bgt,FALSE,Tidak Ada,Selesai
ORD-2024-007986,3/23/2024 20:31,Martabak,30500,4.213802743,19,4,Wow enak bgt,FALSE,Tidak Ada,Selesai
ORD-2024-007987,2/3/2024 14:05,Martabak,19500,3.42748021,40,5,Makasih ya,FALSE,Tidak Ada,Selesai
ORD-2024-007988,3/9/2024 23:35,Kopi,15000,8.982698453,36,5,Cepat sampai,FALSE,Tidak Ada,Selesai
ORD-2024-007989,2/19/2024 9:24,Martabak,1065000,1.00387802,10,5,Enak bgttt,FALSE,Tidak Ada,Selesai
ORD-2024-007990,1/29/2024 14:28,Mie,27000,0.5,5,4,Wow enak bgt,FALSE,Tidak Ada,Selesai
ORD-2024-007991,22/02/2024 06:30,Martabak,15000,,27,5,Mantap gan!,TRUE,Tinggi,Dibatalkan
ORD-2024-007992,1/19/2024 14:58,Ayam,43000,19.34523161,80,2,Ayamnya keras,TRUE,Tinggi,Dibatalkan
ORD-2024-007993,1/15/2024 17:22,Ayam,53000,2.591325675,8,4,Makasih ya,TRUE,Tidak Ada,Selesai
ORD-2024-007994,3/3/2024 14:15,Ayam,82500,0.5,7,4,Cepat sampai,TRUE,Tidak Ada,Selesai
ORD-2024-007995,1/7/2024 12:07,Ayam,68500,4.548772362,10,4,Makasih ya,TRUE,Tidak Ada,Selesai
ORD-2024-007996,2/10/2024 0:16,Ayam,36000,0.5,5,5,Nggg enak 😋,FALSE,Tidak Ada,Selesai
ORD-2024-007997,2/23/2024 14:55,Ayam,92000,2.329677585,19,5,Top bgt kualitasnya,FALSE,Tidak Ada,Selesai
ORD-2024-007998,24/02/2024 11:17,Kopi,16500,0.975248421,19,5,Enak bgt!!!,FALSE,Tidak Ada,Selesai
ORD-2024-007999,3/3/2024 20:24,Mie,34500,7.396257414,36,5,Buruan order!!!11,FALSE,Tidak Ada,Selesai
ORD-2024-008000,2/10/2024 21:35,Ayam,32000,1.800780967,23,,,TRUE,Tidak Ada,Selesai
ORD-2024-008001,2/8/2024 18:24,Martabak,12000,6.862006341,28,5,Enak bgt,FALSE,Tidak Ada,Selesai
ORD-2024-008002,3/19/2024 21:33,Martabak,19500,,20,5,Cepat sampai,FALSE,Tidak Ada,Selesai
ORD-2024-008003,2/8/2024 21:43,Ayam,1500,1.469946026,17,4,Sesuai pesanan,FALSE,Tidak Ada,Selesai
ORD-2024-008004,3/24/2024 14:07,Mie,26000,8.819144198,42,5,Makanan hangat sampai,TRUE,Tidak Ada,Selesai
ORD-2024-008005,21/03/2024 19:16,Kopi,21500,0.674363899,14,,,FALSE,Tidak Ada,Selesai
ORD-2024-008006,3/17/2024 2:58,Kopi,7000,2.591814701,13,,,TRUE,Tidak Ada,Selesai
ORD-2024-008007,3/13/2024 13:30,Martabak,29000,1.475571644,5,5,Enak bgttt,TRUE,Tidak Ada,Selesai
ORD-2024-008008,3/2/2024 14:40,Ayam,80000,4.463876946,18,5,Puas bgt,FALSE,Rendah,Selesai
ORD-2024-008009,1/29/2024 21:29,Martabak,36500,0.5,5,3,Gapapa,FALSE,Rendah,Selesai
ORD-2024-008010,1/10/2024 19:05,Ayam,37500,1.724572654,16,5,Enak bgt!!,TRUE,Tidak Ada,Selesai
ORD-2024-008011,3/13/2024 15:21,Mie,28000,3.601263625,26,4,Buruan order!11,FALSE,Rendah,Selesai
ORD-2024-008012,3/26/2024 18:08,Kopi,12500,1.567764774,32,5,Top bgt kualitasnya,FALSE,Tidak Ada,Selesai
ORD-2024-008013,3/17/2024 11:58,Martabak,27500,0.5,9,3,Standar lah,FALSE,Rendah,Selesai
ORD-2024-008014,1/2/2024 13:47,Ayam,57000,3.663481626,24,5,Nggg enak 😋,TRUE,Tidak Ada,Selesai
ORD-2024-008015,2/18/2024 13:18,Martabak,34000,2.098693147,38,,,TRUE,Tidak Ada,Selesai
ORD-2024-008016,13/03/2024 12:17,Martabak,35500,0.5,10,4,Driver ramah,FALSE,Tidak Ada,Selesai
ORD-2024-008017,2/7/2024 20:06,Kopi,21500,2.845325464,16,5,Driver ramah,FALSE,Rendah,Selesai
ORD-2024-008018,1/30/2024 11:49,Martabak,21000,7.572727592,38,5,Buruan order!11,TRUE,Tidak Ada,Selesai
ORD-2024-008019,1/31/2024 12:56,Kopi,16500,0.5,10,4,Puas bgt,FALSE,Tidak Ada,Selesai
ORD-2024-008020,1/3/2024 11:36,Mie,20000,2.679709858,15,5,Buruan order!11,TRUE,Tidak Ada,Selesai
ORD-2024-008021,21/01/2024 17:38,Kopi,15000,3.913246096,13,,,TRUE,Tidak Ada,Selesai
ORD-2024-008022,3/8/2024 20:48,Mie,20500,0.5,29,4,Puas bgt,FALSE,Tidak Ada,Selesai
ORD-2024-008023,3/1/2024 21:09,Mie,29500,0.5,19,,,TRUE,Rendah,Selesai
ORD-2024-008024,3/1/2024 14:54,Kopi,21000,1.871959823,34,4,Makanan hangat sampai,FALSE,Tidak Ada,Selesai
ORD-2024-008025,3/16/2024 14:14,Ayam,70000,4.698944,38,4,Driver ramah,TRUE,Tinggi,Refund
ORD-2024-008026,3/6/2024 13:54,Kopi,12000,0.525630584,14,3,Lumayan,TRUE,Tinggi,Selesai
ORD-2024-008027,13/03/2024 21:31,Mie,25000,5.43534668,16,3,Gapapa,FALSE,Tidak Ada,Selesai
ORD-2024-008028,2/12/2024 1:43,Ayam,32500,3.206379298,12,5,Makanan hangat sampai,FALSE,Tidak Ada,Selesai
ORD-2024-008029,2/16/2024 14:45,Kopi,11500,1.211179656,13,,,FALSE,Tidak Ada,Selesai
ORD-2024-008030,1/21/2024 23:49,Mie,21500,2.17593155,9,5,Rekomendasi deh,FALSE,Tidak Ada,Selesai
ORD-2024-008031,1/11/2024 14:39,Kopi,18000,10.10691494,31,5,Enak bgt,TRUE,Tidak Ada,Selesai
ORD-2024-008032,3/29/2024 12:22,Martabak,34000,0.731711324,6,,,FALSE,Rendah,Selesai
ORD-2024-008033,1/21/2024 14:15,Ayam,62500,2.076655222,18,5,Nggg enak 😋,TRUE,Tidak Ada,Selesai
ORD-2024-008034,2/8/2024 23:22,Ayam,61500,2.938383017,32,4,Mantap gan!,FALSE,Rendah,Selesai
ORD-2024-008035,1/9/2024 19:13,Martabak,23500,0.5,7,5,Enak bgt!!!!!!,FALSE,Rendah,Selesai
ORD-2024-008036,2/26/2024 13:35,Ayam,71500,0.5,20,,,TRUE,Tidak Ada,Selesai
ORD-2024-008037,3/16/2024 17:29,Ayam,65000,0.5,5,,,FALSE,Tidak Ada,Selesai
ORD-2024-008038,3/5/2024 9:00,Mie,820500,1.177762993,12,3,Gapapa,FALSE,Rendah,Selesai
ORD-2024-008039,2/10/2024 22:35,Ayam,43500,0.5,11,5,Puas bgt,FALSE,Tidak Ada,Selesai
ORD-2024-008040,1/26/2024 10:39,Mie,22000,4.885402789,37,5,Rekomendasi deh,TRUE,Tinggi,Selesai
ORD-2024-008041,2/25/2024 21:23,Mie,34500,17.7652862,50,2,Kurang sambelnya,FALSE,Rendah,Dibatalkan
ORD-2024-008042,3/30/2024 11:05,Ayam,42500,0.5,6,5,Sesuai pesanan,FALSE,Tidak Ada,Selesai
ORD-2024-008043,1/6/2024 20:28,Ayam,56000,1.70074,20,5,Makasih ya,FALSE,Tidak Ada,Selesai
ORD-2024-008044,1/17/2024 19:24,Martabak,31000,0.5,18,4,Akan order lg nih,FALSE,Tidak Ada,Selesai
ORD-2024-008045,27/02/2024 05:30,Kopi,12000,,5,5,Wow enak bgt,FALSE,Tidak Ada,Dibatalkan
ORD-2024-008046,12/2/2024 12:07,Ayam,67500,1.169908881,16,4,Cepat sampai,TRUE,Tidak Ada,Selesai
ORD-2024-008047,3/14/2024 11:14,Martabak,34000,1.501132256,18,2,😠😠😠,FALSE,Tinggi,Selesai
ORD-2024-008048,1/31/2024 14:44,Ayam,18000,8.429399055,56,3,Lumayan,TRUE,Rendah,Dibatalkan
ORD-2024-008049,3/8/2024 18:02,Mie,28000,1.5117328,19,5,Sesuai pesanan,FALSE,Tidak Ada,Selesai
ORD-2024-008050,3/28/2024 6:55,Ayam,38500,2.057190221,15,,,TRUE,Tidak Ada,Selesai
ORD-2024-008051,3/7/2024 13:28,Ayam,70000,0.845431505,8,4,Driver ramah,FALSE,Rendah,Selesai
ORD-2024-008052,2/20/2024 20:02,Ayam,27500,0.5,20,5,Puas bgt,TRUE,Rendah,Selesai
ORD-2024-008053,3/2/2024 19:36,Mie,23500,6.88785513,34,4,Buruan order!11,TRUE,Tidak Ada,Selesai
ORD-2024-008054,1/2/2024 10:18,Martabak,32500,0.5,7,4,Akan order lg nih,FALSE,Tidak Ada,Selesai
ORD-2024-008055,2/10/2024 20:42,Mie,26500,9.993517775,39,5,Makanan hangat sampai,FALSE,Tidak Ada,Selesai
ORD-2024-008056,3/25/2024 11:18,Kopi,19500,0.5,11,5,Makanan hangat sampai,FALSE,Tidak Ada,Selesai
ORD-2024-008057,3/29/2024 23:34,Ayam,26000,2.785685753,24,4,Top bgt kualitasnya,TRUE,Rendah,Selesai
ORD-2024-008058,5/3/2024 17:40,Ayam,79000,22.30915465,87,,,TRUE,Tinggi,Selesai
ORD-2024-008059,2/11/2024 18:13,Kopi,18500,0.5,14,5,Buruan order!11,FALSE,Tidak Ada,Selesai
ORD-2024-008060,2/7/2024 15:40,Kopi,1261500,1.654646437,11,,,FALSE,Tidak Ada,Selesai
ORD-2024-008061,1/3/2024 11:01,Martabak,40000,4.548166072,30,5,Makasih ya,FALSE,Tidak Ada,Selesai
ORD-2024-008062,2/17/2024 14:47,Ayam,48000,0.5,15,5,Makanan hangat sampai,TRUE,Rendah,Selesai
ORD-2024-008063,3/15/2024 14:24,Mie,31000,,17,5,Makasih ya,FALSE,Tidak Ada,Selesai
ORD-2024-008064,1/16/2024 17:05,Ayam,60000,0.5,22,3,OK,FALSE,Rendah,Selesai
ORD-2024-008065,3/21/2024 20:05,Mie,16500,0.809605609,5,,,FALSE,Rendah,Refund
ORD-2024-008066,1/3/2024 14:42,Ayam,35000,0.523332183,25,5,Sesuai pesanan,TRUE,Tidak Ada,Selesai
ORD-2024-008067,1/6/2024 13:21,Kopi,25000,7.136339669,41,3,Biasa saja,TRUE,Tidak Ada,Selesai
ORD-2024-008068,3/23/2024 18:08,Ayam,61000,0.597024197,20,5,Nggg enak 😋,FALSE,Tidak Ada,Selesai
ORD-2024-008069,2/21/2024 18:39,Kopi,16500,0.5,5,,,TRUE,Tidak Ada,Selesai
ORD-2024-008070,3/24/2024 21:50,Kopi,14000,2.657471384,21,4,Top bgt kualitasnya,FALSE,Tidak Ada,Selesai
ORD-2024-008071,12/2/2024 19:47,Kopi,18000,1.27477383,31,5,Cepat sampai,FALSE,Tidak Ada,Selesai
ORD-2024-008072,3/24/2024 1:58,Kopi,18500,1.561144512,14,5,Top bgt kualitasnya,FALSE,Tidak Ada,Selesai
ORD-2024-008073,3/24/2024 21:13,Martabak,31500,0.5,15,5,Makasih ya,TRUE,Tidak Ada,Selesai
ORD-2024-008074,1/18/2024 9:23,Martabak,38000,,13,,,TRUE,Tidak Ada,Selesai
ORD-2024-008075,1/13/2024 21:46,Mie,20000,2.760547256,8,5,Puas bgt,FALSE,Tidak Ada,Selesai
ORD-2024-008076,1/9/2024 9:55,Ayam,34500,1.358694118,16,5,Driver ramah,TRUE,Tidak Ada,Selesai
ORD-2024-008077,2/3/2024 14:25,Martabak,38000,,8,,,TRUE,Rendah,Selesai
ORD-2024-008078,3/18/2024 11:46,Kopi,25500,2.700157903,16,4,Nggg enak 😋,FALSE,Rendah,Selesai
ORD-2024-008079,1/28/2024 21:01,Kopi,20000,4.523315913,29,,,FALSE,Tidak Ada,Selesai
ORD-2024-008080,3/11/2024 17:51,Kopi,22000,1.123632166,23,5,Makasih ya,FALSE,Tidak Ada,Selesai
ORD-2024-008081,3/21/2024 13:06,Ayam,50000,0.5,19,,,FALSE,Tidak Ada,Selesai
ORD-2024-008082,3/14/2024 20:03,Ayam,56000,0.723708666,16,5,Nggg enak 😋,FALSE,Rendah,Selesai
ORD-2024-008083,27/02/2024 14:52,Ayam,55500,3.440867047,33,,,TRUE,Tidak Ada,Selesai
ORD-2024-008084,5/3/2024 12:26,Ayam,50500,13.5559806,71,1,Ayamnya keras,FALSE,Tinggi,Dibatalkan
ORD-2024-008085,1/14/2024 11:14,Martabak,40500,0.5,13,3,Biasa saja,FALSE,Tidak Ada,Selesai
ORD-2024-008086,2/7/2024 17:43,Martabak,38500,1.096513842,32,5,Cepat sampai,FALSE,Tidak Ada,Selesai
ORD-2024-008087,2/16/2024 14:16,Mie,23000,0.5,5,5,Puas bgt,FALSE,Tidak Ada,Selesai
ORD-2024-008088,2/22/2024 18:23,Martabak,17500,1.140924439,5,3,Biasa saja,FALSE,Tinggi,Selesai
ORD-2024-008089,1/20/2024 7:26,Ayam,50500,1.5621953,26,4,Sesuai pesanan,FALSE,Tidak Ada,Refund
ORD-2024-008090,2/21/2024 20:25,Mie,18000,7.609689831,33,4,Makanan hangat sampai,TRUE,Tidak Ada,Selesai
ORD-2024-008091,1/21/2024 18:22,Mie,26000,0.5,5,,,FALSE,Tidak Ada,Dibatalkan
ORD-2024-008092,3/22/2024 19:31,Kopi,12000,4.503554469,25,5,Nggg enak 😋,FALSE,Tidak Ada,Selesai
ORD-2024-008093,12/3/2024 14:07,Kopi,22000,1.510231532,29,5,Sesuai pesanan,TRUE,Tidak Ada,Selesai
ORD-2024-008094,3/24/2024 13:49,Mie,31000,5.002199913,27,4,Cepat sampai,TRUE,Tinggi,Dibatalkan
ORD-2024-008095,24/02/2024 13:11,Kopi,19500,2.160952019,5,5,Sesuai pesanan,TRUE,Tinggi,Dibatalkan
ORD-2024-008096,11/1/2024 13:28,Mie,33500,0.5,11,5,Enak bgttt,TRUE,Rendah,Selesai
ORD-2024-008097,2/12/2024 13:16,Ayam,1500,8.767773597,42,4,Enak bgt,FALSE,Rendah,Selesai
ORD-2024-008098,1/24/2024 19:22,Ayam,58000,0.5,11,4,Wow enak bgt,TRUE,Tinggi,Selesai
ORD-2024-008099,3/22/2024 14:47,Kopi,18500,2.731548579,15,5,Makasih ya,FALSE,Tidak Ada,Selesai
ORD-2024-008100,17/02/2024 11:53,Kopi,17000,6.303044043,28,4,Driver ramah,FALSE,Tidak Ada,Selesai
ORD-2024-008101,2/29/2024 19:38,Mie,31000,0.5,21,3,Lumayan,TRUE,Tidak Ada,Selesai
ORD-2024-008102,24/02/2024 12:51,Mie,9000,2.421591948,15,4,Mantap gan!!!,FALSE,Tidak Ada,Selesai
ORD-2024-008103,2/26/2024 14:59,Kopi,17000,5.216758985,32,,,TRUE,Tinggi,Refund
ORD-2024-008104,2/9/2024 15:42,Ayam,34000,,50,3,Gapapa,TRUE,Rendah,Selesai
ORD-2024-008105,3/3/2024 11:19,Mie,34000,3.865624057,20,,,TRUE,Tidak Ada,Selesai
ORD-2024-008106,2/4/2024 12:27,Martabak,29000,0.978580114,8,4,Sesuai pesanan,FALSE,Rendah,Selesai
ORD-2024-008107,2/15/2024 12:20,Ayam,52000,3.607624785,26,5,Nggg enak 😋,FALSE,Rendah,Selesai
ORD-2024-008108,1/12/2024 18:52,Kopi,10000,,9,4,Wow enak bgt,FALSE,Tidak Ada,Selesai
ORD-2024-008109,1/12/2024 13:07,Martabak,37500,3.611578553,44,,,FALSE,Rendah,Selesai
ORD-2024-008110,2/14/2024 11:36,Martabak,868000,5.777802198,27,4,Top bgt kualitasnya,FALSE,Tidak Ada,Selesai
ORD-2024-008111,1/17/2024 20:23,Kopi,19000,0.5,10,5,Makasih ya,FALSE,Tidak Ada,Selesai
ORD-2024-008112,3/2/2024 13:25,Ayam,64500,0.5,21,3,Lumayan,FALSE,Rendah,Selesai
ORD-2024-008113,3/22/2024 13:41,Mie,36500,3.070100857,21,5,Wow enak bgt,TRUE,Tidak Ada,Selesai
ORD-2024-008114,1/23/2024 14:10,Martabak,32500,9.22959705,41,5,Sesuai pesanan,FALSE,Tidak Ada,Selesai
ORD-2024-008115,2/20/2024 13:02,Kopi,14000,1.881171934,6,5,Makanan hangat sampai,FALSE,Rendah,Selesai
ORD-2024-008116,3/25/2024 20:33,Ayam,50000,,48,2,Gajadi orderan,TRUE,Tinggi,Refund
ORD-2024-008117,2/1/2024 14:10,Martabak,21500,8.345990981,37,4,Top bgt kualitasnya,TRUE,Tidak Ada,Selesai
ORD-2024-008118,20/01/2024 04:28,Ayam,63500,6.996342598,48,3,Gapapa,TRUE,Tidak Ada,Selesai
ORD-2024-008119,2/24/2024 20:56,Ayam,17000,7.21887343,36,3,OK,TRUE,Tinggi,Selesai
ORD-2024-008120,5/3/2024 3:37,Kopi,21000,6.857738354,12,,,TRUE,Tidak Ada,Selesai
ORD-2024-008121,2/19/2024 20:40,Ayam,70500,5.142552243,40,,,FALSE,Tidak Ada,Selesai
ORD-2024-008122,2/7/2024 18:36,Martabak,8000,3.56212355,15,4,Makanan hangat sampai,FALSE,Tidak Ada,Refund
ORD-2024-008123,3/19/2024 11:12,Ayam,73000,0.5,15,4,Cepat sampai,FALSE,Tinggi,Refund
ORD-2024-008124,3/22/2024 5:55,Martabak,1844500,0.5,23,4,Nggg enak 😋,FALSE,Tinggi,Selesai
ORD-2024-008125,2/21/2024 19:45,Ayam,45000,0.5,11,5,Enak bgt!!,TRUE,Tidak Ada,Selesai
ORD-2024-008126,1/1/2024 10:14,Ayam,66000,0.5,10,2,Buruk sx layanannya,TRUE,Tinggi,Selesai
ORD-2024-008127,2/26/2024 18:48,Ayam,66000,0.5,23,4,Mantap gan!,TRUE,Rendah,Selesai
ORD-2024-008128,1/10/2024 18:55,Mie,20000,7.567692229,53,4,Akan order lg nih,FALSE,Tidak Ada,Selesai
ORD-2024-008129,17/03/2024 12:19,Mie,33000,3.270185427,22,4,Nggg enak 😋,TRUE,Rendah,Selesai
ORD-2024-008130,3/11/2024 7:12,Ayam,44500,1.122217734,30,4,Cepat sampai,FALSE,Tidak Ada,Selesai
ORD-2024-008131,2/10/2024 21:56,Martabak,39000,4.730331568,12,5,Sesuai pesanan,TRUE,Tinggi,Refund
ORD-2024-008132,3/1/2024 14:17,Martabak,22500,2.010457706,11,5,Driver ramah,TRUE,Tidak Ada,Dibatalkan
ORD-2024-008133,21/01/2024 12:34,Mie,25000,0.5,9,5,Rekomendasi deh,TRUE,Tidak Ada,Selesai
ORD-2024-008134,3/17/2024 13:12,Kopi,14500,6.475508305,45,5,Akan order lg nih,FALSE,Tidak Ada,Selesai
ORD-2024-008135,2/5/2024 21:57,Martabak,38000,1.240470426,19,5,Top bgt kualitasnya,TRUE,Tidak Ada,Selesai
ORD-2024-008136,3/10/2024 11:31,Ayam,42500,3.600532353,18,4,Enak bgt!!,TRUE,Tidak Ada,Selesai
ORD-2024-008137,1/12/2024 18:51,Kopi,16500,1.029982515,5,4,Makanan hangat sampai,FALSE,Tidak Ada,Selesai
ORD-2024-008138,18/02/2024 00:32,Mie,29500,2.079869076,5,5,Puas bgt,FALSE,Tidak Ada,Selesai
ORD-2024-008139,1/31/2024 11:03,Kopi,2071000,5.082581693,35,4,Top bgt kualitasnya,FALSE,Tidak Ada,Selesai
ORD-2024-008140,1/19/2024 18:51,Ayam,56500,0.511572706,10,4,Rekomendasi deh,FALSE,Tinggi,Selesai
ORD-2024-008141,4/3/2024 21:08,Ayam,82000,11.34975439,63,4,Makasih ya,FALSE,Tidak Ada,Selesai
ORD-2024-008142,2/13/2024 12:55,Martabak,29000,0.5,5,1,Kecewa bgt,TRUE,Rendah,Selesai
ORD-2024-008143,23/03/2024 12:21,Martabak,28500,2.290766294,24,5,Akan order lg nih,FALSE,Tidak Ada,Selesai
ORD-2024-008144,1/17/2024 13:02,Kopi,21500,,38,5,Rekomendasi deh,FALSE,Tidak Ada,Selesai
ORD-2024-008145,3/2/2024 18:31,Mie,26000,8.739355323,38,5,Akan order lg nih,FALSE,Tidak Ada,Selesai
ORD-2024-008146,20/02/2024 11:02,Ayam,57000,0.792322304,10,,,FALSE,Tidak Ada,Selesai
ORD-2024-008147,3/2/2024 18:55,Ayam,68000,0.5,15,5,Wow enak bgt,FALSE,Tidak Ada,Selesai
ORD-2024-008148,2/23/2024 1:34,Mie,26000,3.866446879,21,1,"Narik duit banyak😡",FALSE,Tinggi,Dibatalkan
ORD-2024-008149,1/12/2024 17:59,Ayam,64500,0.5,5,5,Rekomendasi deh,TRUE,Rendah,Selesai
ORD-2024-008150,1/21/2024 11:28,Ayam,49500,1.992157511,24,5,Rekomendasi deh,FALSE,Tidak Ada,Selesai
ORD-2024-008151,1/26/2024 14:05,Kopi,20500,4.774134332,41,5,Driver ramah,FALSE,Tidak Ada,Selesai
ORD-2024-008152,1/26/2024 18:39,Mie,29000,2.464678917,19,4,Makasih ya,FALSE,Tidak Ada,Selesai
ORD-2024-008153,1/20/2024 11:21,Ayam,47500,0.624813828,20,5,Makasih ya,FALSE,Rendah,Dibatalkan
ORD-2024-008154,3/26/2024 20:50,Mie,26500,2.002697374,18,,,FALSE,Tidak Ada,Selesai
ORD-2024-008155,3/21/2024 13:31,Martabak,1540500,7.625372731,63,2,😠😠😠,FALSE,Rendah,Dibatalkan
ORD-2024-008156,2/11/2024 14:39,Ayam,10500,2.880829569,23,4,Akan order lg nih,FALSE,Tidak Ada,Selesai
ORD-2024-008157,3/8/2024 17:14,Martabak,34000,3.834910701,33,,,TRUE,Rendah,Selesai
ORD-2024-008158,3/9/2024 13:11,Kopi,13500,1.229611853,28,,,FALSE,Tidak Ada,Selesai
ORD-2024-008159,1/27/2024 14:42,Kopi,17000,0.626552696,8,5,Mantap gan!,TRUE,Tidak Ada,Selesai
ORD-2024-008160,2/11/2024 11:18,Martabak,25500,0.885700458,22,4,Makasih ya,TRUE,Tidak Ada,Selesai
ORD-2024-008161,27/03/2024 13:31,Mie,21000,2.28541914,29,5,Puas bgt,FALSE,Tidak Ada,Selesai
ORD-2024-008162,2/7/2024 11:32,Ayam,44500,0.986429648,20,,,FALSE,Tidak Ada,Selesai
ORD-2024-008163,2/9/2024 19:29,Kopi,13500,,28,5,Makanan hangat sampai,FALSE,Tidak Ada,Selesai
ORD-2024-008164,1/3/2024 18:11,Kopi,19500,3.690867459,19,4,Makanan hangat sampai,FALSE,Tidak Ada,Selesai
ORD-2024-008165,2/24/2024 14:38,Kopi,13500,3.977245005,47,4,Top bgt kualitasnya,TRUE,Tidak Ada,Selesai
ORD-2024-008166,3/2/2024 11:40,Kopi,12500,0.539838923,5,5,Mantap gan!,FALSE,Tidak Ada,Selesai
ORD-2024-008167,1/3/2024 13:34,Ayam,81000,4.16405773,19,5,Makanan hangat sampai,FALSE,Tidak Ada,Selesai
ORD-2024-008168,16/02/2024 14:47,Martabak,37000,3.350525583,11,,,FALSE,Tidak Ada,Selesai
ORD-2024-008169,3/19/2024 18:07,Kopi,8500,0.5,30,4,Nggg enak 😋,FALSE,Tinggi,Selesai
ORD-2024-008170,1/13/2024 17:50,Ayam,38500,0.5,13,5,Sesuai pesanan,TRUE,Tidak Ada,Selesai
ORD-2024-008171,3/16/2024 0:18,Mie,27500,3.117490266,12,4,Mantap gan!,FALSE,Tidak Ada,Selesai
ORD-2024-008172,1/15/2024 11:43,Mie,28500,1.452083245,11,,,FALSE,Tidak Ada,Selesai
ORD-2024-008173,2/3/2024 11:05,Kopi,10000,,5,4,Sesuai pesanan,FALSE,Tidak Ada,Selesai
ORD-2024-008174,12/1/2024 21:12,Ayam,71000,0.5,20,,,FALSE,Tidak Ada,Refund
ORD-2024-008175,11/2/2024 14:10,Martabak,36000,0.520912147,21,,,FALSE,Tidak Ada,Selesai
ORD-2024-008176,2/19/2024 12:04,Ayam,59500,9.475739488,49,4,Enak bgt!!!,TRUE,Tidak Ada,Selesai
ORD-2024-008177,1/17/2024 12:53,Ayam,74000,,19,4,Nggg enak 😋,FALSE,Rendah,Dibatalkan
ORD-2024-008178,1/15/2024 19:03,Martabak,33500,2.25045714,35,5,Buruan order!!11,FALSE,Tidak Ada,Selesai
ORD-2024-008179,1/20/2024 11:04,Ayam,59000,8.518263219,50,3,Standar lah,FALSE,Tidak Ada,Selesai
ORD-2024-008180,27/02/2024 13:20,Ayam,77500,2.895737426,6,4,Rekomendasi deh,FALSE,Tidak Ada,Selesai
ORD-2024-008181,2/2/2024 11:38,Ayam,500,3.879999231,24,5,Buruan order!11,TRUE,Tidak Ada,Selesai
ORD-2024-008182,2/16/2024 11:38,Ayam,38000,0.996581842,5,4,Wow enak bgt,TRUE,Tidak Ada,Selesai
ORD-2024-008183,1/1/2024 10:26,Ayam,62500,,30,5,Top bgt kualitasnya,TRUE,Tidak Ada,Selesai
ORD-2024-008184,30/01/2024 18:51,Mie,30500,0.5,9,4,Wow enak bgt,TRUE,Tidak Ada,Selesai
ORD-2024-008185,2/16/2024 17:30,Ayam,61500,1.554976761,5,5,Rekomendasi deh,FALSE,Tidak Ada,Selesai
ORD-2024-008186,16/02/2024 11:15,Ayam,49500,0.5,12,4,Wow enak bgt,FALSE,Tidak Ada,Selesai
ORD-2024-008187,1/20/2024 16:50,Ayam,73500,0.732443135,25,,,FALSE,Tidak Ada,Selesai
ORD-2024-008188,1/13/2024 14:20,Mie,29500,,22,4,Top bgt kualitasnya,FALSE,Tidak Ada,Selesai
ORD-2024-008189,22/01/2024 12:12,Kopi,18000,1.471984967,12,5,Enak bgt!!!,TRUE,Tidak Ada,Selesai
ORD-2024-008190,2/26/2024 17:42,Kopi,500,5.555200432,30,,,FALSE,Tidak Ada,Selesai
ORD-2024-008191,2/17/2024 20:21,Mie,26000,1.424127761,27,,,FALSE,Tinggi,Dibatalkan
ORD-2024-008192,4/3/2024 19:59,Kopi,17500,5.344945541,45,1,Bau gak tauu,FALSE,Rendah,Dibatalkan
ORD-2024-008193,3/4/2024 21:49,Ayam,74500,3.205689765,9,4,Sesuai pesanan,TRUE,Rendah,Selesai
ORD-2024-008194,1/16/2024 14:58,Ayam,59500,2.137170107,21,4,Enak bgt!!,FALSE,Tidak Ada,Selesai
ORD-2024-008195,3/8/2024 17:25,Kopi,17500,0.811065928,12,4,Driver ramah,TRUE,Tidak Ada,Selesai
ORD-2024-008196,1/2/2024 11:20,Ayam,35500,7.659148943,35,5,Cepat sampai,TRUE,Tidak Ada,Selesai
ORD-2024-008197,1/12/2024 12:46,Martabak,35000,0.5,27,4,Enak bgt!!!,FALSE,Tidak Ada,Selesai
ORD-2024-008198,7/2/2024 16:19,Ayam,57000,3.50304816,10,,,FALSE,Tidak Ada,Selesai
ORD-2024-008199,23/02/2024 17:58,Kopi,500,2.912556711,30,5,Rekomendasi deh,FALSE,Tidak Ada,Selesai
ORD-2024-008200,26/02/2024 14:57,Ayam,51500,1.745040264,5,2,Bau gak tauu,FALSE,Tinggi,Selesai
ORD-2024-008201,2/3/2024 11:43,Ayam,58500,0.824577733,8,,,FALSE,Tidak Ada,Selesai
ORD-2024-008202,2/11/2024 13:41,Kopi,15500,,18,4,Sesuai pesanan,FALSE,Tidak Ada,Selesai
ORD-2024-008203,3/1/2024 0:12,Mie,34500,,18,5,Wow enak bgt,TRUE,Tidak Ada,Refund
ORD-2024-008204,1/16/2024 17:59,Kopi,10000,5.437713601,53,5,Akan order lg nih,FALSE,Tidak Ada,Selesai
ORD-2024-008205,1/12/2024 20:06,Martabak,26500,,36,4,Cepat sampai,TRUE,Tidak Ada,Selesai
ORD-2024-008206,1/5/2024 12:28,Ayam,59000,1.103611601,8,,,FALSE,Tidak Ada,Selesai
ORD-2024-008207,1/12/2024 16:40,Ayam,71000,,9,4,Enak bgt!!!,TRUE,Tidak Ada,Selesai
ORD-2024-008208,2/28/2024 12:20,Ayam,8164500,0.5,19,,,FALSE,Tidak Ada,Selesai
ORD-2024-008209,2/15/2024 13:16,Ayam,48500,8.59148133,52,3,Gapapa,TRUE,Rendah,Selesai
ORD-2024-008210,3/13/2024 13:18,Ayam,50000,1.19870301,12,5,Driver ramah,TRUE,Tidak Ada,Dibatalkan
ORD-2024-008211,2/21/2024 22:57,Ayam,37000,1.553368554,17,5,Rekomendasi deh,TRUE,Tidak Ada,Selesai
ORD-2024-008212,20/01/2024 02:07,Martabak,30000,7.151535496,35,,,FALSE,Tidak Ada,Selesai
ORD-2024-008213,1/27/2024 12:19,Ayam,41500,,6,5,Sesuai pesanan,FALSE,Tidak Ada,Selesai
ORD-2024-008214,1/9/2024 8:56,Kopi,15000,2.505338987,17,2,Makanannya dingin,TRUE,Rendah,Refund
ORD-2024-008215,7/2/2024 13:09,Kopi,0,0.581602079,8,5,Wow enak bgt,TRUE,Tidak Ada,Selesai
ORD-2024-008216,3/8/2024 12:53,Kopi,14500,2.071412421,5,,,FALSE,Tidak Ada,Selesai
ORD-2024-008217,2/7/2024 11:50,Kopi,9000,7.510749559,41,3,Standar lah,FALSE,Rendah,Selesai
ORD-2024-008218,6/3/2024 11:14,Ayam,1500,2.454214055,31,4,Akan order lg nih,FALSE,Tidak Ada,Dibatalkan
ORD-2024-008219,3/17/2024 3:40,Ayam,68500,0.883581801,13,,,FALSE,Tidak Ada,Selesai
ORD-2024-008220,1/20/2024 14:25,Martabak,41500,0.5,5,5,Cepat sampai,FALSE,Tidak Ada,Selesai
ORD-2024-008221,3/4/2024 13:20,Mie,32000,1.229783133,12,,,FALSE,Tidak Ada,Selesai
ORD-2024-008222,1/30/2024 14:48,Ayam,60500,2.550041033,13,,,FALSE,Tidak Ada,Selesai
ORD-2024-008223,2/10/2024 11:49,Ayam,57000,0.5,31,5,Wow enak bgt,FALSE,Tidak Ada,Refund
ORD-2024-008224,2/6/2024 12:30,Mie,32000,,19,5,Sesuai pesanan,TRUE,Tidak Ada,Selesai
ORD-2024-008225,1/29/2024 19:41,Ayam,53000,2.22332018,5,4,Wow enak bgt,FALSE,Rendah,Selesai
ORD-2024-008226,1/31/2024 17:31,Kopi,20500,4.589600136,28,3,Lumayan,FALSE,Rendah,Selesai
ORD-2024-008227,3/28/2024 14:34,Kopi,19000,0.5,20,3,Yaudah minum teh,FALSE,Rendah,Selesai
ORD-2024-008228,3/28/2024 14:47,Ayam,45500,4.553960209,29,4,Sesuai pesanan,FALSE,Tidak Ada,Selesai
ORD-2024-008229,3/12/2024 16:14,Kopi,20500,2.207394075,10,5,Rekomendasi deh,TRUE,Tidak Ada,Selesai
ORD-2024-008230,3/30/2024 20:54,Kopi,17000,1.388628071,13,,,TRUE,Tidak Ada,Selesai
ORD-2024-008231,3/3/2024 14:15,Ayam,49500,10.09022912,56,5,Enak bgt,TRUE,Tidak Ada,Selesai
ORD-2024-008232,1/29/2024 21:30,Kopi,14500,0.523487146,15,4,Cepat sampai,FALSE,Tidak Ada,Selesai
ORD-2024-008233,3/18/2024 17:42,Martabak,31000,2.338240921,40,5,Rekomendasi deh,FALSE,Tidak Ada,Selesai
ORD-2024-008234,2/16/2024 13:53,Kopi,20500,1.161320601,17,5,Wow enak bgt,TRUE,Rendah,Selesai
ORD-2024-008235,30/03/2024 19:03,Ayam,66500,2.249066114,5,4,Makanan hangat sampai,TRUE,Tinggi,Selesai
ORD-2024-008236,3/13/2024 11:05,Kopi,18000,2.410731256,19,4,Top bgt kualitasnya,TRUE,Tidak Ada,Selesai
ORD-2024-008237,3/7/2024 14:35,Martabak,34500,0.5,8,5,Rekomendasi deh,TRUE,Rendah,Selesai
ORD-2024-008238,2/4/2024 21:22,Martabak,39500,3.246461744,9,5,Puas bgt,TRUE,Tidak Ada,Selesai
ORD-2024-008239,2/11/2024 21:22,Martabak,29000,3.019315123,24,5,Top bgt kualitasnya,TRUE,Tidak Ada,Selesai
ORD-2024-008240,3/2/2024 4:32,Ayam,33000,4.402087353,20,5,Driver ramah,FALSE,Tidak Ada,Selesai
ORD-2024-008241,2/27/2024 12:25,Martabak,40000,0.5,15,5,Sesuai pesanan,FALSE,Tinggi,Selesai
ORD-2024-008242,27/01/2024 19:38,Martabak,26000,,33,,,TRUE,Rendah,Selesai
ORD-2024-008243,2/6/2024 11:05,Ayam,40000,3.150414521,22,5,Nggg enak 😋,FALSE,Tidak Ada,Dibatalkan
ORD-2024-008244,2/4/2024 14:11,Kopi,9000,0.5,24,,,FALSE,Tidak Ada,Selesai
ORD-2024-008245,23/03/2024 19:01,Ayam,61000,3.395870156,22,3,Standar lah,TRUE,Tidak Ada,Selesai
ORD-2024-008246,3/24/2024 12:05,Martabak,18000,0.5,18,5,Top bgt kualitasnya,FALSE,Tidak Ada,Selesai
ORD-2024-008247,3/26/2024 14:59,Ayam,39000,1.223595947,18,4,Enak bgttt,TRUE,Rendah,Selesai
ORD-2024-008248,18/01/2024 04:49,Kopi,19000,5.626293145,29,,,TRUE,Tidak Ada,Selesai
ORD-2024-008249,1/27/2024 11:11,Mie,31000,4.46553002,27,4,Driver ramah,TRUE,Tidak Ada,Selesai
ORD-2024-008250,3/4/2024 11:52,Martabak,25000,3.104891025,37,4,Sesuai pesanan,FALSE,Tidak Ada,Selesai
ORD-2024-008251,1/28/2024 19:48,Mie,25000,6.131260027,40,5,Top bgt kualitasnya,FALSE,Tidak Ada,Selesai
ORD-2024-008252,24/02/2024 14:44,Mie,20000,3.706076129,26,5,Cepat sampai,FALSE,Tidak Ada,Selesai
ORD-2024-008253,2/3/2024 13:50,Ayam,42500,2.198004473,29,5,Top bgt kualitasnya,FALSE,Rendah,Selesai
ORD-2024-008254,3/4/2024 12:20,Martabak,32000,11.69399056,55,5,Makasih ya,TRUE,Tidak Ada,Selesai
ORD-2024-008255,3/30/2024 19:11,Kopi,14500,3.560915232,36,3,Yaudah minum teh,FALSE,Tidak Ada,Selesai
ORD-2024-008256,3/27/2024 23:09,Mie,24500,2.759143585,9,4,Makasih ya,FALSE,Tidak Ada,Dibatalkan
ORD-2024-008257,1/24/2024 12:57,Ayam,27000,1.577160806,38,,,FALSE,Tinggi,Selesai
ORD-2024-008258,2/17/2024 20:04,Mie,34000,6.981017559,39,4,Rekomendasi deh,FALSE,Tidak Ada,Selesai
ORD-2024-008259,2/6/2024 11:55,Martabak,3780000,1.051691375,5,5,Enak bgt!!!!,FALSE,Rendah,Selesai
ORD-2024-008260,13/03/2024 13:14,Martabak,23000,0.5,21,4,Rekomendasi deh,FALSE,Tidak Ada,Dibatalkan
ORD-2024-008261,1/1/2024 18:23,Ayam,73500,0.657232446,27,,,FALSE,Rendah,Selesai
ORD-2024-008262,28/03/2024 20:38,Ayam,53000,,5,,,TRUE,Tidak Ada,Selesai
ORD-2024-008263,3/18/2024 13:42,Martabak,30500,1.152551492,12,4,Top bgt kualitasnya,TRUE,Tidak Ada,Selesai
ORD-2024-008264,1/27/2024 19:29,Ayam,945500,5.2440089,41,,,TRUE,Rendah,Selesai
ORD-2024-008265,3/21/2024 11:08,Mie,23500,3.162606698,29,,,TRUE,Rendah,Selesai
ORD-2024-008266,1/31/2024 11:42,Ayam,20000,0.555306378,10,4,Wow enak bgt,TRUE,Tidak Ada,Selesai
ORD-2024-008267,1/31/2024 1:06,Martabak,53500,4.665157736,22,3,Lumayan,TRUE,Rendah,Selesai
ORD-2024-008268,1/25/2024 17:11,Kopi,16000,2.104868187,8,5,Buruan order!11,TRUE,Tidak Ada,Selesai
ORD-2024-008269,14/03/2024 13:45,Martabak,38000,2.15671602,10,5,Rekomendasi deh,FALSE,Tidak Ada,Selesai
ORD-2024-008270,22/01/2024 12:11,Martabak,20500,1.34877853,5,4,Mantap gan!,FALSE,Tidak Ada,Selesai
ORD-2024-008271,1/5/2024 18:33,Ayam,68000,5.998928366,30,4,Driver ramah,TRUE,Tidak Ada,Refund
ORD-2024-008272,1/3/2024 13:13,Ayam,82500,1.149616962,23,3,Gapapa,TRUE,Tinggi,Selesai
ORD-2024-008273,1/14/2024 11:33,Ayam,50500,0.5,11,4,Puas bgt,TRUE,Rendah,Selesai
ORD-2024-008274,2/26/2024 6:30,Kopi,12000,,22,5,Sesuai pesanan,FALSE,Tidak Ada,Selesai
ORD-2024-008275,29/01/2024 03:27,Kopi,16000,3.769522146,16,4,Nggg enak 😋,FALSE,Tidak Ada,Selesai
ORD-2024-008276,3/11/2024 14:41,Martabak,13500,3.215168206,9,5,Buruan order!!11,FALSE,Tidak Ada,Selesai
ORD-2024-008277,3/20/2024 19:13,Kopi,16500,0.624828192,25,5,Sesuai pesanan,FALSE,Tidak Ada,Selesai
ORD-2024-008278,14/01/2024 17:59,Kopi,20000,0.5,17,5,Mantap gan!,FALSE,Tidak Ada,Selesai
ORD-2024-008279,2/8/2024 12:34,Kopi,16500,3.244077771,35,4,Makanan hangat sampai,TRUE,Tidak Ada,Selesai
ORD-2024-008280,22/03/2024 14:56,Ayam,46500,,21,4,Makasih ya,FALSE,Tidak Ada,Selesai
ORD-2024-008281,3/10/2024 12:50,Ayam,60500,1.36782712,32,4,Cepat sampai,FALSE,Tidak Ada,Selesai
ORD-2024-008282,3/26/2024 13:25,Mie,30000,5.5507356,22,,,TRUE,Tidak Ada,Selesai
ORD-2024-008283,2/16/2024 11:28,Mie,14500,11.47825213,51,,,FALSE,Tinggi,Selesai
ORD-2024-008284,1/2/2024 12:58,Ayam,53000,0.690675287,18,3,Standar lah,TRUE,Tidak Ada,Selesai
ORD-2024-008285,3/5/2024 18:58,Kopi,27000,2.581636685,17,3,Biasa saja,FALSE,Tinggi,Selesai
ORD-2024-008286,1/13/2024 16:01,Mie,16500,0.5,13,4,Mantap gan!,FALSE,Rendah,Selesai
ORD-2024-008287,1/23/2024 18:33,Kopi,16000,,37,5,Makanan hangat sampai,FALSE,Tidak Ada,Selesai
ORD-2024-008288,1/18/2024 17:17,Ayam,84000,1.604751083,21,,,FALSE,Tidak Ada,Selesai
ORD-2024-008289,3/11/2024 10:32,Ayam,70000,0.644295843,11,,,FALSE,Tidak Ada,Dibatalkan
ORD-2024-008290,1/29/2024 19:27,Kopi,14500,4.185665338,39,5,Makasih ya,FALSE,Rendah,Selesai
ORD-2024-008291,2/11/2024 7:13,Mie,27500,4.992455323,29,3,Gapapa,FALSE,Tidak Ada,Selesai
ORD-2024-008292,1/3/2024 20:43,Martabak,30000,0.5,14,4,Makanan hangat sampai,FALSE,Tidak Ada,Selesai
ORD-2024-008293,3/23/2024 22:25,Ayam,39000,0.5,11,,,FALSE,Rendah,Selesai
ORD-2024-008294,1/30/2024 11:45,Ayam,50500,1.219750187,13,3,Standar lah,FALSE,Rendah,Refund
ORD-2024-008295,1/14/2024 18:21,Martabak,28000,2.950421968,31,5,Enak bgt,FALSE,Rendah,Selesai
ORD-2024-008296,1/4/2024 20:13,Mie,27000,4.731195731,37,5,Rekomendasi deh,TRUE,Tidak Ada,Selesai
ORD-2024-008297,1/25/2024 11:14,Martabak,24500,2.369387245,33,5,Makanan hangat sampai,TRUE,Tidak Ada,Selesai
ORD-2024-008298,1/10/2024 0:49,Martabak,20500,2.607854879,21,,,TRUE,Tinggi,Selesai
ORD-2024-008299,21/03/2024 00:26,Ayam,51000,4.826187817,20,5,Top bgt kualitasnya,TRUE,Tidak Ada,Selesai
ORD-2024-008300,3/15/2024 11:57,Mie,38000,2.257694104,23,4,Driver ramah,TRUE,Tidak Ada,Selesai
ORD-2024-008301,17/02/2024 17:30,Martabak,30500,2.833719484,17,5,Driver ramah,TRUE,Tidak Ada,Selesai
ORD-2024-008302,2/20/2024 13:28,Ayam,46000,2.178358568,21,5,Makanan hangat sampai,TRUE,Rendah,Selesai
ORD-2024-008303,2/8/2024 19:59,Martabak,35500,6.372268371,48,3,Lumayan,FALSE,Tidak Ada,Selesai
ORD-2024-008304,2/16/2024 10:03,Ayam,49000,0.805664975,22,,,TRUE,Tidak Ada,Selesai
ORD-2024-008305,2/12/2024 18:42,Ayam,83000,0.919549331,24,,,FALSE,Rendah,Selesai
ORD-2024-008306,1/29/2024 20:39,Ayam,51500,0.5,14,5,Mantap gan!,TRUE,Rendah,Selesai
ORD-2024-008307,1/4/2024 5:58,Ayam,63000,5.135520948,33,4,Top bgt kualitasnya,FALSE,Tidak Ada,Selesai
ORD-2024-008308,1/5/2024 20:35,Ayam,39000,1.591948936,12,,,FALSE,Tidak Ada,Selesai
ORD-2024-008309,18/03/2024 12:20,Kopi,18500,1.282644189,5,,,TRUE,Tidak Ada,Selesai
ORD-2024-008310,2/11/2024 11:36,Kopi,17500,11.94552104,58,4,Nggg enak 😋,FALSE,Tidak Ada,Selesai
ORD-2024-008311,2/23/2024 19:17,Kopi,16500,7.843817546,37,3,Biasa saja,FALSE,Rendah,Selesai
ORD-2024-008312,2/27/2024 23:44,Ayam,43000,10.72533282,56,,,TRUE,Tinggi,Selesai
ORD-2024-008313,11/1/2024 14:16,Ayam,41000,0.5,29,5,Cepat sampai,TRUE,Tidak Ada,Selesai
ORD-2024-008314,5/1/2024 8:03,Martabak,32000,6.656160845,24,4,Makanan hangat sampai,FALSE,Tidak Ada,Selesai
ORD-2024-008315,2/16/2024 11:59,Kopi,19000,1.195660344,23,4,Nggg enak 😋,FALSE,Tidak Ada,Selesai
ORD-2024-008316,2/23/2024 19:00,Ayam,49500,0.5,5,5,Sesuai pesanan,TRUE,Tidak Ada,Selesai
ORD-2024-008317,1/7/2024 14:41,Mie,28000,1.489281029,21,5,Makasih ya,FALSE,Tidak Ada,Selesai
ORD-2024-008318,17/03/2024 21:15,Martabak,29500,,23,5,Enak bgt,FALSE,Tidak Ada,Selesai
ORD-2024-008319,1/4/2024 13:55,Mie,26500,0.5,5,5,Nggg enak 😋,FALSE,Tidak Ada,Selesai
ORD-2024-008320,1/5/2024 11:24,Kopi,15500,,22,4,Mantap gan!,FALSE,Tidak Ada,Selesai
ORD-2024-008321,3/14/2024 13:50,Ayam,52000,5.135468316,22,,,FALSE,Tidak Ada,Selesai
ORD-2024-008322,25/02/2024 21:16,Martabak,4371500,1.422762514,25,5,Driver ramah,TRUE,Tidak Ada,Selesai
ORD-2024-008323,1/2/2024 13:02,Ayam,96500,1.30458045,18,5,Puas bgt,FALSE,Tidak Ada,Selesai
ORD-2024-008324,2/22/2024 13:16,Kopi,12000,1.241144018,31,5,Rekomendasi deh,FALSE,Tidak Ada,Selesai
ORD-2024-008325,8/3/2024 9:46,Ayam,66000,7.69553154,21,5,Wow enak bgt,TRUE,Rendah,Selesai
ORD-2024-008326,14/02/2024 14:01,Mie,25000,0.5,5,5,Rekomendasi deh,TRUE,Tidak Ada,Selesai
ORD-2024-008327,3/11/2024 18:55,Ayam,66500,1.766773102,14,,,TRUE,Tidak Ada,Selesai
ORD-2024-008328,18/01/2024 14:03,Mie,3272000,0.922019904,20,,,TRUE,Tidak Ada,Selesai
ORD-2024-008329,3/8/2024 14:38,Mie,33500,6.727491974,39,4,Makanan hangat sampai,TRUE,Tidak Ada,Selesai
ORD-2024-008330,12/1/2024 3:10,Kopi,15000,0.5,15,4,Top bgt kualitasnya,FALSE,Tidak Ada,Selesai
ORD-2024-008331,2/19/2024 19:03,Martabak,23000,1.590243312,11,,,FALSE,Tidak Ada,Selesai
ORD-2024-008332,2/17/2024 21:01,Martabak,32500,1.566752693,5,4,Akan order lg nih,TRUE,Tidak Ada,Selesai
ORD-2024-008333,13/02/2024 14:55,Mie,18500,6.578352625,28,5,Mantap gan!,FALSE,Tidak Ada,Selesai
ORD-2024-008334,1/10/2024 8:04,Kopi,19000,0.728101054,23,4,Makanan hangat sampai,FALSE,Tidak Ada,Selesai
ORD-2024-008335,5/2/2024 20:54,Martabak,21000,3.106028742,17,5,Puas bgt,TRUE,Rendah,Selesai
ORD-2024-008336,25/03/2024 18:52,Kopi,15000,0.5,16,4,Driver ramah,TRUE,Tidak Ada,Selesai
ORD-2024-008337,1/13/2024 18:49,Mie,16000,9.235758201,46,3,Standar lah,TRUE,Tinggi,Selesai
ORD-2024-008338,2/1/2024 14:25,Kopi,28500,2.696936548,23,5,Wow enak bgt,FALSE,Tidak Ada,Selesai
ORD-2024-008339,2/16/2024 14:06,Kopi,9500,2.952558486,10,4,Makanan hangat sampai,TRUE,Tidak Ada,Selesai
ORD-2024-008340,2/7/2024 14:18,Martabak,30000,1.706282791,26,5,Nggg enak 😋,TRUE,Tidak Ada,Selesai
ORD-2024-008341,3/23/2024 18:16,Mie,2766000,1.256940283,16,5,Akan order lg nih,TRUE,Tidak Ada,Selesai
ORD-2024-008342,3/26/2024 18:32,Kopi,12500,0.717347913,37,4,Puas bgt,FALSE,Tidak Ada,Selesai
ORD-2024-008343,1/12/2024 7:55,Ayam,74500,2.778930431,15,4,Enak bgt!!,FALSE,Tidak Ada,Selesai
ORD-2024-008344,2/4/2024 21:43,Kopi,500,9.274202746,55,1,"Narik duit banyak😡",FALSE,Tinggi,Selesai
ORD-2024-008345,3/17/2024 5:49,Mie,35500,1.337881565,11,5,Rekomendasi deh,FALSE,Tidak Ada,Selesai
ORD-2024-008346,2/11/2024 2:45,Martabak,37000,6.440769518,45,4,Driver ramah,TRUE,Tidak Ada,Selesai
ORD-2024-008347,8/2/2024 18:19,Mie,27500,0.5,21,5,Makasih ya,FALSE,Rendah,Refund
ORD-2024-008348,3/14/2024 12:21,Ayam,55500,8.252529639,29,4,Buruan order!!!11,TRUE,Tidak Ada,Selesai
ORD-2024-008349,10/3/2024 14:15,Kopi,15000,1.294593975,30,4,Wow enak bgt,TRUE,Tidak Ada,Selesai
ORD-2024-008350,15/03/2024 13:35,Martabak,23000,1.432787749,25,,,FALSE,Tidak Ada,Selesai
ORD-2024-008351,3/5/2024 17:41,Mie,34500,1.864390437,14,,,FALSE,Tinggi,Selesai
ORD-2024-008352,3/2/2024 20:26,Ayam,1500,3.800144367,10,4,Akan order lg nih,TRUE,Tidak Ada,Selesai
ORD-2024-008353,3/14/2024 18:28,Mie,35000,3.815186113,37,,,TRUE,Tidak Ada,Selesai
ORD-2024-008354,2/1/2024 12:22,Kopi,15500,1.959406791,36,5,Akan order lg nih,FALSE,Tidak Ada,Selesai
ORD-2024-008355,3/9/2024 20:08,Ayam,33000,2.221678149,31,5,Makanan hangat sampai,FALSE,Tidak Ada,Selesai
ORD-2024-008356,2/27/2024 14:51,Ayam,47500,0.5,22,3,Yaudah minum teh,TRUE,Rendah,Selesai
ORD-2024-008357,3/29/2024 1:44,Ayam,38000,,18,5,Driver ramah,FALSE,Tidak Ada,Selesai
ORD-2024-008358,16/01/2024 19:10,Kopi,21500,1.274022106,27,,,FALSE,Tidak Ada,Selesai
ORD-2024-008359,1/17/2024 12:07,Ayam,53000,2.454276469,18,5,Wow enak bgt,TRUE,Tidak Ada,Selesai
ORD-2024-008360,3/15/2024 17:33,Ayam,40000,2.451371501,5,4,Enak bgt,FALSE,Tinggi,Selesai
ORD-2024-008361,2/27/2024 11:01,Mie,16000,3.712586672,33,5,Makanan hangat sampai,TRUE,Rendah,Selesai
ORD-2024-008362,3/24/2024 18:50,Ayam,43500,,29,5,Buruan order!11,FALSE,Tidak Ada,Selesai
ORD-2024-008363,3/24/2024 13:31,Ayam,72000,0.804464819,5,5,Nggg enak 😋,FALSE,Tidak Ada,Selesai
ORD-2024-008364,5/2/2024 15:30,Kopi,17000,4.411470005,6,5,Puas bgt,FALSE,Tidak Ada,Selesai
ORD-2024-008365,15/01/2024 13:51,Kopi,1140000,0.5,15,,,TRUE,Rendah,Dibatalkan
ORD-2024-008366,29/02/2024 01:08,Martabak,28500,3.778053659,20,4,Makasih ya,FALSE,Tidak Ada,Selesai
ORD-2024-008367,1/3/2024 11:23,Kopi,20500,,11,5,Rekomendasi deh,TRUE,Rendah,Selesai
ORD-2024-008368,2/6/2024 13:29,Martabak,38500,3.924093709,32,,,FALSE,Tidak Ada,Selesai
ORD-2024-008369,17/02/2024 18:31,Martabak,36000,2.246728754,13,4,Mantap gan!,FALSE,Tidak Ada,Selesai
ORD-2024-008370,2/4/2024 17:17,Ayam,67500,1.724783391,25,3,OK,FALSE,Tidak Ada,Selesai
ORD-2024-008371,13/02/2024 20:30,Ayam,40000,3.520004819,31,5,Buruan order!11,FALSE,Tidak Ada,Dibatalkan
ORD-2024-008372,3/27/2024 18:52,Kopi,15500,0.5,5,5,Buruan order!!11,FALSE,Tidak Ada,Selesai
ORD-2024-008373,24/01/2024 13:01,Kopi,12500,0.758761265,14,5,Makanan hangat sampai,TRUE,Tidak Ada,Selesai
ORD-2024-008374,1/28/2024 21:28,Martabak,28500,2.874778764,24,5,Buruan order!11,FALSE,Tidak Ada,Selesai
ORD-2024-008375,3/1/2024 12:30,Kopi,19500,5.636178708,39,5,Enak bgt,TRUE,Tidak Ada,Selesai
ORD-2024-008376,27/03/2024 21:31,Kopi,17000,1.43947173,22,,,TRUE,Tidak Ada,Dibatalkan
ORD-2024-008377,3/12/2024 19:53,Ayam,73500,0.898298419,5,,,FALSE,Tidak Ada,Selesai
ORD-2024-008378,3/23/2024 12:01,Ayam,32500,2.194020625,21,3,Lumayan,FALSE,Tinggi,Selesai
ORD-2024-008379,2/24/2024 17:01,Kopi,18500,2.921086297,20,5,Puas bgt,TRUE,Rendah,Dibatalkan
ORD-2024-008380,2/29/2024 19:16,Kopi,11000,1.634714495,28,,,FALSE,Tidak Ada,Selesai
ORD-2024-008381,3/17/2024 9:12,Kopi,17000,6.279664536,19,4,Cepat sampai,FALSE,Tidak Ada,Selesai
ORD-2024-008382,8/1/2024 19:53,Ayam,64000,2.223476809,20,3,Yaudah minum teh,TRUE,Rendah,Selesai
ORD-2024-008383,2/25/2024 20:31,Martabak,28500,0.5,22,,,FALSE,Tidak Ada,Selesai
ORD-2024-008384,3/28/2024 18:17,Mie,30000,0.757153112,22,4,Makasih ya,FALSE,Tidak Ada,Selesai
ORD-2024-008385,2/6/2024 17:37,Ayam,35500,1.797042339,17,,,FALSE,Tidak Ada,Selesai
ORD-2024-008386,28/03/2024 19:01,Kopi,9500,3.589259391,36,5,Akan order lg nih,FALSE,Tidak Ada,Dibatalkan
ORD-2024-008387,3/1/2024 10:38,Mie,30000,0.744431321,6,4,Makasih ya,TRUE,Tinggi,Selesai
ORD-2024-008388,1/13/2024 17:22,Ayam,80500,11.22145815,59,3,Gapapa,FALSE,Rendah,Selesai
ORD-2024-008389,3/8/2024 12:13,Kopi,12500,1.15063355,25,5,Mantap gan!,FALSE,Tidak Ada,Selesai
ORD-2024-008390,1/6/2024 11:12,Ayam,72000,2.280940779,7,,,FALSE,Tidak Ada,Selesai
ORD-2024-008391,2/9/2024 18:01,Martabak,30500,0.5,26,,,FALSE,Tidak Ada,Selesai
ORD-2024-008392,3/2/2024 12:53,Ayam,29000,6.48562006,20,5,Wow enak bgt,TRUE,Tidak Ada,Selesai
ORD-2024-008393,1/23/2024 8:39,Mie,18000,4.665341459,27,3,Biasa saja,FALSE,Rendah,Selesai
ORD-2024-008394,1/1/2024 14:43,Martabak,30000,0.652446339,10,,,TRUE,Tidak Ada,Selesai
ORD-2024-008395,3/19/2024 17:41,Martabak,27000,8.119804858,51,1,Makanannya dingin,FALSE,Tidak Ada,Selesai
ORD-2024-008396,2/8/2024 19:02,Martabak,20000,,19,4,Makanan hangat sampai,FALSE,Rendah,Selesai
ORD-2024-008397,14/01/2024 21:29,Kopi,9500,3.534781534,42,1,Driver gak ramah,FALSE,Tinggi,Selesai
ORD-2024-008398,2/3/2024 19:37,Kopi,0,5.12738225,41,5,Makanan hangat sampai,FALSE,Tidak Ada,Selesai
ORD-2024-008399,11/1/2024 0:51,Mie,20000,4.051791019,23,4,Makasih ya,FALSE,Tidak Ada,Selesai
ORD-2024-008400,3/13/2024 23:03,Mie,26000,7.487882797,42,3,Biasa saja,TRUE,Tidak Ada,Selesai
ORD-2024-008401,2/19/2024 21:27,Kopi,19500,5.9913682,33,,,TRUE,Tidak Ada,Selesai
ORD-2024-008402,1/20/2024 13:52,Mie,27500,15.67047252,58,2,Makanannya dingin,FALSE,Rendah,Selesai
ORD-2024-008403,1/27/2024 11:56,Kopi,19500,0.60492201,10,,,FALSE,Tidak Ada,Selesai
ORD-2024-008404,2/6/2024 16:32,Kopi,14000,1.09050228,12,2,Gajadi orderan,FALSE,Rendah,Selesai
ORD-2024-008405,3/1/2024 7:19,Kopi,16000,3.033666357,5,,,TRUE,Tidak Ada,Selesai
ORD-2024-008406,11/2/2024 12:00,Ayam,45500,3.962050087,40,5,Akan order lg nih,FALSE,Tidak Ada,Selesai
ORD-2024-008407,1/23/2024 15:50,Ayam,30500,2.294606667,16,5,Puas bgt,FALSE,Tidak Ada,Selesai
ORD-2024-008408,1/11/2024 18:13,Ayam,18500,0.5,23,5,Akan order lg nih,TRUE,Rendah,Selesai
ORD-2024-008409,1/21/2024 19:22,Kopi,13500,5.527804999,33,4,Wow enak bgt,FALSE,Rendah,Selesai
ORD-2024-008410,26/02/2024 18:17,Kopi,6000,9.722931512,32,3,Yaudah minum teh,FALSE,Rendah,Selesai
ORD-2024-008411,3/22/2024 12:44,Kopi,11500,1.560188688,18,5,Driver ramah,FALSE,Tidak Ada,Selesai
ORD-2024-008412,12/3/2024 22:31,Mie,30000,0.763950959,11,,,FALSE,Tidak Ada,Selesai
ORD-2024-008413,3/6/2024 16:36,Kopi,17500,0.5,6,5,Buruan order!11,FALSE,Tidak Ada,Selesai
ORD-2024-008414,17/03/2024 12:54,Kopi,16500,0.812667738,11,5,Nggg enak 😋,FALSE,Tidak Ada,Selesai
ORD-2024-008415,2/26/2024 14:30,Ayam,6554000,,25,4,Nggg enak 😋,TRUE,Tidak Ada,Selesai
ORD-2024-008416,3/9/2024 21:05,Ayam,71500,7.277289803,15,4,Top bgt kualitasnya,FALSE,Tidak Ada,Selesai
ORD-2024-008417,26/02/2024 18:38,Martabak,34000,0.5,17,4,Puas bgt,FALSE,Tidak Ada,Selesai
ORD-2024-008418,2/18/2024 13:06,Kopi,14500,2.417330069,27,4,Akan order lg nih,FALSE,Tidak Ada,Selesai
ORD-2024-008419,1/29/2024 11:09,Martabak,31500,3.567560458,30,,,TRUE,Rendah,Selesai
ORD-2024-008420,2/3/2024 11:29,Ayam,62500,0.970470063,13,3,Biasa saja,TRUE,Tidak Ada,Selesai
ORD-2024-008421,1/9/2024 13:15,Kopi,19500,,40,,,TRUE,Rendah,Selesai
ORD-2024-008422,2/28/2024 12:27,Ayam,64500,3.768414447,30,5,Makanan hangat sampai,FALSE,Rendah,Selesai
ORD-2024-008423,1/13/2024 14:14,Ayam,45500,5.45528213,28,3,Gapapa,FALSE,Tinggi,Selesai
ORD-2024-008424,4/1/2024 12:23,Ayam,43500,1.807177634,7,4,Rekomendasi deh,TRUE,Tidak Ada,Selesai
ORD-2024-008425,3/25/2024 11:46,Ayam,25000,4.133279281,14,5,Cepat sampai,TRUE,Tidak Ada,Selesai
ORD-2024-008426,17/02/2024 18:56,Ayam,60500,1.077675887,20,,,FALSE,Tinggi,Selesai
ORD-2024-008427,3/2/2024 11:46,Ayam,69500,0.718759293,22,5,Puas bgt,FALSE,Tinggi,Refund
ORD-2024-008428,3/26/2024 8:36,Mie,37500,0.622230466,13,5,Makanan hangat sampai,FALSE,Tidak Ada,Selesai
ORD-2024-008429,27/02/2024 17:51,Ayam,56500,1.333581886,16,5,Enak bgt!!,TRUE,Tidak Ada,Dibatalkan
ORD-2024-008430,1/1/2024 11:45,Ayam,38500,0.5,11,4,Puas bgt,FALSE,Tidak Ada,Selesai
ORD-2024-008431,2/26/2024 12:15,Ayam,23000,0.998004163,20,4,Mantap gan!,FALSE,Tidak Ada,Selesai
ORD-2024-008432,22/03/2024 02:53,Kopi,21000,3.168579913,13,5,Mantap gan!,TRUE,Tidak Ada,Selesai
ORD-2024-008433,1/13/2024 9:36,Ayam,21500,3.13168245,19,5,Makasih ya,TRUE,Tidak Ada,Selesai
ORD-2024-008434,1/10/2024 17:39,Mie,23500,0.5,15,4,Nggg enak 😋,TRUE,Tidak Ada,Selesai
ORD-2024-008435,1/21/2024 21:57,Mie,24500,1.016570825,21,4,Cepat sampai,TRUE,Tidak Ada,Selesai
ORD-2024-008436,1/1/2024 18:33,Ayam,50500,2.528825737,13,4,Mantap gan!,FALSE,Tinggi,Selesai
ORD-2024-008437,29/03/2024 20:03,Kopi,16500,1.150606604,7,5,Wow enak bgt,FALSE,Tidak Ada,Selesai
ORD-2024-008438,2/10/2024 8:15,Ayam,54000,1.623792763,15,,,FALSE,Tidak Ada,Selesai
ORD-2024-008439,6/1/2024 15:05,Martabak,2298000,3.742841693,23,,,FALSE,Rendah,Selesai
ORD-2024-008440,1/4/2024 1:19,Kopi,19500,0.5,11,,,FALSE,Tidak Ada,Selesai
ORD-2024-008441,2/10/2024 2:45,Ayam,14000,,5,5,Driver ramah,FALSE,Tidak Ada,Selesai
ORD-2024-008442,11/2/2024 20:03,Ayam,26000,0.5,17,5,Enak bgttt,TRUE,Tidak Ada,Selesai
ORD-2024-008443,3/2/2024 18:51,Martabak,20500,0.5,38,,,FALSE,Tidak Ada,Selesai
ORD-2024-008444,2/5/2024 15:31,Kopi,9000,9.585493748,46,4,Makanan hangat sampai,FALSE,Tidak Ada,Selesai
ORD-2024-008445,7/1/2024 8:58,Ayam,47000,1.417509844,5,,,TRUE,Tidak Ada,Selesai
ORD-2024-008446,2/12/2024 19:30,Martabak,31500,2.246541573,16,,,FALSE,Tidak Ada,Selesai
ORD-2024-008447,2/4/2024 13:25,Kopi,11000,,24,,,FALSE,Tidak Ada,Selesai
ORD-2024-008448,1/8/2024 19:42,Mie,24500,,11,4,Makanan hangat sampai,FALSE,Tidak Ada,Selesai
ORD-2024-008449,2/23/2024 23:48,Ayam,55000,0.827349987,5,5,Puas bgt,FALSE,Tidak Ada,Selesai
ORD-2024-008450,2/3/2024 23:33,Martabak,35000,5.35401412,19,5,Buruan order!11,FALSE,Tidak Ada,Dibatalkan
ORD-2024-008451,3/4/2024 11:19,Martabak,31000,5.941300727,42,4,Nggg enak 😋,TRUE,Rendah,Selesai
ORD-2024-008452,13/01/2024 19:35,Ayam,57000,1.400191395,24,5,Driver ramah,FALSE,Tidak Ada,Selesai
ORD-2024-008453,3/13/2024 19:22,Martabak,29500,1.40934664,16,,,FALSE,Tidak Ada,Selesai
ORD-2024-008454,3/12/2024 14:47,Kopi,12000,4.242808655,36,5,Wow enak bgt,TRUE,Tidak Ada,Selesai
ORD-2024-008455,2/11/2024 8:17,Mie,20500,1.048971281,8,5,Nggg enak 😋,FALSE,Tidak Ada,Selesai
ORD-2024-008456,2/8/2024 8:47,Ayam,29500,0.5,9,4,Wow enak bgt,TRUE,Tidak Ada,Selesai
ORD-2024-008457,2/3/2024 23:25,Martabak,41000,0.893340462,10,5,Mantap gan!,TRUE,Tidak Ada,Selesai
ORD-2024-008458,3/1/2024 17:44,Kopi,10500,1.469858608,5,5,Mantap gan!,FALSE,Tidak Ada,Selesai
ORD-2024-008459,1/9/2024 11:14,Mie,32500,0.5,11,,,FALSE,Tidak Ada,Selesai
ORD-2024-008460,3/25/2024 18:26,Ayam,27000,1.95417513,35,5,Buruan order!11,FALSE,Tidak Ada,Selesai
ORD-2024-008461,3/20/2024 14:02,Mie,31500,4.041307631,41,,,FALSE,Tidak Ada,Selesai
ORD-2024-008462,1/9/2024 21:42,Mie,33000,,21,3,Yaudah minum teh,FALSE,Rendah,Selesai
ORD-2024-008463,1/20/2024 0:28,Ayam,71000,0.5,10,5,Enak bgttt,TRUE,Tidak Ada,Selesai
ORD-2024-008464,1/11/2024 17:02,Mie,18500,1.740257189,35,,,TRUE,Tinggi,Selesai
ORD-2024-008465,2/3/2024 13:36,Mie,27000,3.702312774,23,4,Buruan order!!11,FALSE,Tidak Ada,Selesai
ORD-2024-008466,1/29/2024 20:25,Ayam,41500,0.5,9,4,Mantap gan!,FALSE,Tidak Ada,Selesai
ORD-2024-008467,3/28/2024 13:07,Kopi,12500,,23,4,Cepat sampai,TRUE,Tidak Ada,Selesai
ORD-2024-008468,1/11/2024 11:50,Kopi,16500,1.388971571,5,5,Top bgt kualitasnya,FALSE,Tidak Ada,Selesai
ORD-2024-008469,11/1/2024 14:22,Ayam,65000,0.650604713,13,,,FALSE,Rendah,Selesai
ORD-2024-008470,9/3/2024 0:57,Ayam,41500,8.190003725,34,5,Makanan hangat sampai,FALSE,Tidak Ada,Selesai
ORD-2024-008471,3/11/2024 13:23,Ayam,57000,2.612114256,26,5,Driver ramah,FALSE,Tidak Ada,Selesai
ORD-2024-008472,1/14/2024 20:58,Ayam,36500,1.01619103,10,5,Nggg enak 😋,FALSE,Tidak Ada,Selesai
ORD-2024-008473,1/6/2024 20:08,Kopi,12000,3.660070075,24,,,TRUE,Tidak Ada,Selesai
ORD-2024-008474,1/21/2024 5:35,Ayam,46000,1.409670354,15,4,Makasih ya,TRUE,Rendah,Selesai
ORD-2024-008475,16/03/2024 08:13,Mie,24000,0.5,9,2,Paket berantakan,TRUE,Rendah,Dibatalkan
ORD-2024-008476,3/16/2024 3:23,Martabak,35000,0.812404975,11,,,FALSE,Rendah,Selesai
ORD-2024-008477,1/23/2024 19:31,Ayam,30500,3.087935583,31,4,Wow enak bgt,FALSE,Tinggi,Dibatalkan
ORD-2024-008478,2/24/2024 14:58,Martabak,46000,0.5,19,,,FALSE,Tidak Ada,Selesai
ORD-2024-008479,1/7/2024 21:36,Martabak,629500,0.955203488,20,,,FALSE,Tidak Ada,Selesai
ORD-2024-008480,1/6/2024 13:51,Mie,3224500,0.700761733,5,4,Akan order lg nih,TRUE,Tidak Ada,Selesai
ORD-2024-008481,21/03/2024 12:37,Ayam,21500,0.673690342,19,4,Enak bgttt,FALSE,Rendah,Selesai
ORD-2024-008482,3/10/2024 12:42,Ayam,40500,3.44431289,16,5,Top bgt kualitasnya,FALSE,Tidak Ada,Selesai
ORD-2024-008483,2/21/2024 1:34,Mie,25000,5.242944991,42,5,Makasih ya,TRUE,Tidak Ada,Dibatalkan
ORD-2024-008484,1/2/2024 17:02,Mie,30500,3.774934384,26,5,Makasih ya,FALSE,Rendah,Selesai
ORD-2024-008485,25/03/2024 11:54,Martabak,36000,3.113069338,21,,,FALSE,Tidak Ada,Selesai
ORD-2024-008486,1/22/2024 23:41,Martabak,28500,,44,3,Lumayan,FALSE,Rendah,Selesai
ORD-2024-008487,2/28/2024 13:59,Ayam,57000,0.5,25,5,Mantap gan!,FALSE,Tidak Ada,Selesai
ORD-2024-008488,20/03/2024 11:25,Kopi,11000,0.549905221,12,5,Driver ramah,FALSE,Tidak Ada,Selesai
ORD-2024-008489,1/10/2024 20:09,Ayam,48500,1.60539007,6,,,FALSE,Rendah,Selesai
ORD-2024-008490,2/14/2024 20:59,Ayam,58000,1.397803646,5,,,FALSE,Tidak Ada,Selesai
ORD-2024-008491,2/19/2024 1:08,Mie,10000,1.6241205,6,4,Driver ramah,FALSE,Tidak Ada,Selesai
ORD-2024-008492,18/02/2024 18:59,Ayam,53000,0.693734731,18,5,Driver ramah,TRUE,Tidak Ada,Selesai
ORD-2024-008493,3/20/2024 13:55,Kopi,16000,0.5,12,2,😠😠😠,TRUE,Tinggi,Dibatalkan
ORD-2024-008494,3/11/2024 0:24,Mie,35000,2.135114424,9,4,Makasih ya,FALSE,Tidak Ada,Selesai
ORD-2024-008495,19/03/2024 20:52,Ayam,54500,7.895456781,37,4,Top bgt kualitasnya,TRUE,Tidak Ada,Selesai
ORD-2024-008496,24/03/2024 15:58,Mie,29500,1.492590516,28,5,Puas bgt,FALSE,Tidak Ada,Selesai
ORD-2024-008497,9/3/2024 20:56,Mie,24000,0.5,25,,,TRUE,Tidak Ada,Selesai
ORD-2024-008498,1/8/2024 20:00,Kopi,19000,3.674234602,42,3,OK,FALSE,Tinggi,Dibatalkan
ORD-2024-008499,3/10/2024 13:15,Ayam,61000,1.032143178,9,,,FALSE,Tidak Ada,Selesai
ORD-2024-008500,3/13/2024 11:48,Ayam,29500,0.843490125,23,5,Makanan hangat sampai,TRUE,Tidak Ada,Selesai
